target_id,pdb_id,chain_id,model,rank,output_pdb,success,return_code,inference_time_sec,inference_time_sec_per_prediction,prediction_count,trials_run,max_trials,successful_trial,command,error_message,msa_used,msa_source,msa_mode,msa_database,msa_database_path,msa_generation_included_in_timing,msa_generation_included_in_carbon,msa_reused,shared_msa_metadata_file,shared_msa_dir,shared_msa_a3m_file,msa_generation_time_sec,msa_notes,msa_feature_runtime_sec,msa_feature_carbon_emissions_g,msa_feature_energy_consumed_kwh,af2_inference_runtime_sec,af2_inference_carbon_emissions_g,af2_inference_energy_consumed_kwh,total_runtime_sec,total_carbon_emissions_g,total_energy_consumed_kwh,af2_db_preset,af2_model_preset,af2_params_dir,af2_data_dir,af2_features_dir,carbon_tracking_enabled,carbon_method,carbon_country_iso_code,carbon_region,carbon_intensity_mode,carbon_intensity_g_per_kwh,carbon_intensity_source,carbon_emissions_kg,carbon_emissions_g,carbon_energy_consumed_kwh,carbon_cpu_power_w,carbon_gpu_power_w,carbon_ram_power_w,carbon_cpu_energy_kwh,carbon_gpu_energy_kwh,carbon_ram_energy_kwh,carbon_duration_sec,carbon_output_file,carbon_error
T1104,7ROA,A,esmfold,1,results/2026-06-09-combine-8models-gpu/predictions/T1104/esmfold/rank_001.pdb,true,0,49.127719905925915,49.127719905925915,1,,,,bash runners/run_esmfold.sh results/2026-06-09-combine-8models-gpu/sequences/T1104.fasta results/2026-06-09-combine-8models-gpu/predictions/T1104/esmfold 1,,,,,,,,,,,,,,runner CodeCarbon output: results/2026-06-09-combine-8models-gpu/predictions/T1104/esmfold/carbon/T1104_esmfold_inference_emissions.csv,,,,,,,49.127719905925915,0.8889740224945716,0.0018715242578833085,,,,,,true,offline,WORLD,world,constant,475.0,configurable_default_world_average,0.0008889740224945716,0.8889740224945716,0.0018715242578833085,24.670979734320653,96.32282464214707,70.0,0.00016172517150667135,0.0012422062715415905,0.0004675928148350474,47.459373604971915,,
T1106s1,7QIH,B,esmfold,1,results/2026-06-09-combine-8models-gpu/predictions/T1106s1/esmfold/rank_001.pdb,true,0,48.33513295999728,48.33513295999728,1,,,,bash runners/run_esmfold.sh results/2026-06-09-combine-8models-gpu/sequences/T1106s1.fasta results/2026-06-09-combine-8models-gpu/predictions/T1106s1/esmfold 1,,,,,,,,,,,,,,runner CodeCarbon output: results/2026-06-09-combine-8models-gpu/predictions/T1106s1/esmfold/carbon/T1106s1_esmfold_inference_emissions.csv,,,,,,,48.33513295999728,0.8684956945664736,0.001828411988560997,,,,,,true,offline,WORLD,world,constant,475.0,configurable_default_world_average,0.0008684956945664736,0.8684956945664736,0.001828411988560997,22.923010752423917,94.74114060365103,70.0,0.00015220678361638584,0.0012038034630421635,0.0004724017419024474,46.65200718701817,,
T1106s2,7QIH,A,esmfold,1,results/2026-06-09-combine-8models-gpu/predictions/T1106s2/esmfold/rank_001.pdb,true,0,46.47118355915882,46.47118355915882,1,,,,bash runners/run_esmfold.sh results/2026-06-09-combine-8models-gpu/sequences/T1106s2.fasta results/2026-06-09-combine-8models-gpu/predictions/T1106s2/esmfold 1,,,,,,,,,,,,,,runner CodeCarbon output: results/2026-06-09-combine-8models-gpu/predictions/T1106s2/esmfold/carbon/T1106s2_esmfold_inference_emissions.csv,,,,,,,46.47118355915882,0.8291640254696412,0.0017456084746729288,,,,,,true,offline,WORLD,world,constant,475.0,configurable_default_world_average,0.0008291640254696412,0.8291640254696412,0.0017456084746729288,20.788366803,96.10754974544083,70.0,0.00013243660088580237,0.0011580123152974409,0.0004551595584896859,44.79815481696278,,
T1112,8ORK,AAA,esmfold,1,results/2026-06-09-combine-8models-gpu/predictions/T1112/esmfold/rank_001.pdb,true,0,83.51125753810629,83.51125753810629,1,,,,bash runners/run_esmfold.sh results/2026-06-09-combine-8models-gpu/sequences/T1112.fasta results/2026-06-09-combine-8models-gpu/predictions/T1112/esmfold 1,,,,,,,,,,,,,,runner CodeCarbon output: results/2026-06-09-combine-8models-gpu/predictions/T1112/esmfold/carbon/T1112_esmfold_inference_emissions.csv,,,,,,,83.51125753810629,1.9203951618050399,0.0040429371827474525,,,,,,true,offline,WORLD,world,constant,475.0,configurable_default_world_average,0.00192039516180504,1.9203951618050399,0.0040429371827474525,19.214410732712956,134.85960879266983,70.0,0.00022028094060511444,0.0030138335221767676,0.0008088227199655697,81.81414772593416,,
T1114s1,7UTD,Q,esmfold,1,results/2026-06-09-combine-8models-gpu/predictions/T1114s1/esmfold/rank_001.pdb,true,0,51.158785317093134,51.158785317093134,1,,,,bash runners/run_esmfold.sh results/2026-06-09-combine-8models-gpu/sequences/T1114s1.fasta results/2026-06-09-combine-8models-gpu/predictions/T1114s1/esmfold 1,,,,,,,,,,,,,,runner CodeCarbon output: results/2026-06-09-combine-8models-gpu/predictions/T1114s1/esmfold/carbon/T1114s1_esmfold_inference_emissions.csv,,,,,,,51.158785317093134,0.9526684319678482,0.0020056177515112594,,,,,,true,offline,WORLD,world,constant,475.0,configurable_default_world_average,0.0009526684319678483,0.9526684319678482,0.0020056177515112594,24.263940500250012,100.53943065399925,70.0,0.00016598808939805653,0.0013520944150080538,0.00048753524710514785,49.48870641016401,,
T1114s2,7UTD,B,esmfold,1,results/2026-06-09-combine-8models-gpu/predictions/T1114s2/esmfold/rank_001.pdb,true,0,67.4103767639026,67.4103767639026,1,,,,bash runners/run_esmfold.sh results/2026-06-09-combine-8models-gpu/sequences/T1114s2.fasta results/2026-06-09-combine-8models-gpu/predictions/T1114s2/esmfold 1,,,,,,,,,,,,,,runner CodeCarbon output: results/2026-06-09-combine-8models-gpu/predictions/T1114s2/esmfold/carbon/T1114s2_esmfold_inference_emissions.csv,,,,,,,67.4103767639026,1.4471579213502261,0.0030466482554741604,,,,,,true,offline,WORLD,world,constant,475.0,configurable_default_world_average,0.001447157921350226,1.4471579213502261,0.0030466482554741604,22.3765120216846,122.28398779474078,70.0,0.0002057333782081371,0.0021868042494421758,0.0006541106278238456,65.74099078704603,,
T1114s3,7UTD,A,esmfold,1,results/2026-06-09-combine-8models-gpu/predictions/T1114s3/esmfold/rank_001.pdb,true,0,106.91393829206936,106.91393829206936,1,,,,bash runners/run_esmfold.sh results/2026-06-09-combine-8models-gpu/sequences/T1114s3.fasta results/2026-06-09-combine-8models-gpu/predictions/T1114s3/esmfold 1,,,,,,,,,,,,,,runner CodeCarbon output: results/2026-06-09-combine-8models-gpu/predictions/T1114s3/esmfold/carbon/T1114s3_esmfold_inference_emissions.csv,,,,,,,106.91393829206936,2.585656177915397,0.005443486690348204,,,,,,true,offline,WORLD,world,constant,475.0,configurable_default_world_average,0.002585656177915397,2.585656177915397,0.005443486690348204,18.661174458093726,144.79539609443407,70.0,0.0002704203796925446,0.004157324436967258,0.0010157418736884006,105.22435099282302,,
T1120,7QVB,B,esmfold,1,results/2026-06-09-combine-8models-gpu/predictions/T1120/esmfold/rank_001.pdb,true,0,53.833198578096926,53.833198578096926,1,,,,bash runners/run_esmfold.sh results/2026-06-09-combine-8models-gpu/sequences/T1120.fasta results/2026-06-09-combine-8models-gpu/predictions/T1120/esmfold 1,,,,,,,,,,,,,,runner CodeCarbon output: results/2026-06-09-combine-8models-gpu/predictions/T1120/esmfold/carbon/T1120_esmfold_inference_emissions.csv,,,,,,,53.833198578096926,1.0287506507582735,0.0021657908437016284,,,,,,true,offline,WORLD,world,constant,475.0,configurable_default_world_average,0.0010287506507582736,1.0287506507582735,0.0021657908437016284,24.22185148738235,104.89838290088079,70.0,0.0001741279294808296,0.0014831361865077497,0.0005085267277130495,52.152092351112515,,
T1122,8BBT,A,esmfold,1,results/2026-06-09-combine-8models-gpu/predictions/T1122/esmfold/rank_001.pdb,true,0,54.14253618684597,54.14253618684597,1,,,,bash runners/run_esmfold.sh results/2026-06-09-combine-8models-gpu/sequences/T1122.fasta results/2026-06-09-combine-8models-gpu/predictions/T1122/esmfold 1,,,,,,,,,,,,,,runner CodeCarbon output: results/2026-06-09-combine-8models-gpu/predictions/T1122/esmfold/carbon/T1122_esmfold_inference_emissions.csv,,,,,,,54.14253618684597,1.028240231378536,0.0021647162765863915,,,,,,true,offline,WORLD,world,constant,475.0,configurable_default_world_average,0.0010282402313785358,1.028240231378536,0.0021647162765863915,22.159666341352946,104.21774694092402,70.0,0.0001613793521761432,0.0014873945232487529,0.0005159424011614951,52.45336148608476,,
T1129s2,8A8C,B,esmfold,1,results/2026-06-09-combine-8models-gpu/predictions/T1129s2/esmfold/rank_001.pdb,true,0,142.83895551902242,142.83895551902242,1,,,,bash runners/run_esmfold.sh results/2026-06-09-combine-8models-gpu/sequences/T1129s2.fasta results/2026-06-09-combine-8models-gpu/predictions/T1129s2/esmfold 1,,,,,,,,,,,,,,runner CodeCarbon output: results/2026-06-09-combine-8models-gpu/predictions/T1129s2/esmfold/carbon/T1129s2_esmfold_inference_emissions.csv,,,,,,,142.83895551902242,3.6701750967741846,0.007726684414261441,,,,,,true,offline,WORLD,world,constant,475.0,configurable_default_world_average,0.0036701750967741845,3.6701750967741846,0.007726684414261441,19.657080163344613,155.16290154978273,70.0,0.0003804394374161259,0.005989749514018428,0.0013564954628268928,141.1027997750789,,
T1133,8DYS,A,esmfold,1,results/2026-06-09-combine-8models-gpu/predictions/T1133/esmfold/rank_001.pdb,true,0,121.83822156186216,121.83822156186216,1,,,,bash runners/run_esmfold.sh results/2026-06-09-combine-8models-gpu/sequences/T1133.fasta results/2026-06-09-combine-8models-gpu/predictions/T1133/esmfold 1,,,,,,,,,,,,,,runner CodeCarbon output: results/2026-06-09-combine-8models-gpu/predictions/T1133/esmfold/carbon/T1133_esmfold_inference_emissions.csv,,,,,,,121.83822156186216,3.034115982271813,0.006387612594256449,,,,,,true,offline,WORLD,world,constant,475.0,configurable_default_world_average,0.003034115982271813,3.034115982271813,0.006387612594256449,18.92438183285293,149.80673348609758,70.0,0.00031240266412436806,0.004918713379412409,0.001156496550719669,120.13601331692189,,
T1134s1,7UBZ,A,esmfold,1,results/2026-06-09-combine-8models-gpu/predictions/T1134s1/esmfold/rank_001.pdb,true,0,51.67429941985756,51.67429941985756,1,,,,bash runners/run_esmfold.sh results/2026-06-09-combine-8models-gpu/sequences/T1134s1.fasta results/2026-06-09-combine-8models-gpu/predictions/T1134s1/esmfold 1,,,,,,,,,,,,,,runner CodeCarbon output: results/2026-06-09-combine-8models-gpu/predictions/T1134s1/esmfold/carbon/T1134s1_esmfold_inference_emissions.csv,,,,,,,51.67429941985756,0.9781825768146999,0.0020593317406625263,,,,,,true,offline,WORLD,world,constant,475.0,configurable_default_world_average,0.0009781825768147,0.9781825768146999,0.0020593317406625263,20.166289508525516,104.60992237458673,70.0,0.0001418995163278419,0.001411997240708729,0.0005054349836259564,49.991256741806865,,
T1134s2,7UBZ,D,esmfold,1,results/2026-06-09-combine-8models-gpu/predictions/T1134s2/esmfold/rank_001.pdb,true,0,61.30219172104262,61.30219172104262,1,,,,bash runners/run_esmfold.sh results/2026-06-09-combine-8models-gpu/sequences/T1134s2.fasta results/2026-06-09-combine-8models-gpu/predictions/T1134s2/esmfold 1,,,,,,,,,,,,,,runner CodeCarbon output: results/2026-06-09-combine-8models-gpu/predictions/T1134s2/esmfold/carbon/T1134s2_esmfold_inference_emissions.csv,,,,,,,61.30219172104262,1.2532000191476826,0.0026383158297845952,,,,,,true,offline,WORLD,world,constant,475.0,configurable_default_world_average,0.0012532000191476827,1.2532000191476826,0.0026383158297845952,22.320941644817783,112.64299541549208,70.0,0.0001875504420092559,0.0018553984287628111,0.0005953669590125275,59.63942245696671,,
T1137s1,8FEF,A,esmfold,1,results/2026-06-09-combine-8models-gpu/predictions/T1137s1/esmfold/rank_001.pdb,true,0,74.30376958590932,74.30376958590932,1,,,,bash runners/run_esmfold.sh results/2026-06-09-combine-8models-gpu/sequences/T1137s1.fasta results/2026-06-09-combine-8models-gpu/predictions/T1137s1/esmfold 1,,,,,,,,,,,,,,runner CodeCarbon output: results/2026-06-09-combine-8models-gpu/predictions/T1137s1/esmfold/carbon/T1137s1_esmfold_inference_emissions.csv,,,,,,,74.30376958590932,1.6663559075029506,0.0035081177000062117,,,,,,true,offline,WORLD,world,constant,475.0,configurable_default_world_average,0.0016663559075029506,1.6663559075029506,0.0035081177000062117,18.956801150031243,129.44582109989057,70.0,0.00019487330306290914,0.002593661241593992,0.000719583155349311,72.62713013286702,,
T1137s2,8FEF,B,esmfold,1,results/2026-06-09-combine-8models-gpu/predictions/T1137s2/esmfold/rank_001.pdb,true,0,62.35555165912956,62.35555165912956,1,,,,bash runners/run_esmfold.sh results/2026-06-09-combine-8models-gpu/sequences/T1137s2.fasta results/2026-06-09-combine-8models-gpu/predictions/T1137s2/esmfold 1,,,,,,,,,,,,,,runner CodeCarbon output: results/2026-06-09-combine-8models-gpu/predictions/T1137s2/esmfold/carbon/T1137s2_esmfold_inference_emissions.csv,,,,,,,62.35555165912956,1.317976457880564,0.0027746872797485556,,,,,,true,offline,WORLD,world,constant,475.0,configurable_default_world_average,0.001317976457880564,1.317976457880564,0.0027746872797485556,19.674702963850002,121.23197384630683,70.0,0.00016916229336309894,0.0020000335444709805,0.0006054914419144755,60.66879468085244,,
T1137s3,8FEF,C,esmfold,1,results/2026-06-09-combine-8models-gpu/predictions/T1137s3/esmfold/rank_001.pdb,true,0,100.5919012920931,100.5919012920931,1,,,,bash runners/run_esmfold.sh results/2026-06-09-combine-8models-gpu/sequences/T1137s3.fasta results/2026-06-09-combine-8models-gpu/predictions/T1137s3/esmfold 1,,,,,,,,,,,,,,runner CodeCarbon output: results/2026-06-09-combine-8models-gpu/predictions/T1137s3/esmfold/carbon/T1137s3_esmfold_inference_emissions.csv,,,,,,,100.5919012920931,2.4549181083265252,0.005168248649108474,,,,,,true,offline,WORLD,world,constant,475.0,configurable_default_world_average,0.002454918108326525,2.4549181083265252,0.005168248649108474,18.13249914897703,146.20574474089065,70.0,0.00025024718639652565,0.0039453689896262745,0.0009726324730856709,98.92145414394327,,
T1137s4,8FEF,D,esmfold,1,results/2026-06-09-combine-8models-gpu/predictions/T1137s4/esmfold/rank_001.pdb,true,0,109.26324206893332,109.26324206893332,1,,,,bash runners/run_esmfold.sh results/2026-06-09-combine-8models-gpu/sequences/T1137s4.fasta results/2026-06-09-combine-8models-gpu/predictions/T1137s4/esmfold 1,,,,,,,,,,,,,,runner CodeCarbon output: results/2026-06-09-combine-8models-gpu/predictions/T1137s4/esmfold/carbon/T1137s4_esmfold_inference_emissions.csv,,,,,,,109.26324206893332,2.718788426750808,0.00572376510894907,,,,,,true,offline,WORLD,world,constant,475.0,configurable_default_world_average,0.002718788426750808,2.718788426750808,0.00572376510894907,18.495269964013996,148.21849420048076,70.0,0.0002782134160116558,0.0043936551815892955,0.0010518965113481197,107.58864454017021,,
T1137s5,8FEF,E,esmfold,1,results/2026-06-09-combine-8models-gpu/predictions/T1137s5/esmfold/rank_001.pdb,true,0,71.22456417488866,71.22456417488866,1,,,,bash runners/run_esmfold.sh results/2026-06-09-combine-8models-gpu/sequences/T1137s5.fasta results/2026-06-09-combine-8models-gpu/predictions/T1137s5/esmfold 1,,,,,,,,,,,,,,runner CodeCarbon output: results/2026-06-09-combine-8models-gpu/predictions/T1137s5/esmfold/carbon/T1137s5_esmfold_inference_emissions.csv,,,,,,,71.22456417488866,1.574549368298056,0.0033148407753643286,,,,,,true,offline,WORLD,world,constant,475.0,configurable_default_world_average,0.001574549368298056,1.574549368298056,0.0033148407753643286,19.066273779228265,126.9644441374254,70.0,0.0001874360032824315,0.0024384133396182506,0.0006889914324636467,69.55474903713912,,
T1137s6,8FEF,F,esmfold,1,results/2026-06-09-combine-8models-gpu/predictions/T1137s6/esmfold/rank_001.pdb,true,0,100.57726841699332,100.57726841699332,1,,,,bash runners/run_esmfold.sh results/2026-06-09-combine-8models-gpu/sequences/T1137s6.fasta results/2026-06-09-combine-8models-gpu/predictions/T1137s6/esmfold 1,,,,,,,,,,,,,,runner CodeCarbon output: results/2026-06-09-combine-8models-gpu/predictions/T1137s6/esmfold/carbon/T1137s6_esmfold_inference_emissions.csv,,,,,,,100.57726841699332,2.4466932709167772,0.005150933201930058,,,,,,true,offline,WORLD,world,constant,475.0,configurable_default_world_average,0.002446693270916777,2.4466932709167772,0.005150933201930058,18.136102994709162,145.40920946231657,70.0,0.00025081000009793074,0.00392749647532753,0.0009726267265045963,98.88967222999781,,
T1137s7,8FEF,G,esmfold,1,results/2026-06-09-combine-8models-gpu/predictions/T1137s7/esmfold/rank_001.pdb,true,0,150.60653554880992,150.60653554880992,1,,,,bash runners/run_esmfold.sh results/2026-06-09-combine-8models-gpu/sequences/T1137s7.fasta results/2026-06-09-combine-8models-gpu/predictions/T1137s7/esmfold 1,,,,,,,,,,,,,,runner CodeCarbon output: results/2026-06-09-combine-8models-gpu/predictions/T1137s7/esmfold/carbon/T1137s7_esmfold_inference_emissions.csv,,,,,,,150.60653554880992,3.9649315102927503,0.008347224232195265,,,,,,true,offline,WORLD,world,constant,475.0,configurable_default_world_average,0.00396493151029275,3.9649315102927503,0.008347224232195265,17.722615016543887,160.061000824213,70.0,0.0003677522073279817,0.006529629945921656,0.001449842078945626,148.93399679590948,,
T1137s8,8FEF,I,esmfold,1,results/2026-06-09-combine-8models-gpu/predictions/T1137s8/esmfold/rank_001.pdb,true,0,54.84279743907973,54.84279743907973,1,,,,bash runners/run_esmfold.sh results/2026-06-09-combine-8models-gpu/sequences/T1137s8.fasta results/2026-06-09-combine-8models-gpu/predictions/T1137s8/esmfold 1,,,,,,,,,,,,,,runner CodeCarbon output: results/2026-06-09-combine-8models-gpu/predictions/T1137s8/esmfold/carbon/T1137s8_esmfold_inference_emissions.csv,,,,,,,54.84279743907973,1.0729749229156047,0.0022588945745591676,,,,,,true,offline,WORLD,world,constant,475.0,configurable_default_world_average,0.0010729749229156046,1.0729749229156047,0.0022588945745591676,19.946105171754823,110.28839295890597,70.0,0.00014757227182485286,0.0015916090510632586,0.0005197132516710552,53.17192703904584,,
T1137s9,8FEF,J,esmfold,1,results/2026-06-09-combine-8models-gpu/predictions/T1137s9/esmfold/rank_001.pdb,true,0,57.25600781897083,57.25600781897083,1,,,,bash runners/run_esmfold.sh results/2026-06-09-combine-8models-gpu/sequences/T1137s9.fasta results/2026-06-09-combine-8models-gpu/predictions/T1137s9/esmfold 1,,,,,,,,,,,,,,runner CodeCarbon output: results/2026-06-09-combine-8models-gpu/predictions/T1137s9/esmfold/carbon/T1137s9_esmfold_inference_emissions.csv,,,,,,,57.25600781897083,1.1531557704104671,0.002427696358758878,,,,,,true,offline,WORLD,world,constant,475.0,configurable_default_world_average,0.001153155770410467,1.1531557704104671,0.002427696358758878,19.427457441150015,111.66272289458706,70.0,0.00015401241994355156,0.001717300540505562,0.000556383398309764,55.57399137318134,,
T1145,7UWW,A,esmfold,1,results/2026-06-09-combine-8models-gpu/predictions/T1145/esmfold/rank_001.pdb,true,0,140.00354929408059,140.00354929408059,1,,,,bash runners/run_esmfold.sh results/2026-06-09-combine-8models-gpu/sequences/T1145.fasta results/2026-06-09-combine-8models-gpu/predictions/T1145/esmfold 1,,,,,,,,,,,,,,runner CodeCarbon output: results/2026-06-09-combine-8models-gpu/predictions/T1145/esmfold/carbon/T1145_esmfold_inference_emissions.csv,,,,,,,140.00354929408059,3.6400246228691926,0.007663209732356195,,,,,,true,offline,WORLD,world,constant,475.0,configurable_default_world_average,0.003640024622869193,3.6400246228691926,0.007663209732356195,17.83032924671713,158.2478529548029,70.0,0.00034016458029011116,0.005989614513909558,0.0013334306381565214,138.3321093940176,,
T1147,8EM5,A,esmfold,1,results/2026-06-09-combine-8models-gpu/predictions/T1147/esmfold/rank_001.pdb,true,0,51.603436660952866,51.603436660952866,1,,,,bash runners/run_esmfold.sh results/2026-06-09-combine-8models-gpu/sequences/T1147.fasta results/2026-06-09-combine-8models-gpu/predictions/T1147/esmfold 1,,,,,,,,,,,,,,runner CodeCarbon output: results/2026-06-09-combine-8models-gpu/predictions/T1147/esmfold/carbon/T1147_esmfold_inference_emissions.csv,,,,,,,51.603436660952866,0.9262680531326525,0.001950038006595058,,,,,,true,offline,WORLD,world,constant,475.0,configurable_default_world_average,0.0009262680531326525,0.9262680531326525,0.001950038006595058,21.517070692408172,95.6489653074697,70.0,0.0001519209282422775,0.0012923207560771033,0.0005057963222756774,49.93681743810885,,
T1151s2,8D5V,A,esmfold,1,results/2026-06-09-combine-8models-gpu/predictions/T1151s2/esmfold/rank_001.pdb,true,0,46.596769264899194,46.596769264899194,1,,,,bash runners/run_esmfold.sh results/2026-06-09-combine-8models-gpu/sequences/T1151s2.fasta results/2026-06-09-combine-8models-gpu/predictions/T1151s2/esmfold 1,,,,,,,,,,,,,,runner CodeCarbon output: results/2026-06-09-combine-8models-gpu/predictions/T1151s2/esmfold/carbon/T1151s2_esmfold_inference_emissions.csv,,,,,,,46.596769264899194,0.8388771208533085,0.0017660570965332808,,,,,,true,offline,WORLD,world,constant,475.0,configurable_default_world_average,0.0008388771208533085,0.8388771208533085,0.0017660570965332808,20.33901942937501,96.86907593658087,70.0,0.00013196039967507613,0.0011761409409096757,0.0004579557559485289,44.925405990099534,,
T1155,8PBV,A,esmfold,1,results/2026-06-09-combine-8models-gpu/predictions/T1155/esmfold/rank_001.pdb,true,0,46.55511267809197,46.55511267809197,1,,,,bash runners/run_esmfold.sh results/2026-06-09-combine-8models-gpu/sequences/T1155.fasta results/2026-06-09-combine-8models-gpu/predictions/T1155/esmfold 1,,,,,,,,,,,,,,runner CodeCarbon output: results/2026-06-09-combine-8models-gpu/predictions/T1155/esmfold/carbon/T1155_esmfold_inference_emissions.csv,,,,,,,46.55511267809197,0.8347581631139585,0.001757385606555702,,,,,,true,offline,WORLD,world,constant,475.0,configurable_default_world_average,0.0008347581631139584,0.8347581631139585,0.001757385606555702,20.215990546125013,96.2532213188777,70.0,0.00012930083322352755,0.0011709034367211046,0.0004571813366110697,44.883249392034486,,
T1157s2,8PKO,B,esmfold,1,results/2026-06-09-combine-8models-gpu/predictions/T1157s2/esmfold/rank_001.pdb,true,0,91.35379795404151,91.35379795404151,1,,,,bash runners/run_esmfold.sh results/2026-06-09-combine-8models-gpu/sequences/T1157s2.fasta results/2026-06-09-combine-8models-gpu/predictions/T1157s2/esmfold 1,,,,,,,,,,,,,,runner CodeCarbon output: results/2026-06-09-combine-8models-gpu/predictions/T1157s2/esmfold/carbon/T1157s2_esmfold_inference_emissions.csv,,,,,,,91.35379795404151,2.1694907366130916,0.004567348919185456,,,,,,true,offline,WORLD,world,constant,475.0,configurable_default_world_average,0.0021694907366130918,2.1694907366130916,0.004567348919185456,18.5460947150983,140.880506848281,70.0,0.0002335868594773833,0.003451779705866187,0.000881982353841886,89.68079655920155,,
T1159,7PZT,A,esmfold,1,results/2026-06-09-combine-8models-gpu/predictions/T1159/esmfold/rank_001.pdb,true,0,48.17680739611387,48.17680739611387,1,,,,bash runners/run_esmfold.sh results/2026-06-09-combine-8models-gpu/sequences/T1159.fasta results/2026-06-09-combine-8models-gpu/predictions/T1159/esmfold 1,,,,,,,,,,,,,,runner CodeCarbon output: results/2026-06-09-combine-8models-gpu/predictions/T1159/esmfold/carbon/T1159_esmfold_inference_emissions.csv,,,,,,,48.17680739611387,0.8803979642674125,0.0018534693984577104,,,,,,true,offline,WORLD,world,constant,475.0,configurable_default_world_average,0.0008803979642674124,0.8803979642674125,0.0018534693984577104,20.68001354320001,99.79256394591519,70.0,0.0001344376458059799,0.0012601035080823664,0.0004589282445693648,46.507569457171485,,
T1183,8IFX,B,esmfold,1,results/2026-06-09-combine-8models-gpu/predictions/T1183/esmfold/rank_001.pdb,true,0,49.96053524292074,49.96053524292074,1,,,,bash runners/run_esmfold.sh results/2026-06-09-combine-8models-gpu/sequences/T1183.fasta results/2026-06-09-combine-8models-gpu/predictions/T1183/esmfold 1,,,,,,,,,,,,,,runner CodeCarbon output: results/2026-06-09-combine-8models-gpu/predictions/T1183/esmfold/carbon/T1183_esmfold_inference_emissions.csv,,,,,,,49.96053524292074,0.931863728182082,0.0019618183751201725,,,,,,true,offline,WORLD,world,constant,475.0,configurable_default_world_average,0.0009318637281820819,0.931863728182082,0.0019618183751201725,20.262855441095756,103.11748020726301,70.0,0.00013681648564064312,0.0013507533028249696,0.0004742485866545596,48.292193214874715,,
T1185s1,8OUY,A,esmfold,1,results/2026-06-09-combine-8models-gpu/predictions/T1185s1/esmfold/rank_001.pdb,true,0,64.04346557590179,64.04346557590179,1,,,,bash runners/run_esmfold.sh results/2026-06-09-combine-8models-gpu/sequences/T1185s1.fasta results/2026-06-09-combine-8models-gpu/predictions/T1185s1/esmfold 1,,,,,,,,,,,,,,runner CodeCarbon output: results/2026-06-09-combine-8models-gpu/predictions/T1185s1/esmfold/carbon/T1185s1_esmfold_inference_emissions.csv,,,,,,,64.04346557590179,1.3465967452227916,0.002834940516258509,,,,,,true,offline,WORLD,world,constant,475.0,configurable_default_world_average,0.0013465967452227915,1.3465967452227916,0.002834940516258509,19.93301199882787,121.14058313365686,70.0,0.00017278936853209255,0.002053221642576375,0.0006089295051500409,62.34806235204451,,
T1185s2,8OUY,B,esmfold,1,results/2026-06-09-combine-8models-gpu/predictions/T1185s2/esmfold/rank_001.pdb,true,0,67.30318220099434,67.30318220099434,1,,,,bash runners/run_esmfold.sh results/2026-06-09-combine-8models-gpu/sequences/T1185s2.fasta results/2026-06-09-combine-8models-gpu/predictions/T1185s2/esmfold 1,,,,,,,,,,,,,,runner CodeCarbon output: results/2026-06-09-combine-8models-gpu/predictions/T1185s2/esmfold/carbon/T1185s2_esmfold_inference_emissions.csv,,,,,,,67.30318220099434,1.4580120548843638,0.00306949906291445,,,,,,true,offline,WORLD,world,constant,475.0,configurable_default_world_average,0.0014580120548843638,1.4580120548843638,0.00306949906291445,19.128568862192303,126.93948991784242,70.0,0.0001771643745170036,0.002240047347592977,0.0006522873408044688,65.61106439796276,,
T1185s4,8OUY,D,esmfold,1,results/2026-06-09-combine-8models-gpu/predictions/T1185s4/esmfold/rank_001.pdb,true,0,56.33591033401899,56.33591033401899,1,,,,bash runners/run_esmfold.sh results/2026-06-09-combine-8models-gpu/sequences/T1185s4.fasta results/2026-06-09-combine-8models-gpu/predictions/T1185s4/esmfold 1,,,,,,,,,,,,,,runner CodeCarbon output: results/2026-06-09-combine-8models-gpu/predictions/T1185s4/esmfold/carbon/T1185s4_esmfold_inference_emissions.csv,,,,,,,56.33591033401899,1.1242925950604525,0.002366931779074637,,,,,,true,offline,WORLD,world,constant,475.0,configurable_default_world_average,0.0011242925950604526,1.1242925950604525,0.002366931779074637,19.326796900277788,112.27306921215123,70.0,0.00015020399086821299,0.001668697446069345,0.0005480303421370788,54.662826160900295,,
T1194,8OKH,A,esmfold,1,results/2026-06-09-combine-8models-gpu/predictions/T1194/esmfold/rank_001.pdb,true,0,48.59793928894214,48.59793928894214,1,,,,bash runners/run_esmfold.sh results/2026-06-09-combine-8models-gpu/sequences/T1194.fasta results/2026-06-09-combine-8models-gpu/predictions/T1194/esmfold 1,,,,,,,,,,,,,,runner CodeCarbon output: results/2026-06-09-combine-8models-gpu/predictions/T1194/esmfold/carbon/T1194_esmfold_inference_emissions.csv,,,,,,,48.59793928894214,0.8962581453378075,0.0018868592533427524,,,,,,true,offline,WORLD,world,constant,475.0,configurable_default_world_average,0.0008962581453378075,0.8962581453378075,0.0018868592533427524,19.969135699353274,100.43208791091982,70.0,0.00013337683198203458,0.0012759135207289773,0.0004775689006317407,46.95848481100984,,
T1212,9B0L,P,esmfold,1,results/2026-06-09-combine-8models-gpu/predictions/T1212/esmfold/rank_001.pdb,true,0,85.26665957807563,85.26665957807563,1,,,,bash runners/run_esmfold.sh results/2026-06-09-combine-8models-gpu/sequences/T1212.fasta results/2026-06-09-combine-8models-gpu/predictions/T1212/esmfold 1,,,,,,,,,,,,,,runner CodeCarbon output: results/2026-06-09-combine-8models-gpu/predictions/T1212/esmfold/carbon/T1212_esmfold_inference_emissions.csv,,,,,,,85.26665957807563,1.99300936710637,0.004195809193908147,,,,,,true,offline,WORLD,world,constant,475.0,configurable_default_world_average,0.00199300936710637,1.99300936710637,0.004195809193908147,18.632813958695767,136.78725672619314,70.0,0.00021920944006375775,0.0031531430780677994,0.0008234566757765908,83.59628084604628,,
T1227s1,9N8W,A,esmfold,1,results/2026-06-09-combine-8models-gpu/predictions/T1227s1/esmfold/rank_001.pdb,true,0,77.60988927283324,77.60988927283324,1,,,,bash runners/run_esmfold.sh results/2026-06-09-combine-8models-gpu/sequences/T1227s1.fasta results/2026-06-09-combine-8models-gpu/predictions/T1227s1/esmfold 1,,,,,,,,,,,,,,runner CodeCarbon output: results/2026-06-09-combine-8models-gpu/predictions/T1227s1/esmfold/carbon/T1227s1_esmfold_inference_emissions.csv,,,,,,,77.60988927283324,1.7631815030024016,0.0037119610589524243,,,,,,true,offline,WORLD,world,constant,475.0,configurable_default_world_average,0.0017631815030024016,1.7631815030024016,0.0037119610589524243,18.55431595522999,133.68125755758436,70.0,0.00019764916343291772,0.002761187208948357,0.0007531246865711484,75.93679275200702,,
T1266,8QFB,A,esmfold,1,results/2026-06-09-combine-8models-gpu/predictions/T1266/esmfold/rank_001.pdb,true,0,62.351000904105604,62.351000904105604,1,,,,bash runners/run_esmfold.sh results/2026-06-09-combine-8models-gpu/sequences/T1266.fasta results/2026-06-09-combine-8models-gpu/predictions/T1266/esmfold 1,,,,,,,,,,,,,,runner CodeCarbon output: results/2026-06-09-combine-8models-gpu/predictions/T1266/esmfold/carbon/T1266_esmfold_inference_emissions.csv,,,,,,,62.351000904105604,1.3056379353511829,0.0027487114428445957,,,,,,true,offline,WORLD,world,constant,475.0,configurable_default_world_average,0.001305637935351183,1.3056379353511829,0.0027487114428445957,19.1775424781875,119.46224556252065,70.0,0.00016484382204228482,0.001978184082544132,0.0006056835382581793,60.67413529707119,,
T1272s2,9C3C,a,esmfold,1,results/2026-06-09-combine-8models-gpu/predictions/T1272s2/esmfold/rank_001.pdb,true,0,65.37244237610139,65.37244237610139,1,,,,bash runners/run_esmfold.sh results/2026-06-09-combine-8models-gpu/sequences/T1272s2.fasta results/2026-06-09-combine-8models-gpu/predictions/T1272s2/esmfold 1,,,,,,,,,,,,,,runner CodeCarbon output: results/2026-06-09-combine-8models-gpu/predictions/T1272s2/esmfold/carbon/T1272s2_esmfold_inference_emissions.csv,,,,,,,65.37244237610139,1.4027855727269334,0.0029532327846882806,,,,,,true,offline,WORLD,world,constant,475.0,configurable_default_world_average,0.0014027855727269333,1.4027855727269334,0.0029532327846882806,19.060565084130953,124.86674656453367,70.0,0.00017187421569423946,0.002146878939724317,0.0006344796292697236,63.68981939484365,,
T1272s3,9C3C,b,esmfold,1,results/2026-06-09-combine-8models-gpu/predictions/T1272s3/esmfold/rank_001.pdb,true,0,60.60054773604497,60.60054773604497,1,,,,bash runners/run_esmfold.sh results/2026-06-09-combine-8models-gpu/sequences/T1272s3.fasta results/2026-06-09-combine-8models-gpu/predictions/T1272s3/esmfold 1,,,,,,,,,,,,,,runner CodeCarbon output: results/2026-06-09-combine-8models-gpu/predictions/T1272s3/esmfold/carbon/T1272s3_esmfold_inference_emissions.csv,,,,,,,60.60054773604497,1.2559278980256594,0.0026440587326855987,,,,,,true,offline,WORLD,world,constant,475.0,configurable_default_world_average,0.0012559278980256595,1.2559278980256594,0.0026440587326855987,19.171731328370694,118.41540394155531,70.0,0.00015940367270258037,0.0018930356810926696,0.0005916193788903506,58.928190381033346,,
T1272s4,9C3C,d,esmfold,1,results/2026-06-09-combine-8models-gpu/predictions/T1272s4/esmfold/rank_001.pdb,true,0,56.80780251300894,56.80780251300894,1,,,,bash runners/run_esmfold.sh results/2026-06-09-combine-8models-gpu/sequences/T1272s4.fasta results/2026-06-09-combine-8models-gpu/predictions/T1272s4/esmfold 1,,,,,,,,,,,,,,runner CodeCarbon output: results/2026-06-09-combine-8models-gpu/predictions/T1272s4/esmfold/carbon/T1272s4_esmfold_inference_emissions.csv,,,,,,,56.80780251300894,1.138364520662039,0.0023965568856042924,,,,,,true,offline,WORLD,world,constant,475.0,configurable_default_world_average,0.0011383645206620389,1.138364520662039,0.0023965568856042924,20.213010810666677,114.09101905612687,70.0,0.0001546634504397774,0.0017044777524706234,0.0005374156826938917,55.11700921901502,,
T1272s5,9C3C,g,esmfold,1,results/2026-06-09-combine-8models-gpu/predictions/T1272s5/esmfold/rank_001.pdb,true,0,56.7688255070243,56.7688255070243,1,,,,bash runners/run_esmfold.sh results/2026-06-09-combine-8models-gpu/sequences/T1272s5.fasta results/2026-06-09-combine-8models-gpu/predictions/T1272s5/esmfold 1,,,,,,,,,,,,,,runner CodeCarbon output: results/2026-06-09-combine-8models-gpu/predictions/T1272s5/esmfold/carbon/T1272s5_esmfold_inference_emissions.csv,,,,,,,56.7688255070243,1.145620931559269,0.0024118335401247764,,,,,,true,offline,WORLD,world,constant,475.0,configurable_default_world_average,0.001145620931559269,1.145620931559269,0.0024118335401247764,20.075158386708342,115.26060330018738,70.0,0.00015394651407739997,0.0017214794327369276,0.0005364075933104484,55.09697633399628,,
T1272s6,9C3C,A,esmfold,1,results/2026-06-09-combine-8models-gpu/predictions/T1272s6/esmfold/rank_001.pdb,true,0,135.20937974005938,135.20937974005938,1,,,,bash runners/run_esmfold.sh results/2026-06-09-combine-8models-gpu/sequences/T1272s6.fasta results/2026-06-09-combine-8models-gpu/predictions/T1272s6/esmfold 1,,,,,,,,,,,,,,runner CodeCarbon output: results/2026-06-09-combine-8models-gpu/predictions/T1272s6/esmfold/carbon/T1272s6_esmfold_inference_emissions.csv,,,,,,,135.20937974005938,3.4852464718392913,0.007337360993345876,,,,,,true,offline,WORLD,world,constant,475.0,configurable_default_world_average,0.003485246471839291,3.4852464718392913,0.007337360993345876,17.93685284006247,156.79997825731056,70.0,0.0003304806386886605,0.005719693464641296,0.0012871868900159217,133.53098931792192,,
T1272s7,9C3C,B,esmfold,1,results/2026-06-09-combine-8models-gpu/predictions/T1272s7/esmfold/rank_001.pdb,true,0,52.081489904085174,52.081489904085174,1,,,,bash runners/run_esmfold.sh results/2026-06-09-combine-8models-gpu/sequences/T1272s7.fasta results/2026-06-09-combine-8models-gpu/predictions/T1272s7/esmfold 1,,,,,,,,,,,,,,runner CodeCarbon output: results/2026-06-09-combine-8models-gpu/predictions/T1272s7/esmfold/carbon/T1272s7_esmfold_inference_emissions.csv,,,,,,,52.081489904085174,1.0007894769472945,0.002106925214625883,,,,,,true,offline,WORLD,world,constant,475.0,configurable_default_world_average,0.0010007894769472946,1.0007894769472945,0.002106925214625883,20.842743140326544,107.0153075862003,70.0,0.0001465505158614649,0.0014645956161203344,0.0004957790826440842,50.41290826280601,,
T1272s9,9C3C,n,esmfold,1,results/2026-06-09-combine-8models-gpu/predictions/T1272s9/esmfold/rank_001.pdb,true,0,52.20096730487421,52.20096730487421,1,,,,bash runners/run_esmfold.sh results/2026-06-09-combine-8models-gpu/sequences/T1272s9.fasta results/2026-06-09-combine-8models-gpu/predictions/T1272s9/esmfold 1,,,,,,,,,,,,,,runner CodeCarbon output: results/2026-06-09-combine-8models-gpu/predictions/T1272s9/esmfold/carbon/T1272s9_esmfold_inference_emissions.csv,,,,,,,52.20096730487421,0.9995484120971475,0.0021043124465203104,,,,,,true,offline,WORLD,world,constant,475.0,configurable_default_world_average,0.0009995484120971475,0.9995484120971475,0.0021043124465203104,20.21657593102042,106.54390793916986,70.0,0.00014313666724320473,0.0014635881153122199,0.000497587663964886,50.52715627197176,,
T1280,9F5M,AAA,esmfold,1,results/2026-06-09-combine-8models-gpu/predictions/T1280/esmfold/rank_001.pdb,true,0,52.41525108506903,52.41525108506903,1,,,,bash runners/run_esmfold.sh results/2026-06-09-combine-8models-gpu/sequences/T1280.fasta results/2026-06-09-combine-8models-gpu/predictions/T1280/esmfold 1,,,,,,,,,,,,,,runner CodeCarbon output: results/2026-06-09-combine-8models-gpu/predictions/T1280/esmfold/carbon/T1280_esmfold_inference_emissions.csv,,,,,,,52.41525108506903,1.0092112826442527,0.0021246553318826373,,,,,,true,offline,WORLD,world,constant,475.0,configurable_default_world_average,0.0010092112826442527,1.0092112826442527,0.0021246553318826373,19.731587174970013,107.16919583684131,70.0,0.00014234335110080171,0.001470795898859123,0.0005115160819227135,50.742104260018095,,
T1299,9FJL,A,esmfold,1,results/2026-06-09-combine-8models-gpu/predictions/T1299/esmfold/rank_001.pdb,true,0,48.57437235186808,48.57437235186808,1,,,,bash runners/run_esmfold.sh results/2026-06-09-combine-8models-gpu/sequences/T1299.fasta results/2026-06-09-combine-8models-gpu/predictions/T1299/esmfold 1,,,,,,,,,,,,,,runner CodeCarbon output: results/2026-06-09-combine-8models-gpu/predictions/T1299/esmfold/carbon/T1299_esmfold_inference_emissions.csv,,,,,,,48.57437235186808,0.8989008106173902,0.0018924227591945058,,,,,,true,offline,WORLD,world,constant,475.0,configurable_default_world_average,0.0008989008106173903,0.8989008106173902,0.0018924227591945058,20.030601515135878,101.16058746850362,70.0,0.0001334628636508339,0.0012822910258325493,0.00047666886971112237,46.9143107610289,,
T1104,7ROA,A,omegafold,1,results/2026-06-09-combine-8models-gpu/predictions/T1104/omegafold/rank_001.pdb,true,0,22.16815384401707,22.16815384401707,1,,,,bash runners/run_omegafold.sh results/2026-06-09-combine-8models-gpu/sequences/T1104.fasta results/2026-06-09-combine-8models-gpu/predictions/T1104/omegafold 1,,,,,,,,,,,,,,runner CodeCarbon output: results/2026-06-09-combine-8models-gpu/predictions/T1104/omegafold/carbon/T1104_omegafold_inference_emissions.csv,,,,,,,22.16815384401707,0.5077497323365114,0.0010689468049189714,,,,,,true,offline,WORLD,world,constant,475.0,configurable_default_world_average,0.0005077497323365115,0.5077497323365114,0.0010689468049189714,17.1796846225125,170.28190901199247,70.0,5.487424619924782e-05,0.0007929825788297595,0.00022108997988996436,20.550581871997565,,
T1106s1,7QIH,B,omegafold,1,results/2026-06-09-combine-8models-gpu/predictions/T1106s1/omegafold/rank_001.pdb,true,0,22.879897242004517,22.879897242004517,1,,,,bash runners/run_omegafold.sh results/2026-06-09-combine-8models-gpu/sequences/T1106s1.fasta results/2026-06-09-combine-8models-gpu/predictions/T1106s1/omegafold 1,,,,,,,,,,,,,,runner CodeCarbon output: results/2026-06-09-combine-8models-gpu/predictions/T1106s1/omegafold/carbon/T1106s1_omegafold_inference_emissions.csv,,,,,,,22.879897242004517,0.520534958717842,0.0010958630709849305,,,,,,true,offline,WORLD,world,constant,475.0,configurable_default_world_average,0.0005205349587178419,0.520534958717842,0.0010958630709849305,17.538281442412497,149.80532824922926,70.0,5.440299412840681e-05,0.000826552050129381,0.0002149080267271428,21.267549381009303,,
T1106s2,7QIH,A,omegafold,1,results/2026-06-09-combine-8models-gpu/predictions/T1106s2/omegafold/rank_001.pdb,true,0,22.00924927496817,22.00924927496817,1,,,,bash runners/run_omegafold.sh results/2026-06-09-combine-8models-gpu/sequences/T1106s2.fasta results/2026-06-09-combine-8models-gpu/predictions/T1106s2/omegafold 1,,,,,,,,,,,,,,runner CodeCarbon output: results/2026-06-09-combine-8models-gpu/predictions/T1106s2/omegafold/carbon/T1106s2_omegafold_inference_emissions.csv,,,,,,,22.00924927496817,0.48857105184577815,0.001028570635464796,,,,,,true,offline,WORLD,world,constant,475.0,configurable_default_world_average,0.0004885710518457781,0.48857105184577815,0.001028570635464796,17.618971906105262,144.4412999644737,70.0,5.276305449456998e-05,0.0007676903363740273,0.0002081172445961986,20.38432371302042,,
T1112,8ORK,AAA,omegafold,1,results/2026-06-09-combine-8models-gpu/predictions/T1112/omegafold/rank_001.pdb,true,0,169.4154881259892,169.4154881259892,1,,,,bash runners/run_omegafold.sh results/2026-06-09-combine-8models-gpu/sequences/T1112.fasta results/2026-06-09-combine-8models-gpu/predictions/T1112/omegafold 1,,,,,,,,,,,,,,runner CodeCarbon output: results/2026-06-09-combine-8models-gpu/predictions/T1112/omegafold/carbon/T1112_omegafold_inference_emissions.csv,,,,,,,169.4154881259892,5.685005056628089,0.011968431698164398,,,,,,true,offline,WORLD,world,constant,475.0,configurable_default_world_average,0.005685005056628089,5.685005056628089,0.011968431698164398,16.603563720525475,216.7370410729895,70.0,0.0003870868420095829,0.009953306295972242,0.001628038560182581,167.79881839902373,,
T1114s1,7UTD,Q,omegafold,1,results/2026-06-09-combine-8models-gpu/predictions/T1114s1/omegafold/rank_001.pdb,true,0,32.64299659599783,32.64299659599783,1,,,,bash runners/run_omegafold.sh results/2026-06-09-combine-8models-gpu/sequences/T1114s1.fasta results/2026-06-09-combine-8models-gpu/predictions/T1114s1/omegafold 1,,,,,,,,,,,,,,runner CodeCarbon output: results/2026-06-09-combine-8models-gpu/predictions/T1114s1/omegafold/carbon/T1114s1_omegafold_inference_emissions.csv,,,,,,,32.64299659599783,0.9067323110335197,0.0019089101284916203,,,,,,true,offline,WORLD,world,constant,475.0,configurable_default_world_average,0.0009067323110335197,0.9067323110335197,0.0019089101284916203,17.152274739599996,182.51594434607853,70.0,8.034132005748789e-05,0.0015028559245060524,0.00032571288392807925,31.027292652986944,,
T1114s2,7UTD,B,omegafold,1,results/2026-06-09-combine-8models-gpu/predictions/T1114s2/omegafold/rank_001.pdb,true,0,101.5005991680082,101.5005991680082,1,,,,bash runners/run_omegafold.sh results/2026-06-09-combine-8models-gpu/sequences/T1114s2.fasta results/2026-06-09-combine-8models-gpu/predictions/T1114s2/omegafold 1,,,,,,,,,,,,,,runner CodeCarbon output: results/2026-06-09-combine-8models-gpu/predictions/T1114s2/omegafold/carbon/T1114s2_omegafold_inference_emissions.csv,,,,,,,101.5005991680082,3.3924304489245296,0.007141958839841115,,,,,,true,offline,WORLD,world,constant,475.0,configurable_default_world_average,0.0033924304489245296,3.3924304489245296,0.007141958839841115,16.549466707833346,218.05176294104768,70.0,0.00023118441552408422,0.0059304914110569484,0.000980283013260083,99.88414734398248,,
T1114s3,7UTD,A,omegafold,1,results/2026-06-09-combine-8models-gpu/predictions/T1114s3/omegafold/rank_001.pdb,true,0,245.89349800901255,245.89349800901255,1,,,,bash runners/run_omegafold.sh results/2026-06-09-combine-8models-gpu/sequences/T1114s3.fasta results/2026-06-09-combine-8models-gpu/predictions/T1114s3/omegafold 1,,,,,,,,,,,,,,runner CodeCarbon output: results/2026-06-09-combine-8models-gpu/predictions/T1114s3/omegafold/carbon/T1114s3_omegafold_inference_emissions.csv,,,,,,,245.89349800901255,8.514118838732237,0.0179244607131205,,,,,,true,offline,WORLD,world,constant,475.0,configurable_default_world_average,0.008514118838732238,8.514118838732237,0.0179244607131205,16.58839876823151,224.97780897639697,70.0,0.0005544374430042059,0.015034616472127782,0.0023354067979884973,244.28008173505077,,
T1120,7QVB,B,omegafold,1,results/2026-06-09-combine-8models-gpu/predictions/T1120/omegafold/rank_001.pdb,true,0,43.630525440967176,43.630525440967176,1,,,,bash runners/run_omegafold.sh results/2026-06-09-combine-8models-gpu/sequences/T1120.fasta results/2026-06-09-combine-8models-gpu/predictions/T1120/omegafold 1,,,,,,,,,,,,,,runner CodeCarbon output: results/2026-06-09-combine-8models-gpu/predictions/T1120/omegafold/carbon/T1120_omegafold_inference_emissions.csv,,,,,,,43.630525440967176,1.3062981263152316,0.0027501013185583824,,,,,,true,offline,WORLD,world,constant,475.0,configurable_default_world_average,0.0013062981263152315,1.3062981263152316,0.0027501013185583824,16.77028165745122,196.4915773814864,70.0,0.00010166478232726598,0.0022180006632881444,0.00043043587294297247,42.01967601903016,,
T1122,8BBT,A,omegafold,1,results/2026-06-09-combine-8models-gpu/predictions/T1122/omegafold/rank_001.pdb,true,0,45.47211385203991,45.47211385203991,1,,,,bash runners/run_omegafold.sh results/2026-06-09-combine-8models-gpu/sequences/T1122.fasta results/2026-06-09-combine-8models-gpu/predictions/T1122/omegafold 1,,,,,,,,,,,,,,runner CodeCarbon output: results/2026-06-09-combine-8models-gpu/predictions/T1122/omegafold/carbon/T1122_omegafold_inference_emissions.csv,,,,,,,45.47211385203991,1.3687270047098927,0.002881530536231353,,,,,,true,offline,WORLD,world,constant,475.0,configurable_default_world_average,0.0013687270047098928,1.3687270047098927,0.002881530536231353,16.86269761735466,198.13626294058432,70.0,0.00010827582827272822,0.0023268343614666342,0.0004464203464919896,43.85549372603418,,
T1129s2,8A8C,B,omegafold,1,results/2026-06-09-combine-8models-gpu/predictions/T1129s2/omegafold/rank_001.pdb,true,0,388.0641763700405,388.0641763700405,1,,,,bash runners/run_omegafold.sh results/2026-06-09-combine-8models-gpu/sequences/T1129s2.fasta results/2026-06-09-combine-8models-gpu/predictions/T1129s2/omegafold 1,,,,,,,,,,,,,,runner CodeCarbon output: results/2026-06-09-combine-8models-gpu/predictions/T1129s2/omegafold/carbon/T1129s2_omegafold_inference_emissions.csv,,,,,,,388.0641763700405,12.867693764609783,0.027089881609704807,,,,,,true,offline,WORLD,world,constant,475.0,configurable_default_world_average,0.012867693764609783,12.867693764609783,0.027089881609704807,16.547146541850015,212.513496378734,70.0,0.0008741649452381625,0.022522797462668276,0.0036929192017983747,386.45380495802965,,
T1133,8DYS,A,omegafold,1,results/2026-06-09-combine-8models-gpu/predictions/T1133/omegafold/rank_001.pdb,true,0,330.93286309897667,330.93286309897667,1,,,,bash runners/run_omegafold.sh results/2026-06-09-combine-8models-gpu/sequences/T1133.fasta results/2026-06-09-combine-8models-gpu/predictions/T1133/omegafold 1,,,,,,,,,,,,,,runner CodeCarbon output: results/2026-06-09-combine-8models-gpu/predictions/T1133/omegafold/carbon/T1133_omegafold_inference_emissions.csv,,,,,,,330.93286309897667,11.046800475589121,0.023256422053871833,,,,,,true,offline,WORLD,world,constant,475.0,configurable_default_world_average,0.011046800475589121,11.046800475589121,0.023256422053871833,16.54889787830261,214.13321540101202,70.0,0.0007471534984667075,0.019353566871730843,0.0031557016836742855,329.32005779095925,,
T1134s1,7UBZ,A,omegafold,1,results/2026-06-09-combine-8models-gpu/predictions/T1134s1/omegafold/rank_001.pdb,true,0,43.241207068029325,43.241207068029325,1,,,,bash runners/run_omegafold.sh results/2026-06-09-combine-8models-gpu/sequences/T1134s1.fasta results/2026-06-09-combine-8models-gpu/predictions/T1134s1/omegafold 1,,,,,,,,,,,,,,runner CodeCarbon output: results/2026-06-09-combine-8models-gpu/predictions/T1134s1/omegafold/carbon/T1134s1_omegafold_inference_emissions.csv,,,,,,,43.241207068029325,1.2689796394662654,0.0026715360830868746,,,,,,true,offline,WORLD,world,constant,475.0,configurable_default_world_average,0.0012689796394662653,1.2689796394662654,0.0026715360830868746,16.871090582835365,192.51219825725687,70.0,0.00010246481836324207,0.0021470542176418306,0.0004220170470818024,41.61912486300571,,
T1134s2,7UBZ,D,omegafold,1,results/2026-06-09-combine-8models-gpu/predictions/T1134s2/omegafold/rank_001.pdb,true,0,79.84988125698874,79.84988125698874,1,,,,bash runners/run_omegafold.sh results/2026-06-09-combine-8models-gpu/sequences/T1134s2.fasta results/2026-06-09-combine-8models-gpu/predictions/T1134s2/omegafold 1,,,,,,,,,,,,,,runner CodeCarbon output: results/2026-06-09-combine-8models-gpu/predictions/T1134s2/omegafold/carbon/T1134s2_omegafold_inference_emissions.csv,,,,,,,79.84988125698874,2.4825340988923994,0.005226387576615578,,,,,,true,offline,WORLD,world,constant,475.0,configurable_default_world_average,0.0024825340988923993,2.4825340988923994,0.005226387576615578,16.76978677425002,202.22376227590638,70.0,0.00018220899479755355,0.0042870714852099034,0.0007571070966081202,78.22820643399609,,
T1137s1,8FEF,A,omegafold,1,results/2026-06-09-combine-8models-gpu/predictions/T1137s1/omegafold/rank_001.pdb,true,0,149.7030343809747,149.7030343809747,1,,,,bash runners/run_omegafold.sh results/2026-06-09-combine-8models-gpu/sequences/T1137s1.fasta results/2026-06-09-combine-8models-gpu/predictions/T1137s1/omegafold 1,,,,,,,,,,,,,,runner CodeCarbon output: results/2026-06-09-combine-8models-gpu/predictions/T1137s1/omegafold/carbon/T1137s1_omegafold_inference_emissions.csv,,,,,,,149.7030343809747,4.805749240764648,0.010117366822662417,,,,,,true,offline,WORLD,world,constant,475.0,configurable_default_world_average,0.004805749240764648,4.805749240764648,0.010117366822662417,16.703119216760218,205.85449633658746,70.0,0.0003452354982116166,0.008329052496570677,0.001443078827880123,148.08440293197054,,
T1137s2,8FEF,B,omegafold,1,results/2026-06-09-combine-8models-gpu/predictions/T1137s2/omegafold/rank_001.pdb,true,0,94.99428969802102,94.99428969802102,1,,,,bash runners/run_omegafold.sh results/2026-06-09-combine-8models-gpu/sequences/T1137s2.fasta results/2026-06-09-combine-8models-gpu/predictions/T1137s2/omegafold 1,,,,,,,,,,,,,,runner CodeCarbon output: results/2026-06-09-combine-8models-gpu/predictions/T1137s2/omegafold/carbon/T1137s2_omegafold_inference_emissions.csv,,,,,,,94.99428969802102,3.0234205421093523,0.006365095878124952,,,,,,true,offline,WORLD,world,constant,475.0,configurable_default_world_average,0.0030234205421093524,3.0234205421093523,0.006365095878124952,16.79153490246197,206.57206742667356,70.0,0.0002177000382760309,0.005243131694502967,0.0009042641453459509,93.37830193398986,,
T1137s3,8FEF,C,omegafold,1,results/2026-06-09-combine-8models-gpu/predictions/T1137s3/omegafold/rank_001.pdb,true,0,247.03382559801685,247.03382559801685,1,,,,bash runners/run_omegafold.sh results/2026-06-09-combine-8models-gpu/sequences/T1137s3.fasta results/2026-06-09-combine-8models-gpu/predictions/T1137s3/omegafold 1,,,,,,,,,,,,,,runner CodeCarbon output: results/2026-06-09-combine-8models-gpu/predictions/T1137s3/omegafold/carbon/T1137s3_omegafold_inference_emissions.csv,,,,,,,247.03382559801685,8.124773680033462,0.01710478669480729,,,,,,true,offline,WORLD,world,constant,475.0,configurable_default_world_average,0.008124773680033462,8.124773680033462,0.01710478669480729,16.590302478851463,211.28535433158297,70.0,0.0005581978597338197,0.01419581996775765,0.002350768867315817,245.42020851001143,,
T1137s4,8FEF,D,omegafold,1,results/2026-06-09-combine-8models-gpu/predictions/T1137s4/omegafold/rank_001.pdb,true,0,285.2306844010018,285.2306844010018,1,,,,bash runners/run_omegafold.sh results/2026-06-09-combine-8models-gpu/sequences/T1137s4.fasta results/2026-06-09-combine-8models-gpu/predictions/T1137s4/omegafold 1,,,,,,,,,,,,,,runner CodeCarbon output: results/2026-06-09-combine-8models-gpu/predictions/T1137s4/omegafold/carbon/T1137s4_omegafold_inference_emissions.csv,,,,,,,285.2306844010018,9.45267976789537,0.019900378458727094,,,,,,true,offline,WORLD,world,constant,475.0,configurable_default_world_average,0.00945267976789537,9.45267976789537,0.019900378458727094,16.57863370569418,213.12830589740068,70.0,0.000643515232292884,0.01654451684671354,0.0027123463797206772,283.6124848399777,,
T1137s5,8FEF,E,omegafold,1,results/2026-06-09-combine-8models-gpu/predictions/T1137s5/omegafold/rank_001.pdb,true,0,126.54276912298519,126.54276912298519,1,,,,bash runners/run_omegafold.sh results/2026-06-09-combine-8models-gpu/sequences/T1137s5.fasta results/2026-06-09-combine-8models-gpu/predictions/T1137s5/omegafold 1,,,,,,,,,,,,,,runner CodeCarbon output: results/2026-06-09-combine-8models-gpu/predictions/T1137s5/omegafold/carbon/T1137s5_omegafold_inference_emissions.csv,,,,,,,126.54276912298519,4.125009046032726,0.008684229570595212,,,,,,true,offline,WORLD,world,constant,475.0,configurable_default_world_average,0.004125009046032725,4.125009046032726,0.008684229570595212,16.520102698554457,210.5978200506225,70.0,0.0002872335110034172,0.007177211575097431,0.0012197844844943674,124.92734087799909,,
T1137s6,8FEF,F,omegafold,1,results/2026-06-09-combine-8models-gpu/predictions/T1137s6/omegafold/rank_001.pdb,true,0,248.62443575600628,248.62443575600628,1,,,,bash runners/run_omegafold.sh results/2026-06-09-combine-8models-gpu/sequences/T1137s6.fasta results/2026-06-09-combine-8models-gpu/predictions/T1137s6/omegafold 1,,,,,,,,,,,,,,runner CodeCarbon output: results/2026-06-09-combine-8models-gpu/predictions/T1137s6/omegafold/carbon/T1137s6_omegafold_inference_emissions.csv,,,,,,,248.62443575600628,8.226136379827933,0.017318181852269333,,,,,,true,offline,WORLD,world,constant,475.0,configurable_default_world_average,0.008226136379827933,8.226136379827933,0.017318181852269333,16.588448701335384,212.12566565822416,70.0,0.0005665329357156467,0.014365526492411629,0.002386122424142054,247.01010297698667,,
T1137s7,8FEF,G,omegafold,1,results/2026-06-09-combine-8models-gpu/predictions/T1137s7/omegafold/rank_001.pdb,true,0,440.8963007989805,440.8963007989805,1,,,,bash runners/run_omegafold.sh results/2026-06-09-combine-8models-gpu/sequences/T1137s7.fasta results/2026-06-09-combine-8models-gpu/predictions/T1137s7/omegafold 1,,,,,,,,,,,,,,runner CodeCarbon output: results/2026-06-09-combine-8models-gpu/predictions/T1137s7/omegafold/carbon/T1137s7_omegafold_inference_emissions.csv,,,,,,,440.8963007989805,14.826081276442338,0.031212802687247028,,,,,,true,offline,WORLD,world,constant,475.0,configurable_default_world_average,0.014826081276442337,14.826081276442338,0.031212802687247028,16.569734917284276,215.97545593335036,70.0,0.0009938621933659876,0.026025523042624732,0.004193417451256308,439.28002153901616,,
T1137s8,8FEF,I,omegafold,1,results/2026-06-09-combine-8models-gpu/predictions/T1137s8/omegafold/rank_001.pdb,true,0,57.744815852027386,57.744815852027386,1,,,,bash runners/run_omegafold.sh results/2026-06-09-combine-8models-gpu/sequences/T1137s8.fasta results/2026-06-09-combine-8models-gpu/predictions/T1137s8/omegafold 1,,,,,,,,,,,,,,runner CodeCarbon output: results/2026-06-09-combine-8models-gpu/predictions/T1137s8/omegafold/carbon/T1137s8_omegafold_inference_emissions.csv,,,,,,,57.744815852027386,1.7475774344715327,0.0036791103883611212,,,,,,true,offline,WORLD,world,constant,475.0,configurable_default_world_average,0.0017475774344715327,1.7475774344715327,0.0036791103883611212,16.805403633900006,198.42053359938217,70.0,0.00013190456605905005,0.003001209900965751,0.0005459959213363213,56.12839572998928,,
T1137s9,8FEF,J,omegafold,1,results/2026-06-09-combine-8models-gpu/predictions/T1137s9/omegafold/rank_001.pdb,true,0,69.17477328301175,69.17477328301175,1,,,,bash runners/run_omegafold.sh results/2026-06-09-combine-8models-gpu/sequences/T1137s9.fasta results/2026-06-09-combine-8models-gpu/predictions/T1137s9/omegafold 1,,,,,,,,,,,,,,runner CodeCarbon output: results/2026-06-09-combine-8models-gpu/predictions/T1137s9/omegafold/carbon/T1137s9_omegafold_inference_emissions.csv,,,,,,,69.17477328301175,2.134959503754919,0.004494651586852461,,,,,,true,offline,WORLD,world,constant,475.0,configurable_default_world_average,0.002134959503754919,2.134959503754919,0.004494651586852461,16.820985288537322,197.4230425769822,70.0,0.00016171749816368914,0.0036633034861952574,0.0006696306024935135,67.55648168799235,,
T1145,7UWW,A,omegafold,1,results/2026-06-09-combine-8models-gpu/predictions/T1145/omegafold/rank_001.pdb,true,0,407.0835699230083,407.0835699230083,1,,,,bash runners/run_omegafold.sh results/2026-06-09-combine-8models-gpu/sequences/T1145.fasta results/2026-06-09-combine-8models-gpu/predictions/T1145/omegafold 1,,,,,,,,,,,,,,runner CodeCarbon output: results/2026-06-09-combine-8models-gpu/predictions/T1145/omegafold/carbon/T1145_omegafold_inference_emissions.csv,,,,,,,407.0835699230083,13.566512477984547,0.0285610789010201,,,,,,true,offline,WORLD,world,constant,475.0,configurable_default_world_average,0.013566512477984547,13.566512477984547,0.0285610789010201,16.568800088227743,213.33504586486848,70.0,0.0009204117415096176,0.023756868449923862,0.0038837987095866155,405.4707971769967,,
T1147,8EM5,A,omegafold,1,results/2026-06-09-combine-8models-gpu/predictions/T1147/omegafold/rank_001.pdb,true,0,21.05205295898486,21.05205295898486,1,,,,bash runners/run_omegafold.sh results/2026-06-09-combine-8models-gpu/sequences/T1147.fasta results/2026-06-09-combine-8models-gpu/predictions/T1147/omegafold 1,,,,,,,,,,,,,,runner CodeCarbon output: results/2026-06-09-combine-8models-gpu/predictions/T1147/omegafold/carbon/T1147_omegafold_inference_emissions.csv,,,,,,,21.05205295898486,0.45659243010704376,0.0009612472212779869,,,,,,true,offline,WORLD,world,constant,475.0,configurable_default_world_average,0.00045659243010704375,0.45659243010704376,0.0009612472212779869,17.1695859115,140.44356335475797,70.0,4.961688999615844e-05,0.0007119205695358399,0.00019970976174598845,19.444034250976983,,
T1151s2,8D5V,A,omegafold,1,results/2026-06-09-combine-8models-gpu/predictions/T1151s2/omegafold/rank_001.pdb,true,0,22.193667621992063,22.193667621992063,1,,,,bash runners/run_omegafold.sh results/2026-06-09-combine-8models-gpu/sequences/T1151s2.fasta results/2026-06-09-combine-8models-gpu/predictions/T1151s2/omegafold 1,,,,,,,,,,,,,,runner CodeCarbon output: results/2026-06-09-combine-8models-gpu/predictions/T1151s2/omegafold/carbon/T1151s2_omegafold_inference_emissions.csv,,,,,,,22.193667621992063,0.5005398946153073,0.0010537681991901206,,,,,,true,offline,WORLD,world,constant,475.0,configurable_default_world_average,0.0005005398946153073,0.5005398946153073,0.0010537681991901206,17.224313266874997,149.8517654673267,70.0,5.5127681809846675e-05,0.0007769939549278071,0.00022164656245246688,20.580664334993344,,
T1155,8PBV,A,omegafold,1,results/2026-06-09-combine-8models-gpu/predictions/T1155/omegafold/rank_001.pdb,true,0,22.243053921032697,22.243053921032697,1,,,,bash runners/run_omegafold.sh results/2026-06-09-combine-8models-gpu/sequences/T1155.fasta results/2026-06-09-combine-8models-gpu/predictions/T1155/omegafold 1,,,,,,,,,,,,,,runner CodeCarbon output: results/2026-06-09-combine-8models-gpu/predictions/T1155/omegafold/carbon/T1155_omegafold_inference_emissions.csv,,,,,,,22.243053921032697,0.5058601538248118,0.0010649687448943406,,,,,,true,offline,WORLD,world,constant,475.0,configurable_default_world_average,0.0005058601538248117,0.5058601538248118,0.0010649687448943406,16.5942426705,148.95127722630087,70.0,5.29500945371406e-05,0.0007904000767635644,0.0002216185735936354,20.62119451496983,,
T1157s2,8PKO,B,omegafold,1,results/2026-06-09-combine-8models-gpu/predictions/T1157s2/omegafold/rank_001.pdb,true,0,224.51121762901312,224.51121762901312,1,,,,bash runners/run_omegafold.sh results/2026-06-09-combine-8models-gpu/sequences/T1157s2.fasta results/2026-06-09-combine-8models-gpu/predictions/T1157s2/omegafold 1,,,,,,,,,,,,,,runner CodeCarbon output: results/2026-06-09-combine-8models-gpu/predictions/T1157s2/omegafold/carbon/T1157s2_omegafold_inference_emissions.csv,,,,,,,224.51121762901312,7.364724384205451,0.01550468291411674,,,,,,true,offline,WORLD,world,constant,475.0,configurable_default_world_average,0.007364724384205451,7.364724384205451,0.01550468291411674,16.583873980418943,210.19017429190166,70.0,0.000511518727569166,0.01283844943741852,0.0021547147491290373,222.89589059597347,,
T1159,7PZT,A,omegafold,1,results/2026-06-09-combine-8models-gpu/predictions/T1159/omegafold/rank_001.pdb,true,0,27.867882177000865,27.867882177000865,1,,,,bash runners/run_omegafold.sh results/2026-06-09-combine-8models-gpu/sequences/T1159.fasta results/2026-06-09-combine-8models-gpu/predictions/T1159/omegafold 1,,,,,,,,,,,,,,runner CodeCarbon output: results/2026-06-09-combine-8models-gpu/predictions/T1159/omegafold/carbon/T1159_omegafold_inference_emissions.csv,,,,,,,27.867882177000865,0.7053717089073585,0.0014849930713839124,,,,,,true,offline,WORLD,world,constant,475.0,configurable_default_world_average,0.0007053717089073585,0.7053717089073585,0.0014849930713839124,17.203577633219997,167.4205002923463,70.0,6.534330126279294e-05,0.0011564895363020966,0.000263160233819023,26.255844273022376,,
T1183,8IFX,B,omegafold,1,results/2026-06-09-combine-8models-gpu/predictions/T1183/omegafold/rank_001.pdb,true,0,35.37807371199597,35.37807371199597,1,,,,bash runners/run_omegafold.sh results/2026-06-09-combine-8models-gpu/sequences/T1183.fasta results/2026-06-09-combine-8models-gpu/predictions/T1183/omegafold 1,,,,,,,,,,,,,,runner CodeCarbon output: results/2026-06-09-combine-8models-gpu/predictions/T1183/omegafold/carbon/T1183_omegafold_inference_emissions.csv,,,,,,,35.37807371199597,0.9869489234070337,0.0020777872071727024,,,,,,true,offline,WORLD,world,constant,475.0,configurable_default_world_average,0.0009869489234070336,0.9869489234070337,0.0020777872071727024,17.155807431000003,183.64815766865397,70.0,8.61325383446764e-05,0.0016426396474440441,0.00034901502138398225,33.7586231760215,,
T1185s1,8OUY,A,omegafold,1,results/2026-06-09-combine-8models-gpu/predictions/T1185s1/omegafold/rank_001.pdb,true,0,97.7251846040017,97.7251846040017,1,,,,bash runners/run_omegafold.sh results/2026-06-09-combine-8models-gpu/sequences/T1185s1.fasta results/2026-06-09-combine-8models-gpu/predictions/T1185s1/omegafold 1,,,,,,,,,,,,,,runner CodeCarbon output: results/2026-06-09-combine-8models-gpu/predictions/T1185s1/omegafold/carbon/T1185s1_omegafold_inference_emissions.csv,,,,,,,97.7251846040017,3.13117029238385,0.00659193745765021,,,,,,true,offline,WORLD,world,constant,475.0,configurable_default_world_average,0.00313117029238385,3.13117029238385,0.00659193745765021,16.69953415480266,207.45953068235747,70.0,0.00022644866237592543,0.005419830724750385,0.0009456580705238996,96.10545383597491,,
T1185s2,8OUY,B,omegafold,1,results/2026-06-09-combine-8models-gpu/predictions/T1185s2/omegafold/rank_001.pdb,true,0,111.14000265399227,111.14000265399227,1,,,,bash runners/run_omegafold.sh results/2026-06-09-combine-8models-gpu/sequences/T1185s2.fasta results/2026-06-09-combine-8models-gpu/predictions/T1185s2/omegafold 1,,,,,,,,,,,,,,runner CodeCarbon output: results/2026-06-09-combine-8models-gpu/predictions/T1185s2/omegafold/carbon/T1185s2_omegafold_inference_emissions.csv,,,,,,,111.14000265399227,3.5832412982725725,0.007543665891100153,,,,,,true,offline,WORLD,world,constant,475.0,configurable_default_world_average,0.0035832412982725725,3.5832412982725725,0.007543665891100153,16.625258553979187,208.9885978484393,70.0,0.00025261208498236575,0.006231317762827482,0.0010597360432903064,109.52282563498011,,
T1185s4,8OUY,D,omegafold,1,results/2026-06-09-combine-8models-gpu/predictions/T1185s4/omegafold/rank_001.pdb,true,0,58.773062638007104,58.773062638007104,1,,,,bash runners/run_omegafold.sh results/2026-06-09-combine-8models-gpu/sequences/T1185s4.fasta results/2026-06-09-combine-8models-gpu/predictions/T1185s4/omegafold 1,,,,,,,,,,,,,,runner CodeCarbon output: results/2026-06-09-combine-8models-gpu/predictions/T1185s4/omegafold/carbon/T1185s4_omegafold_inference_emissions.csv,,,,,,,58.773062638007104,1.8410884626203532,0.003875975710779691,,,,,,true,offline,WORLD,world,constant,475.0,configurable_default_world_average,0.001841088462620353,1.8410884626203532,0.003875975710779691,16.87016400005358,206.7978642303078,70.0,0.00013469258910609052,0.0031857503263759135,0.0005555327952976869,57.15510160900885,,
T1194,8OKH,A,omegafold,1,results/2026-06-09-combine-8models-gpu/predictions/T1194/omegafold/rank_001.pdb,true,0,28.579152759048156,28.579152759048156,1,,,,bash runners/run_omegafold.sh results/2026-06-09-combine-8models-gpu/sequences/T1194.fasta results/2026-06-09-combine-8models-gpu/predictions/T1194/omegafold 1,,,,,,,,,,,,,,runner CodeCarbon output: results/2026-06-09-combine-8models-gpu/predictions/T1194/omegafold/carbon/T1194_omegafold_inference_emissions.csv,,,,,,,28.579152759048156,0.7478052978539591,0.00157432694285044,,,,,,true,offline,WORLD,world,constant,475.0,configurable_default_world_average,0.0007478052978539591,0.7478052978539591,0.00157432694285044,16.50348157425,172.129325106224,70.0,6.628406696908318e-05,0.0012223307000855943,0.0002857121757957632,26.961532466986682,,
T1212,9B0L,P,omegafold,1,results/2026-06-09-combine-8models-gpu/predictions/T1212/omegafold/rank_001.pdb,true,0,173.681527252018,173.681527252018,1,,,,bash runners/run_omegafold.sh results/2026-06-09-combine-8models-gpu/sequences/T1212.fasta results/2026-06-09-combine-8models-gpu/predictions/T1212/omegafold 1,,,,,,,,,,,,,,runner CodeCarbon output: results/2026-06-09-combine-8models-gpu/predictions/T1212/omegafold/carbon/T1212_omegafold_inference_emissions.csv,,,,,,,173.681527252018,5.92222138014741,0.012467834484520863,,,,,,true,offline,WORLD,world,constant,475.0,configurable_default_world_average,0.00592222138014741,5.92222138014741,0.012467834484520863,16.628035664986854,221.0015711036481,70.0,0.00039779674591761946,0.010399422208419606,0.0016706155301836486,172.06238697498338,,
T1227s1,9N8W,A,omegafold,1,results/2026-06-09-combine-8models-gpu/predictions/T1227s1/omegafold/rank_001.pdb,true,0,144.5852174879983,144.5852174879983,1,,,,bash runners/run_omegafold.sh results/2026-06-09-combine-8models-gpu/sequences/T1227s1.fasta results/2026-06-09-combine-8models-gpu/predictions/T1227s1/omegafold 1,,,,,,,,,,,,,,runner CodeCarbon output: results/2026-06-09-combine-8models-gpu/predictions/T1227s1/omegafold/carbon/T1227s1_omegafold_inference_emissions.csv,,,,,,,144.5852174879983,4.90033332509925,0.010316491210735263,,,,,,true,offline,WORLD,world,constant,475.0,configurable_default_world_average,0.004900333325099249,4.90033332509925,0.010316491210735263,16.491940968153195,220.54862986494683,70.0,0.00032654844358190473,0.008600702158333862,0.001389240608819496,142.96750490902923,,
T1266,8QFB,A,omegafold,1,results/2026-06-09-combine-8models-gpu/predictions/T1266/omegafold/rank_001.pdb,true,0,83.98645612300606,83.98645612300606,1,,,,bash runners/run_omegafold.sh results/2026-06-09-combine-8models-gpu/sequences/T1266.fasta results/2026-06-09-combine-8models-gpu/predictions/T1266/omegafold 1,,,,,,,,,,,,,,runner CodeCarbon output: results/2026-06-09-combine-8models-gpu/predictions/T1266/omegafold/carbon/T1266_omegafold_inference_emissions.csv,,,,,,,83.98645612300606,2.7454144718441205,0.005779819940724464,,,,,,true,offline,WORLD,world,constant,475.0,configurable_default_world_average,0.0027454144718441205,2.7454144718441205,0.005779819940724464,16.717720122888903,214.3717880456691,70.0,0.0001917016928109512,0.004789031886778261,0.0007990863611352527,82.3661889199866,,
T1272s2,9C3C,a,omegafold,1,results/2026-06-09-combine-8models-gpu/predictions/T1272s2/omegafold/rank_001.pdb,true,0,99.29752249794547,99.29752249794547,1,,,,bash runners/run_omegafold.sh results/2026-06-09-combine-8models-gpu/sequences/T1272s2.fasta results/2026-06-09-combine-8models-gpu/predictions/T1272s2/omegafold 1,,,,,,,,,,,,,,runner CodeCarbon output: results/2026-06-09-combine-8models-gpu/predictions/T1272s2/omegafold/carbon/T1272s2_omegafold_inference_emissions.csv,,,,,,,99.29752249794547,3.290570348045841,0.00692751652220177,,,,,,true,offline,WORLD,world,constant,475.0,configurable_default_world_average,0.003290570348045841,3.290570348045841,0.00692751652220177,16.714329108479397,215.4893105863021,70.0,0.00022958109972278946,0.005740093758737963,0.0009578416637410159,97.67317180195823,,
T1272s3,9C3C,b,omegafold,1,results/2026-06-09-combine-8models-gpu/predictions/T1272s3/omegafold/rank_001.pdb,true,0,76.51352045603562,76.51352045603562,1,,,,bash runners/run_omegafold.sh results/2026-06-09-combine-8models-gpu/sequences/T1272s3.fasta results/2026-06-09-combine-8models-gpu/predictions/T1272s3/omegafold 1,,,,,,,,,,,,,,runner CodeCarbon output: results/2026-06-09-combine-8models-gpu/predictions/T1272s3/omegafold/carbon/T1272s3_omegafold_inference_emissions.csv,,,,,,,76.51352045603562,2.494229980700576,0.005251010485685424,,,,,,true,offline,WORLD,world,constant,475.0,configurable_default_world_average,0.002494229980700576,2.494229980700576,0.005251010485685424,16.789808984158807,212.9461909118428,70.0,0.00017896028069766572,0.004329254852289521,0.0007427953526982392,74.89417776098708,,
T1272s4,9C3C,d,omegafold,1,results/2026-06-09-combine-8models-gpu/predictions/T1272s4/omegafold/rank_001.pdb,true,0,65.14010813098866,65.14010813098866,1,,,,bash runners/run_omegafold.sh results/2026-06-09-combine-8models-gpu/sequences/T1272s4.fasta results/2026-06-09-combine-8models-gpu/predictions/T1272s4/omegafold 1,,,,,,,,,,,,,,runner CodeCarbon output: results/2026-06-09-combine-8models-gpu/predictions/T1272s4/omegafold/carbon/T1272s4_omegafold_inference_emissions.csv,,,,,,,65.14010813098866,2.039933388701425,0.004294596607792473,,,,,,true,offline,WORLD,world,constant,475.0,configurable_default_world_average,0.0020399333887014246,2.039933388701425,0.004294596607792473,16.84535100280646,205.38656560203373,70.0,0.00015015651606949216,0.0035236867078365375,0.0006207533838864442,63.521325010980945,,
T1272s5,9C3C,g,omegafold,1,results/2026-06-09-combine-8models-gpu/predictions/T1272s5/omegafold/rank_001.pdb,true,0,67.07173394504935,67.07173394504935,1,,,,bash runners/run_omegafold.sh results/2026-06-09-combine-8models-gpu/sequences/T1272s5.fasta results/2026-06-09-combine-8models-gpu/predictions/T1272s5/omegafold 1,,,,,,,,,,,,,,runner CodeCarbon output: results/2026-06-09-combine-8models-gpu/predictions/T1272s5/omegafold/carbon/T1272s5_omegafold_inference_emissions.csv,,,,,,,67.07173394504935,2.098678401998387,0.004418270319996604,,,,,,true,offline,WORLD,world,constant,475.0,configurable_default_world_average,0.002098678401998387,2.098678401998387,0.004418270319996604,16.79294881017188,204.99102586637133,70.0,0.00015407651155662395,0.0036253773447441073,0.0006388164636958713,65.46009645197773,,
T1272s6,9C3C,A,omegafold,1,results/2026-06-09-combine-8models-gpu/predictions/T1272s6/omegafold/rank_001.pdb,true,0,337.09834020998096,337.09834020998096,1,,,,bash runners/run_omegafold.sh results/2026-06-09-combine-8models-gpu/sequences/T1272s6.fasta results/2026-06-09-combine-8models-gpu/predictions/T1272s6/omegafold 1,,,,,,,,,,,,,,runner CodeCarbon output: results/2026-06-09-combine-8models-gpu/predictions/T1272s6/omegafold/carbon/T1272s6_omegafold_inference_emissions.csv,,,,,,,337.09834020998096,11.583102124440728,0.024385478156717322,,,,,,true,offline,WORLD,world,constant,475.0,configurable_default_world_average,0.011583102124440728,11.583102124440728,0.024385478156717322,16.56245687049927,221.73023695356554,70.0,0.0007616794984574617,0.020409256327391434,0.0032145423308684302,335.4845033470192,,
T1272s7,9C3C,B,omegafold,1,results/2026-06-09-combine-8models-gpu/predictions/T1272s7/omegafold/rank_001.pdb,true,0,45.697644043015316,45.697644043015316,1,,,,bash runners/run_omegafold.sh results/2026-06-09-combine-8models-gpu/sequences/T1272s7.fasta results/2026-06-09-combine-8models-gpu/predictions/T1272s7/omegafold 1,,,,,,,,,,,,,,runner CodeCarbon output: results/2026-06-09-combine-8models-gpu/predictions/T1272s7/omegafold/carbon/T1272s7_omegafold_inference_emissions.csv,,,,,,,45.697644043015316,1.3849643435172567,0.002915714407404751,,,,,,true,offline,WORLD,world,constant,475.0,configurable_default_world_average,0.0013849643435172568,1.3849643435172567,0.002915714407404751,16.96359438022675,199.42579593086873,70.0,0.000109715456706528,0.0023555813289084515,0.00045041762178977185,44.08638647198677,,
T1272s9,9C3C,n,omegafold,1,results/2026-06-09-combine-8models-gpu/predictions/T1272s9/omegafold/rank_001.pdb,true,0,44.479096842056606,44.479096842056606,1,,,,bash runners/run_omegafold.sh results/2026-06-09-combine-8models-gpu/sequences/T1272s9.fasta results/2026-06-09-combine-8models-gpu/predictions/T1272s9/omegafold 1,,,,,,,,,,,,,,runner CodeCarbon output: results/2026-06-09-combine-8models-gpu/predictions/T1272s9/omegafold/carbon/T1272s9_omegafold_inference_emissions.csv,,,,,,,44.479096842056606,1.3301992392306383,0.00280041945101187,,,,,,true,offline,WORLD,world,constant,475.0,configurable_default_world_average,0.0013301992392306383,1.3301992392306383,0.00280041945101187,16.99304574176786,196.38229119932458,70.0,0.00010667339833381625,0.0022570879167798097,0.00043665813589824316,42.84486937598558,,
T1280,9F5M,AAA,omegafold,1,results/2026-06-09-combine-8models-gpu/predictions/T1280/omegafold/rank_001.pdb,true,0,44.513044092047494,44.513044092047494,1,,,,bash runners/run_omegafold.sh results/2026-06-09-combine-8models-gpu/sequences/T1280.fasta results/2026-06-09-combine-8models-gpu/predictions/T1280/omegafold 1,,,,,,,,,,,,,,runner CodeCarbon output: results/2026-06-09-combine-8models-gpu/predictions/T1280/omegafold/carbon/T1280_omegafold_inference_emissions.csv,,,,,,,44.513044092047494,1.335650664634784,0.00281189613607323,,,,,,true,offline,WORLD,world,constant,475.0,configurable_default_world_average,0.0013356506646347841,1.335650664634784,0.00281189613607323,17.017684343785717,197.56799710291665,70.0,0.0001069623168075903,0.0022676507030088278,0.0004372831162568118,42.898551727004815,,
T1299,9FJL,A,omegafold,1,results/2026-06-09-combine-8models-gpu/predictions/T1299/omegafold/rank_001.pdb,true,0,28.761822373024188,28.761822373024188,1,,,,bash runners/run_omegafold.sh results/2026-06-09-combine-8models-gpu/sequences/T1299.fasta results/2026-06-09-combine-8models-gpu/predictions/T1299/omegafold 1,,,,,,,,,,,,,,runner CodeCarbon output: results/2026-06-09-combine-8models-gpu/predictions/T1299/omegafold/carbon/T1299_omegafold_inference_emissions.csv,,,,,,,28.761822373024188,0.7445809808310383,0.0015675389070127122,,,,,,true,offline,WORLD,world,constant,475.0,configurable_default_world_average,0.0007445809808310382,0.7445809808310383,0.0015675389070127122,17.058794364403848,172.11046348986798,70.0,6.664316087223165e-05,0.0012304795954944936,0.0002704161506459868,27.150772194960155,,
T1104,7ROA,A,boltz2,1,results/2026-06-09-combine-8models-gpu/predictions/T1104/boltz2/rank_001.pdb,true,0,46.936478816205636,46.936478816205636,1,,,,SHARED_MSA_A3M_FILE=results/2026-06-09-combine-8models-gpu/predictions/T1104/colabfold/tmp_colabfold_msa_search/T1104_qc_Yes_CASP15_7ROA_A_residue_58-189_seq_1-117_coverage_0.871212.a3m SHARED_MSA_DIR=results/2026-06-09-combine-8models-gpu/predictions/T1104/colabfold/tmp_colabfold_msa_search SHARED_MSA_METADATA_FILE=results/2026-06-09-combine-8models-gpu/metadata/prediction_manifest.csv bash runners/run_boltz2.sh results/2026-06-09-combine-8models-gpu/sequences/T1104.fasta results/2026-06-09-combine-8models-gpu/predictions/T1104/boltz2 1,,true,colabfold_mmseqs2,shared_precomputed_msa,,,true,true,true,,results/2026-06-09-combine-8models-gpu/predictions/T1104/colabfold/tmp_colabfold_msa_search,results/2026-06-09-combine-8models-gpu/predictions/T1104/colabfold/tmp_colabfold_msa_search/T1104_qc_Yes_CASP15_7ROA_A_residue_58-189_seq_1-117_coverage_0.871212.a3m,482,runner CodeCarbon output: results/2026-06-09-combine-8models-gpu/predictions/T1104/boltz2/carbon/T1104_boltz2_inference_emissions.csv,,,,,,,528.9364788162056,7.952752812810531,0.01674263750065375,,,,,,true,offline,WORLD,world,constant,475.0,configurable_default_world_average,0.0006020479053030575,0.6020479053030575,0.0012674692743222264,17.0119333509375,58.964473262364,70.0,0.00010801378864763561,0.0007146230716985613,0.0004448324139760291,45.262522832956165,,
T1106s1,7QIH,B,boltz2,1,results/2026-06-09-combine-8models-gpu/predictions/T1106s1/boltz2/rank_001.pdb,true,0,46.138015664881095,46.138015664881095,1,,,,SHARED_MSA_A3M_FILE=results/2026-06-09-combine-8models-gpu/predictions/T1106s1/colabfold/tmp_colabfold_msa_search/T1106s1_qc_No_CASP15_7QIH_B_residue_50-120_seq_1-122_coverage_0.946667.a3m SHARED_MSA_DIR=results/2026-06-09-combine-8models-gpu/predictions/T1106s1/colabfold/tmp_colabfold_msa_search SHARED_MSA_METADATA_FILE=results/2026-06-09-combine-8models-gpu/metadata/prediction_manifest.csv bash runners/run_boltz2.sh results/2026-06-09-combine-8models-gpu/sequences/T1106s1.fasta results/2026-06-09-combine-8models-gpu/predictions/T1106s1/boltz2 1,,true,colabfold_mmseqs2,shared_precomputed_msa,,,true,true,true,,results/2026-06-09-combine-8models-gpu/predictions/T1106s1/colabfold/tmp_colabfold_msa_search,results/2026-06-09-combine-8models-gpu/predictions/T1106s1/colabfold/tmp_colabfold_msa_search/T1106s1_qc_No_CASP15_7QIH_B_residue_50-120_seq_1-122_coverage_0.946667.a3m,495,runner CodeCarbon output: results/2026-06-09-combine-8models-gpu/predictions/T1106s1/boltz2/carbon/T1106s1_boltz2_inference_emissions.csv,,,,,,,541.1380156648811,8.325376985350198,0.017527109442842522,,,,,,true,offline,WORLD,world,constant,475.0,configurable_default_world_average,0.0006158337093754309,0.6158337093754309,0.0012964920197377494,17.208998496122103,63.05308632564852,70.0,0.00010752460799111554,0.0007507792117333878,0.00043818820001324636,44.46444208896719,,
T1106s2,7QIH,A,boltz2,1,results/2026-06-09-combine-8models-gpu/predictions/T1106s2/boltz2/rank_001.pdb,true,0,49.75211968901567,49.75211968901567,1,,,,SHARED_MSA_A3M_FILE=results/2026-06-09-combine-8models-gpu/predictions/T1106s2/colabfold/tmp_colabfold_msa_search/T1106s2_qc_Check_CASP15_7QIH_A_residue_2-112_seq_1-114_coverage_0.909836.a3m SHARED_MSA_DIR=results/2026-06-09-combine-8models-gpu/predictions/T1106s2/colabfold/tmp_colabfold_msa_search SHARED_MSA_METADATA_FILE=results/2026-06-09-combine-8models-gpu/metadata/prediction_manifest.csv bash runners/run_boltz2.sh results/2026-06-09-combine-8models-gpu/sequences/T1106s2.fasta results/2026-06-09-combine-8models-gpu/predictions/T1106s2/boltz2 1,,true,colabfold_mmseqs2,shared_precomputed_msa,,,true,true,true,,results/2026-06-09-combine-8models-gpu/predictions/T1106s2/colabfold/tmp_colabfold_msa_search,results/2026-06-09-combine-8models-gpu/predictions/T1106s2/colabfold/tmp_colabfold_msa_search/T1106s2_qc_Check_CASP15_7QIH_A_residue_2-112_seq_1-114_coverage_0.909836.a3m,514,runner CodeCarbon output: results/2026-06-09-combine-8models-gpu/predictions/T1106s2/boltz2/carbon/T1106s2_boltz2_inference_emissions.csv,,,,,,,563.7521196890157,8.644559591237872,0.01819907282365868,,,,,,true,offline,WORLD,world,constant,475.0,configurable_default_world_average,0.000662760850407397,0.6627608504073971,0.001395286000857678,25.521727358904243,58.671386249082666,70.0,0.00016836307331019967,0.0007574825504299554,0.0004694403771175226,48.07160801184364,,
T1112,8ORK,AAA,boltz2,1,results/2026-06-09-combine-8models-gpu/predictions/T1112/boltz2/rank_001.pdb,true,0,75.76749050500803,75.76749050500803,1,,,,SHARED_MSA_A3M_FILE=results/2026-06-09-combine-8models-gpu/predictions/T1112/colabfold/tmp_colabfold_msa_search/T1112_qc_Check_CASP15_8ORK_AAA_residue_2-460_seq_1-460_coverage_0.973913.a3m SHARED_MSA_DIR=results/2026-06-09-combine-8models-gpu/predictions/T1112/colabfold/tmp_colabfold_msa_search SHARED_MSA_METADATA_FILE=results/2026-06-09-combine-8models-gpu/metadata/prediction_manifest.csv bash runners/run_boltz2.sh results/2026-06-09-combine-8models-gpu/sequences/T1112.fasta results/2026-06-09-combine-8models-gpu/predictions/T1112/boltz2 1,,true,colabfold_mmseqs2,shared_precomputed_msa,,,true,true,true,,results/2026-06-09-combine-8models-gpu/predictions/T1112/colabfold/tmp_colabfold_msa_search,results/2026-06-09-combine-8models-gpu/predictions/T1112/colabfold/tmp_colabfold_msa_search/T1112_qc_Check_CASP15_8ORK_AAA_residue_2-460_seq_1-460_coverage_0.973913.a3m,503,runner CodeCarbon output: results/2026-06-09-combine-8models-gpu/predictions/T1112/boltz2/carbon/T1112_boltz2_inference_emissions.csv,,,,,,,578.767490505008,9.713748227376088,0.020449996268160187,,,,,,true,offline,WORLD,world,constant,475.0,configurable_default_world_average,0.0016341600340865326,1.6341600340865325,0.0034403369138663845,16.95145771421917,126.77204338639203,70.0,0.00017408603791738245,0.0025472595378062124,0.0007189913381427888,74.10017938585952,,
T1114s1,7UTD,Q,boltz2,1,results/2026-06-09-combine-8models-gpu/predictions/T1114s1/boltz2/rank_001.pdb,true,0,49.08118329010904,49.08118329010904,1,,,,SHARED_MSA_A3M_FILE=results/2026-06-09-combine-8models-gpu/predictions/T1114s1/colabfold/tmp_colabfold_msa_search/T1114s1_qc_No_CASP15_7UTD_Q_residue_20-78_seq_1-189_coverage_0.983333.a3m SHARED_MSA_DIR=results/2026-06-09-combine-8models-gpu/predictions/T1114s1/colabfold/tmp_colabfold_msa_search SHARED_MSA_METADATA_FILE=results/2026-06-09-combine-8models-gpu/metadata/prediction_manifest.csv bash runners/run_boltz2.sh results/2026-06-09-combine-8models-gpu/sequences/T1114s1.fasta results/2026-06-09-combine-8models-gpu/predictions/T1114s1/boltz2 1,,true,colabfold_mmseqs2,shared_precomputed_msa,,,true,true,true,,results/2026-06-09-combine-8models-gpu/predictions/T1114s1/colabfold/tmp_colabfold_msa_search,results/2026-06-09-combine-8models-gpu/predictions/T1114s1/colabfold/tmp_colabfold_msa_search/T1114s1_qc_No_CASP15_7UTD_Q_residue_20-78_seq_1-189_coverage_0.983333.a3m,487,runner CodeCarbon output: results/2026-06-09-combine-8models-gpu/predictions/T1114s1/boltz2/carbon/T1114s1_boltz2_inference_emissions.csv,,,,,,,536.081183290109,8.430045129850228,0.017747463431263637,,,,,,true,offline,WORLD,world,constant,475.0,configurable_default_world_average,0.0007350127054660737,0.7350127054660738,0.0015473951694022607,20.30277016762501,74.57557262643114,70.0,0.00013317318086680392,0.0009478063138006476,0.00046641567473480885,47.41434923000634,,
T1114s2,7UTD,B,boltz2,1,results/2026-06-09-combine-8models-gpu/predictions/T1114s2/boltz2/rank_001.pdb,true,0,64.6503083568532,64.6503083568532,1,,,,SHARED_MSA_A3M_FILE=results/2026-06-09-combine-8models-gpu/predictions/T1114s2/colabfold/tmp_colabfold_msa_search/T1114s2_qc_Check_CASP15_7UTD_B_residue_2-323_seq_1-369_coverage_0.872629.a3m SHARED_MSA_DIR=results/2026-06-09-combine-8models-gpu/predictions/T1114s2/colabfold/tmp_colabfold_msa_search SHARED_MSA_METADATA_FILE=results/2026-06-09-combine-8models-gpu/metadata/prediction_manifest.csv bash runners/run_boltz2.sh results/2026-06-09-combine-8models-gpu/sequences/T1114s2.fasta results/2026-06-09-combine-8models-gpu/predictions/T1114s2/boltz2 1,,true,colabfold_mmseqs2,shared_precomputed_msa,,,true,true,true,,results/2026-06-09-combine-8models-gpu/predictions/T1114s2/colabfold/tmp_colabfold_msa_search,results/2026-06-09-combine-8models-gpu/predictions/T1114s2/colabfold/tmp_colabfold_msa_search/T1114s2_qc_Check_CASP15_7UTD_B_residue_2-323_seq_1-369_coverage_0.872629.a3m,494,runner CodeCarbon output: results/2026-06-09-combine-8models-gpu/predictions/T1114s2/boltz2/carbon/T1114s2_boltz2_inference_emissions.csv,,,,,,,558.6503083568532,9.113260367878011,0.019185811300795812,,,,,,true,offline,WORLD,world,constant,475.0,configurable_default_world_average,0.001275703085391577,1.275703085391577,0.0026856907060875306,17.086871241532272,112.21496579708565,70.0,0.0001529678362365775,0.0019059979136857308,0.0006267249561652231,62.76494285999797,,
T1114s3,7UTD,A,boltz2,1,results/2026-06-09-combine-8models-gpu/predictions/T1114s3/boltz2/rank_001.pdb,true,0,96.62314748903736,96.62314748903736,1,,,,SHARED_MSA_A3M_FILE=results/2026-06-09-combine-8models-gpu/predictions/T1114s3/colabfold/tmp_colabfold_msa_search/T1114s3_qc_Check_CASP15_7UTD_A_residue_4-516_seq_1-535_coverage_0.998051.a3m SHARED_MSA_DIR=results/2026-06-09-combine-8models-gpu/predictions/T1114s3/colabfold/tmp_colabfold_msa_search SHARED_MSA_METADATA_FILE=results/2026-06-09-combine-8models-gpu/metadata/prediction_manifest.csv bash runners/run_boltz2.sh results/2026-06-09-combine-8models-gpu/sequences/T1114s3.fasta results/2026-06-09-combine-8models-gpu/predictions/T1114s3/boltz2 1,,true,colabfold_mmseqs2,shared_precomputed_msa,,,true,true,true,,results/2026-06-09-combine-8models-gpu/predictions/T1114s3/colabfold/tmp_colabfold_msa_search,results/2026-06-09-combine-8models-gpu/predictions/T1114s3/colabfold/tmp_colabfold_msa_search/T1114s3_qc_Check_CASP15_7UTD_A_residue_4-516_seq_1-535_coverage_0.998051.a3m,512,runner CodeCarbon output: results/2026-06-09-combine-8models-gpu/predictions/T1114s3/boltz2/carbon/T1114s3_boltz2_inference_emissions.csv,,,,,,,608.6231474890374,10.496095273285999,0.0220970426806021,,,,,,true,offline,WORLD,world,constant,475.0,configurable_default_world_average,0.0022917672712806977,2.2917672712806976,0.004824773202696205,19.161018357630322,140.71405415944616,70.0,0.0002530972033563192,0.0036361323533471435,0.0009355436459927458,94.952331319917,,
T1120,7QVB,B,boltz2,1,results/2026-06-09-combine-8models-gpu/predictions/T1120/boltz2/rank_001.pdb,true,0,49.748899014201015,49.748899014201015,1,,,,SHARED_MSA_A3M_FILE=results/2026-06-09-combine-8models-gpu/predictions/T1120/colabfold/tmp_colabfold_msa_search/T1120_qc_Check_CASP15_7QVB_B_residue_4-231_seq_1-235_coverage_0.970213.a3m SHARED_MSA_DIR=results/2026-06-09-combine-8models-gpu/predictions/T1120/colabfold/tmp_colabfold_msa_search SHARED_MSA_METADATA_FILE=results/2026-06-09-combine-8models-gpu/metadata/prediction_manifest.csv bash runners/run_boltz2.sh results/2026-06-09-combine-8models-gpu/sequences/T1120.fasta results/2026-06-09-combine-8models-gpu/predictions/T1120/boltz2 1,,true,colabfold_mmseqs2,shared_precomputed_msa,,,true,true,true,,results/2026-06-09-combine-8models-gpu/predictions/T1120/colabfold/tmp_colabfold_msa_search,results/2026-06-09-combine-8models-gpu/predictions/T1120/colabfold/tmp_colabfold_msa_search/T1120_qc_Check_CASP15_7QVB_B_residue_4-231_seq_1-235_coverage_0.970213.a3m,500,runner CodeCarbon output: results/2026-06-09-combine-8models-gpu/predictions/T1120/boltz2/carbon/T1120_boltz2_inference_emissions.csv,,,,,,,549.748899014201,8.63833353549127,0.018185965337876357,,,,,,true,offline,WORLD,world,constant,475.0,configurable_default_world_average,0.0007593601814850573,0.7593601814850572,0.0015986530136527521,17.13767240028193,78.51596030502138,70.0,0.00011493741014750533,0.0010137966443695134,0.00046991895913573285,48.07311599608511,,
T1122,8BBT,A,boltz2,1,results/2026-06-09-combine-8models-gpu/predictions/T1122/boltz2/rank_001.pdb,true,0,49.39409193303436,49.39409193303436,1,,,,SHARED_MSA_A3M_FILE=results/2026-06-09-combine-8models-gpu/predictions/T1122/colabfold/tmp_colabfold_msa_search/T1122_qc_Yes_CASP15_8BBT_A_residue_4-237_seq_1-241_coverage_0.954357.a3m SHARED_MSA_DIR=results/2026-06-09-combine-8models-gpu/predictions/T1122/colabfold/tmp_colabfold_msa_search SHARED_MSA_METADATA_FILE=results/2026-06-09-combine-8models-gpu/metadata/prediction_manifest.csv bash runners/run_boltz2.sh results/2026-06-09-combine-8models-gpu/sequences/T1122.fasta results/2026-06-09-combine-8models-gpu/predictions/T1122/boltz2 1,,true,colabfold_mmseqs2,shared_precomputed_msa,,,true,true,true,,results/2026-06-09-combine-8models-gpu/predictions/T1122/colabfold/tmp_colabfold_msa_search,results/2026-06-09-combine-8models-gpu/predictions/T1122/colabfold/tmp_colabfold_msa_search/T1122_qc_Yes_CASP15_8BBT_A_residue_4-237_seq_1-241_coverage_0.954357.a3m,506,runner CodeCarbon output: results/2026-06-09-combine-8models-gpu/predictions/T1122/boltz2/carbon/T1122_boltz2_inference_emissions.csv,,,,,,,555.3940919330344,8.764622294921779,0.01845183641036164,,,,,,true,offline,WORLD,world,constant,475.0,configurable_default_world_average,0.0007621423744921961,0.7621423744921961,0.0016045102620888339,17.099499091914897,78.67090812007817,70.0,0.00011760045558305153,0.0010051624707960727,0.000481747335709709,47.7229983410798,,
T1129s2,8A8C,B,boltz2,1,results/2026-06-09-combine-8models-gpu/predictions/T1129s2/boltz2/rank_001.pdb,true,0,109.55718305520713,109.55718305520713,1,,,,SHARED_MSA_A3M_FILE=results/2026-06-09-combine-8models-gpu/predictions/T1129s2/colabfold/tmp_colabfold_msa_search/T1129s2_qc_Yes_CASP15_8A8C_B_residue_41-640_seq_1-640_coverage_0.825000.a3m SHARED_MSA_DIR=results/2026-06-09-combine-8models-gpu/predictions/T1129s2/colabfold/tmp_colabfold_msa_search SHARED_MSA_METADATA_FILE=results/2026-06-09-combine-8models-gpu/metadata/prediction_manifest.csv bash runners/run_boltz2.sh results/2026-06-09-combine-8models-gpu/sequences/T1129s2.fasta results/2026-06-09-combine-8models-gpu/predictions/T1129s2/boltz2 1,,true,colabfold_mmseqs2,shared_precomputed_msa,,,true,true,true,,results/2026-06-09-combine-8models-gpu/predictions/T1129s2/colabfold/tmp_colabfold_msa_search,results/2026-06-09-combine-8models-gpu/predictions/T1129s2/colabfold/tmp_colabfold_msa_search/T1129s2_qc_Yes_CASP15_8A8C_B_residue_41-640_seq_1-640_coverage_0.825000.a3m,494,runner CodeCarbon output: results/2026-06-09-combine-8models-gpu/predictions/T1129s2/boltz2/carbon/T1129s2_boltz2_inference_emissions.csv,,,,,,,603.5571830552071,10.749187855605687,0.02262986916969618,,,,,,true,offline,WORLD,world,constant,475.0,configurable_default_world_average,0.0027342033236093777,2.734203323609378,0.005756217523388164,17.925835624934553,150.47728667424178,70.0,0.00026907208519471324,0.00442883854306686,0.0010583068951265891,107.89025186095387,,
T1133,8DYS,A,boltz2,1,results/2026-06-09-combine-8models-gpu/predictions/T1133/boltz2/rank_001.pdb,true,0,102.91829607798718,102.91829607798718,1,,,,SHARED_MSA_A3M_FILE=results/2026-06-09-combine-8models-gpu/predictions/T1133/colabfold/tmp_colabfold_msa_search/T1133_qc_Check_CASP15_8DYS_A_residue_4-427_seq_1-585_coverage_0.699145.a3m SHARED_MSA_DIR=results/2026-06-09-combine-8models-gpu/predictions/T1133/colabfold/tmp_colabfold_msa_search SHARED_MSA_METADATA_FILE=results/2026-06-09-combine-8models-gpu/metadata/prediction_manifest.csv bash runners/run_boltz2.sh results/2026-06-09-combine-8models-gpu/sequences/T1133.fasta results/2026-06-09-combine-8models-gpu/predictions/T1133/boltz2 1,,true,colabfold_mmseqs2,shared_precomputed_msa,,,true,true,true,,results/2026-06-09-combine-8models-gpu/predictions/T1133/colabfold/tmp_colabfold_msa_search,results/2026-06-09-combine-8models-gpu/predictions/T1133/colabfold/tmp_colabfold_msa_search/T1133_qc_Check_CASP15_8DYS_A_residue_4-427_seq_1-585_coverage_0.699145.a3m,538,runner CodeCarbon output: results/2026-06-09-combine-8models-gpu/predictions/T1133/boltz2/carbon/T1133_boltz2_inference_emissions.csv,,,,,,,640.9182960779872,11.02808131768027,0.023217013300379515,,,,,,true,offline,WORLD,world,constant,475.0,configurable_default_world_average,0.002494897643868718,2.4948976438687183,0.005252416092355197,16.933066787587478,145.84245839125006,70.0,0.0002481745093286336,0.004010619319604558,0.0009936222634220034,101.01826932886615,,
T1134s1,7UBZ,A,boltz2,1,results/2026-06-09-combine-8models-gpu/predictions/T1134s1/boltz2/rank_001.pdb,true,0,50.159243270987645,50.159243270987645,1,,,,SHARED_MSA_A3M_FILE=results/2026-06-09-combine-8models-gpu/predictions/T1134s1/colabfold/tmp_colabfold_msa_search/T1134s1_qc_Check_CASP15_7UBZ_A_residue_1-230_seq_1-230_coverage_1.000000.a3m SHARED_MSA_DIR=results/2026-06-09-combine-8models-gpu/predictions/T1134s1/colabfold/tmp_colabfold_msa_search SHARED_MSA_METADATA_FILE=results/2026-06-09-combine-8models-gpu/metadata/prediction_manifest.csv bash runners/run_boltz2.sh results/2026-06-09-combine-8models-gpu/sequences/T1134s1.fasta results/2026-06-09-combine-8models-gpu/predictions/T1134s1/boltz2 1,,true,colabfold_mmseqs2,shared_precomputed_msa,,,true,true,true,,results/2026-06-09-combine-8models-gpu/predictions/T1134s1/colabfold/tmp_colabfold_msa_search,results/2026-06-09-combine-8models-gpu/predictions/T1134s1/colabfold/tmp_colabfold_msa_search/T1134s1_qc_Check_CASP15_7UBZ_A_residue_1-230_seq_1-230_coverage_1.000000.a3m,509,runner CodeCarbon output: results/2026-06-09-combine-8models-gpu/predictions/T1134s1/boltz2/carbon/T1134s1_boltz2_inference_emissions.csv,,,,,,,559.1592432709876,8.804517964271387,0.01853582729320292,,,,,,true,offline,WORLD,world,constant,475.0,configurable_default_world_average,0.0007811777764638987,0.7811777764638987,0.0016445847925555762,17.355739758734046,80.53542242308069,70.0,0.00011818019673633063,0.0010486802833877817,0.00047772431243146374,48.503738660831004,,
T1134s2,7UBZ,D,boltz2,1,results/2026-06-09-combine-8models-gpu/predictions/T1134s2/boltz2/rank_001.pdb,true,0,59.84650843497366,59.84650843497366,1,,,,SHARED_MSA_A3M_FILE=results/2026-06-09-combine-8models-gpu/predictions/T1134s2/colabfold/tmp_colabfold_msa_search/T1134s2_qc_Check_CASP15_7UBZ_D_residue_168-472_seq_1-313_coverage_0.645367.a3m SHARED_MSA_DIR=results/2026-06-09-combine-8models-gpu/predictions/T1134s2/colabfold/tmp_colabfold_msa_search SHARED_MSA_METADATA_FILE=results/2026-06-09-combine-8models-gpu/metadata/prediction_manifest.csv bash runners/run_boltz2.sh results/2026-06-09-combine-8models-gpu/sequences/T1134s2.fasta results/2026-06-09-combine-8models-gpu/predictions/T1134s2/boltz2 1,,true,colabfold_mmseqs2,shared_precomputed_msa,,,true,true,true,,results/2026-06-09-combine-8models-gpu/predictions/T1134s2/colabfold/tmp_colabfold_msa_search,results/2026-06-09-combine-8models-gpu/predictions/T1134s2/colabfold/tmp_colabfold_msa_search/T1134s2_qc_Check_CASP15_7UBZ_D_residue_168-472_seq_1-313_coverage_0.645367.a3m,504,runner CodeCarbon output: results/2026-06-09-combine-8models-gpu/predictions/T1134s2/boltz2/carbon/T1134s2_boltz2_inference_emissions.csv,,,,,,,563.8465084349737,8.95047994541842,0.018843115674565095,,,,,,true,offline,WORLD,world,constant,475.0,configurable_default_world_average,0.0010467411036792,1.0467411036791998,0.0022036654814298943,24.021967713671042,92.02585184055856,70.0,0.00019228536527049416,0.001443903932899282,0.0005674761832601185,58.200711047975346,,
T1137s1,8FEF,A,boltz2,1,results/2026-06-09-combine-8models-gpu/predictions/T1137s1/boltz2/rank_001.pdb,true,0,71.3398060540203,71.3398060540203,1,,,,SHARED_MSA_A3M_FILE=results/2026-06-09-combine-8models-gpu/predictions/T1137s1/colabfold/tmp_colabfold_msa_search/T1137s1_qc_Yes_CASP15_8FEF_A_residue_18-409_seq_1-409_coverage_0.958435.a3m SHARED_MSA_DIR=results/2026-06-09-combine-8models-gpu/predictions/T1137s1/colabfold/tmp_colabfold_msa_search SHARED_MSA_METADATA_FILE=results/2026-06-09-combine-8models-gpu/metadata/prediction_manifest.csv bash runners/run_boltz2.sh results/2026-06-09-combine-8models-gpu/sequences/T1137s1.fasta results/2026-06-09-combine-8models-gpu/predictions/T1137s1/boltz2 1,,true,colabfold_mmseqs2,shared_precomputed_msa,,,true,true,true,,results/2026-06-09-combine-8models-gpu/predictions/T1137s1/colabfold/tmp_colabfold_msa_search,results/2026-06-09-combine-8models-gpu/predictions/T1137s1/colabfold/tmp_colabfold_msa_search/T1137s1_qc_Yes_CASP15_8FEF_A_residue_18-409_seq_1-409_coverage_0.958435.a3m,518,runner CodeCarbon output: results/2026-06-09-combine-8models-gpu/predictions/T1137s1/boltz2/carbon/T1137s1_boltz2_inference_emissions.csv,,,,,,,589.3398060540203,9.742651246902227,0.02051084473032048,,,,,,true,offline,WORLD,world,constant,475.0,configurable_default_world_average,0.0014701294992793175,1.4701294992793175,0.003095009472166984,16.910230697608693,118.285607428938,70.0,0.0001683211035355193,0.0022354809550497734,0.0006912074135816919,69.65755589189939,,
T1137s2,8FEF,B,boltz2,1,results/2026-06-09-combine-8models-gpu/predictions/T1137s2/boltz2/rank_001.pdb,true,0,61.52397610596381,61.52397610596381,1,,,,SHARED_MSA_A3M_FILE=results/2026-06-09-combine-8models-gpu/predictions/T1137s2/colabfold/tmp_colabfold_msa_search/T1137s2_qc_Yes_CASP15_8FEF_B_residue_2-343_seq_1-343_coverage_0.976676.a3m SHARED_MSA_DIR=results/2026-06-09-combine-8models-gpu/predictions/T1137s2/colabfold/tmp_colabfold_msa_search SHARED_MSA_METADATA_FILE=results/2026-06-09-combine-8models-gpu/metadata/prediction_manifest.csv bash runners/run_boltz2.sh results/2026-06-09-combine-8models-gpu/sequences/T1137s2.fasta results/2026-06-09-combine-8models-gpu/predictions/T1137s2/boltz2 1,,true,colabfold_mmseqs2,shared_precomputed_msa,,,true,true,true,,results/2026-06-09-combine-8models-gpu/predictions/T1137s2/colabfold/tmp_colabfold_msa_search,results/2026-06-09-combine-8models-gpu/predictions/T1137s2/colabfold/tmp_colabfold_msa_search/T1137s2_qc_Yes_CASP15_8FEF_B_residue_2-343_seq_1-343_coverage_0.976676.a3m,525,runner CodeCarbon output: results/2026-06-09-combine-8models-gpu/predictions/T1137s2/boltz2/carbon/T1137s2_boltz2_inference_emissions.csv,,,,,,,586.5239761059638,9.48975085136839,0.019978422844986084,,,,,,true,offline,WORLD,world,constant,475.0,configurable_default_world_average,0.0011740339620856801,1.1740339620856801,0.0024716504464961687,16.862973783457623,106.81894050532571,70.0,0.0001429987013225773,0.0017288630497569457,0.0005997886954166461,59.85249672294594,,
T1137s3,8FEF,C,boltz2,1,results/2026-06-09-combine-8models-gpu/predictions/T1137s3/boltz2/rank_001.pdb,true,0,92.69262611703016,92.69262611703016,1,,,,SHARED_MSA_A3M_FILE=results/2026-06-09-combine-8models-gpu/predictions/T1137s3/colabfold/tmp_colabfold_msa_search/T1137s3_qc_Check_CASP15_8FEF_C_residue_1-310_seq_1-524_coverage_0.591603.a3m SHARED_MSA_DIR=results/2026-06-09-combine-8models-gpu/predictions/T1137s3/colabfold/tmp_colabfold_msa_search SHARED_MSA_METADATA_FILE=results/2026-06-09-combine-8models-gpu/metadata/prediction_manifest.csv bash runners/run_boltz2.sh results/2026-06-09-combine-8models-gpu/sequences/T1137s3.fasta results/2026-06-09-combine-8models-gpu/predictions/T1137s3/boltz2 1,,true,colabfold_mmseqs2,shared_precomputed_msa,,,true,true,true,,results/2026-06-09-combine-8models-gpu/predictions/T1137s3/colabfold/tmp_colabfold_msa_search,results/2026-06-09-combine-8models-gpu/predictions/T1137s3/colabfold/tmp_colabfold_msa_search/T1137s3_qc_Check_CASP15_8FEF_C_residue_1-310_seq_1-524_coverage_0.591603.a3m,531,runner CodeCarbon output: results/2026-06-09-combine-8models-gpu/predictions/T1137s3/boltz2/carbon/T1137s3_boltz2_inference_emissions.csv,,,,,,,623.6926261170302,10.563152880532423,0.02223821659059457,,,,,,true,offline,WORLD,world,constant,475.0,configurable_default_world_average,0.0021435386976446226,2.1435386976446225,0.00451271304767289,20.882388687691638,135.3282585153002,70.0,0.0002635670374833328,0.003350478791491085,0.0008986672186984733,91.00326871708967,,
T1137s4,8FEF,D,boltz2,1,results/2026-06-09-combine-8models-gpu/predictions/T1137s4/boltz2/rank_001.pdb,true,0,96.55067868484184,96.55067868484184,1,,,,SHARED_MSA_A3M_FILE=results/2026-06-09-combine-8models-gpu/predictions/T1137s4/colabfold/tmp_colabfold_msa_search/T1137s4_qc_Check_CASP15_8FEF_D_residue_42-468_seq_1-547_coverage_0.703839.a3m SHARED_MSA_DIR=results/2026-06-09-combine-8models-gpu/predictions/T1137s4/colabfold/tmp_colabfold_msa_search SHARED_MSA_METADATA_FILE=results/2026-06-09-combine-8models-gpu/metadata/prediction_manifest.csv bash runners/run_boltz2.sh results/2026-06-09-combine-8models-gpu/sequences/T1137s4.fasta results/2026-06-09-combine-8models-gpu/predictions/T1137s4/boltz2 1,,true,colabfold_mmseqs2,shared_precomputed_msa,,,true,true,true,,results/2026-06-09-combine-8models-gpu/predictions/T1137s4/colabfold/tmp_colabfold_msa_search,results/2026-06-09-combine-8models-gpu/predictions/T1137s4/colabfold/tmp_colabfold_msa_search/T1137s4_qc_Check_CASP15_8FEF_D_residue_42-468_seq_1-547_coverage_0.703839.a3m,536,runner CodeCarbon output: results/2026-06-09-combine-8models-gpu/predictions/T1137s4/boltz2/carbon/T1137s4_boltz2_inference_emissions.csv,,,,,,,632.5506786848418,10.821141034213426,0.022781349545712475,,,,,,true,offline,WORLD,world,constant,475.0,configurable_default_world_average,0.0022906271619454435,2.2906271619454435,0.0048223729725167235,16.655091304499983,142.23685717962542,70.0,0.00022049392721751532,0.0036693721021627823,0.0009325069431364284,94.87488677888177,,
T1137s5,8FEF,E,boltz2,1,results/2026-06-09-combine-8models-gpu/predictions/T1137s5/boltz2/rank_001.pdb,true,0,68.59336289390922,68.59336289390922,1,,,,SHARED_MSA_A3M_FILE=results/2026-06-09-combine-8models-gpu/predictions/T1137s5/colabfold/tmp_colabfold_msa_search/T1137s5_qc_Yes_CASP15_8FEF_E_residue_33-390_seq_1-390_coverage_0.917949.a3m SHARED_MSA_DIR=results/2026-06-09-combine-8models-gpu/predictions/T1137s5/colabfold/tmp_colabfold_msa_search SHARED_MSA_METADATA_FILE=results/2026-06-09-combine-8models-gpu/metadata/prediction_manifest.csv bash runners/run_boltz2.sh results/2026-06-09-combine-8models-gpu/sequences/T1137s5.fasta results/2026-06-09-combine-8models-gpu/predictions/T1137s5/boltz2 1,,true,colabfold_mmseqs2,shared_precomputed_msa,,,true,true,true,,results/2026-06-09-combine-8models-gpu/predictions/T1137s5/colabfold/tmp_colabfold_msa_search,results/2026-06-09-combine-8models-gpu/predictions/T1137s5/colabfold/tmp_colabfold_msa_search/T1137s5_qc_Yes_CASP15_8FEF_E_residue_33-390_seq_1-390_coverage_0.917949.a3m,532,runner CodeCarbon output: results/2026-06-09-combine-8models-gpu/predictions/T1137s5/boltz2/carbon/T1137s5_boltz2_inference_emissions.csv,,,,,,,600.5933628939092,9.869328277441003,0.020777533215665264,,,,,,true,offline,WORLD,world,constant,475.0,configurable_default_world_average,0.0014450957074199832,1.4450957074199833,0.0030423067524631225,17.036003352375012,122.47652448820106,70.0,0.000161685269940955,0.0022168109401139446,0.0006638105424082219,66.92057398986071,,
T1137s6,8FEF,F,boltz2,1,results/2026-06-09-combine-8models-gpu/predictions/T1137s6/boltz2/rank_001.pdb,true,0,91.64385229884647,91.64385229884647,1,,,,SHARED_MSA_A3M_FILE=results/2026-06-09-combine-8models-gpu/predictions/T1137s6/colabfold/tmp_colabfold_msa_search/T1137s6_qc_Check_CASP15_8FEF_F_residue_1-399_seq_1-518_coverage_0.770270.a3m SHARED_MSA_DIR=results/2026-06-09-combine-8models-gpu/predictions/T1137s6/colabfold/tmp_colabfold_msa_search SHARED_MSA_METADATA_FILE=results/2026-06-09-combine-8models-gpu/metadata/prediction_manifest.csv bash runners/run_boltz2.sh results/2026-06-09-combine-8models-gpu/sequences/T1137s6.fasta results/2026-06-09-combine-8models-gpu/predictions/T1137s6/boltz2 1,,true,colabfold_mmseqs2,shared_precomputed_msa,,,true,true,true,,results/2026-06-09-combine-8models-gpu/predictions/T1137s6/colabfold/tmp_colabfold_msa_search,results/2026-06-09-combine-8models-gpu/predictions/T1137s6/colabfold/tmp_colabfold_msa_search/T1137s6_qc_Check_CASP15_8FEF_F_residue_1-399_seq_1-518_coverage_0.770270.a3m,520,runner CodeCarbon output: results/2026-06-09-combine-8models-gpu/predictions/T1137s6/boltz2/carbon/T1137s6_boltz2_inference_emissions.csv,,,,,,,611.6438522988465,10.459316326374111,0.022019613318682338,,,,,,true,offline,WORLD,world,constant,475.0,configurable_default_world_average,0.002147380740904107,2.147380740904107,0.00452080155979812,16.809343180955057,139.7355423945459,70.0,0.0002134545531413831,0.0034197755135965124,0.0008875714930602245,89.99020271189511,,
T1137s7,8FEF,G,boltz2,1,results/2026-06-09-combine-8models-gpu/predictions/T1137s7/boltz2/rank_001.pdb,true,0,128.8638735790737,128.8638735790737,1,,,,SHARED_MSA_A3M_FILE=results/2026-06-09-combine-8models-gpu/predictions/T1137s7/colabfold/tmp_colabfold_msa_search/T1137s7_qc_Check_CASP15_8FEF_G_residue_2-325_seq_1-653_coverage_0.457887.a3m SHARED_MSA_DIR=results/2026-06-09-combine-8models-gpu/predictions/T1137s7/colabfold/tmp_colabfold_msa_search SHARED_MSA_METADATA_FILE=results/2026-06-09-combine-8models-gpu/metadata/prediction_manifest.csv bash runners/run_boltz2.sh results/2026-06-09-combine-8models-gpu/sequences/T1137s7.fasta results/2026-06-09-combine-8models-gpu/predictions/T1137s7/boltz2 1,,true,colabfold_mmseqs2,shared_precomputed_msa,,,true,true,true,,results/2026-06-09-combine-8models-gpu/predictions/T1137s7/colabfold/tmp_colabfold_msa_search,results/2026-06-09-combine-8models-gpu/predictions/T1137s7/colabfold/tmp_colabfold_msa_search/T1137s7_qc_Check_CASP15_8FEF_G_residue_2-325_seq_1-653_coverage_0.457887.a3m,760,runner CodeCarbon output: results/2026-06-09-combine-8models-gpu/predictions/T1137s7/boltz2/carbon/T1137s7_boltz2_inference_emissions.csv,,,,,,,888.8638735790737,14.813566225782113,0.031186455212172868,,,,,,true,offline,WORLD,world,constant,475.0,configurable_default_world_average,0.0032786053477796427,3.2786053477796426,0.006902327047957142,18.744010730892835,154.2817444940671,70.0,0.00032727306508652015,0.005350254002421728,0.001224799980448895,127.18607512395829,,
T1137s8,8FEF,I,boltz2,1,results/2026-06-09-combine-8models-gpu/predictions/T1137s8/boltz2/rank_001.pdb,true,0,53.665063564898446,53.665063564898446,1,,,,SHARED_MSA_A3M_FILE=results/2026-06-09-combine-8models-gpu/predictions/T1137s8/colabfold/tmp_colabfold_msa_search/T1137s8_qc_Yes_CASP15_8FEF_I_residue_14-266_seq_1-266_coverage_0.951128.a3m SHARED_MSA_DIR=results/2026-06-09-combine-8models-gpu/predictions/T1137s8/colabfold/tmp_colabfold_msa_search SHARED_MSA_METADATA_FILE=results/2026-06-09-combine-8models-gpu/metadata/prediction_manifest.csv bash runners/run_boltz2.sh results/2026-06-09-combine-8models-gpu/sequences/T1137s8.fasta results/2026-06-09-combine-8models-gpu/predictions/T1137s8/boltz2 1,,true,colabfold_mmseqs2,shared_precomputed_msa,,,true,true,true,,results/2026-06-09-combine-8models-gpu/predictions/T1137s8/colabfold/tmp_colabfold_msa_search,results/2026-06-09-combine-8models-gpu/predictions/T1137s8/colabfold/tmp_colabfold_msa_search/T1137s8_qc_Yes_CASP15_8FEF_I_residue_14-266_seq_1-266_coverage_0.951128.a3m,507,runner CodeCarbon output: results/2026-06-09-combine-8models-gpu/predictions/T1137s8/boltz2/carbon/T1137s8_boltz2_inference_emissions.csv,,,,,,,560.6650635648984,8.934139743258989,0.018808715248966292,,,,,,true,offline,WORLD,world,constant,475.0,configurable_default_world_average,0.000918174285618186,0.918174285618186,0.0019329984960382864,16.779566004073537,91.71836952277388,70.0,0.00012397558002205615,0.0012830643597832037,0.0005259585562330258,51.990635151043534,,
T1137s9,8FEF,J,boltz2,1,results/2026-06-09-combine-8models-gpu/predictions/T1137s9/boltz2/rank_001.pdb,true,0,56.38940190919675,56.38940190919675,1,,,,SHARED_MSA_A3M_FILE=results/2026-06-09-combine-8models-gpu/predictions/T1137s9/colabfold/tmp_colabfold_msa_search/T1137s9_qc_Yes_CASP15_8FEF_J_residue_27-289_seq_1-289_coverage_0.910035.a3m SHARED_MSA_DIR=results/2026-06-09-combine-8models-gpu/predictions/T1137s9/colabfold/tmp_colabfold_msa_search SHARED_MSA_METADATA_FILE=results/2026-06-09-combine-8models-gpu/metadata/prediction_manifest.csv bash runners/run_boltz2.sh results/2026-06-09-combine-8models-gpu/sequences/T1137s9.fasta results/2026-06-09-combine-8models-gpu/predictions/T1137s9/boltz2 1,,true,colabfold_mmseqs2,shared_precomputed_msa,,,true,true,true,,results/2026-06-09-combine-8models-gpu/predictions/T1137s9/colabfold/tmp_colabfold_msa_search,results/2026-06-09-combine-8models-gpu/predictions/T1137s9/colabfold/tmp_colabfold_msa_search/T1137s9_qc_Yes_CASP15_8FEF_J_residue_27-289_seq_1-289_coverage_0.910035.a3m,505,runner CodeCarbon output: results/2026-06-09-combine-8models-gpu/predictions/T1137s9/boltz2/carbon/T1137s9_boltz2_inference_emissions.csv,,,,,,,561.3894019091967,8.869547144975474,0.018672730831527314,,,,,,true,offline,WORLD,world,constant,475.0,configurable_default_world_average,0.0009843202139306927,0.9843202139306927,0.002072253081959353,17.282062532166666,94.17138140338494,70.0,0.00013538201135255597,0.0013878802769706766,0.0005489907936361204,54.709215758834034,,
T1145,7UWW,A,boltz2,1,results/2026-06-09-combine-8models-gpu/predictions/T1145/boltz2/rank_001.pdb,true,0,117.3717666331213,117.3717666331213,1,,,,SHARED_MSA_A3M_FILE=results/2026-06-09-combine-8models-gpu/predictions/T1145/colabfold/tmp_colabfold_msa_search/T1145_qc_Check_CASP15_7UWW_A_residue_34-665_seq_1-635_coverage_0.995276.a3m SHARED_MSA_DIR=results/2026-06-09-combine-8models-gpu/predictions/T1145/colabfold/tmp_colabfold_msa_search SHARED_MSA_METADATA_FILE=results/2026-06-09-combine-8models-gpu/metadata/prediction_manifest.csv bash runners/run_boltz2.sh results/2026-06-09-combine-8models-gpu/sequences/T1145.fasta results/2026-06-09-combine-8models-gpu/predictions/T1145/boltz2 1,,true,colabfold_mmseqs2,shared_precomputed_msa,,,true,true,true,,results/2026-06-09-combine-8models-gpu/predictions/T1145/colabfold/tmp_colabfold_msa_search,results/2026-06-09-combine-8models-gpu/predictions/T1145/colabfold/tmp_colabfold_msa_search/T1145_qc_Check_CASP15_7UWW_A_residue_34-665_seq_1-635_coverage_0.995276.a3m,533,runner CodeCarbon output: results/2026-06-09-combine-8models-gpu/predictions/T1145/boltz2/carbon/T1145_boltz2_inference_emissions.csv,,,,,,,650.3717666331213,11.383892956130765,0.02396609043395951,,,,,,true,offline,WORLD,world,constant,475.0,configurable_default_world_average,0.0028733511608528585,2.8733511608528586,0.006049160338637597,20.13202710513258,145.16497276869285,70.0,0.0003233947555988615,0.004596005343467269,0.0011297602395714621,115.7225675128866,,
T1147,8EM5,A,boltz2,1,results/2026-06-09-combine-8models-gpu/predictions/T1147/boltz2/rank_001.pdb,true,0,48.56432339409366,48.56432339409366,1,,,,SHARED_MSA_A3M_FILE=results/2026-06-09-combine-8models-gpu/predictions/T1147/colabfold/tmp_colabfold_msa_search/T1147_qc_Check_CASP15_8EM5_A_residue_12-103_seq_1-103_coverage_0.893204.a3m SHARED_MSA_DIR=results/2026-06-09-combine-8models-gpu/predictions/T1147/colabfold/tmp_colabfold_msa_search SHARED_MSA_METADATA_FILE=results/2026-06-09-combine-8models-gpu/metadata/prediction_manifest.csv bash runners/run_boltz2.sh results/2026-06-09-combine-8models-gpu/sequences/T1147.fasta results/2026-06-09-combine-8models-gpu/predictions/T1147/boltz2 1,,true,colabfold_mmseqs2,shared_precomputed_msa,,,true,true,true,,results/2026-06-09-combine-8models-gpu/predictions/T1147/colabfold/tmp_colabfold_msa_search,results/2026-06-09-combine-8models-gpu/predictions/T1147/colabfold/tmp_colabfold_msa_search/T1147_qc_Check_CASP15_8EM5_A_residue_12-103_seq_1-103_coverage_0.893204.a3m,505,runner CodeCarbon output: results/2026-06-09-combine-8models-gpu/predictions/T1147/boltz2/carbon/T1147_boltz2_inference_emissions.csv,,,,,,,553.5643233940937,8.564300043577687,0.01803010535490039,,,,,,true,offline,WORLD,world,constant,475.0,configurable_default_world_average,0.0006851495005095994,0.6851495005095994,0.0014424200010728408,21.38019438440218,65.29658682560887,70.0,0.00014652564208791465,0.0008200403782545607,0.00047585398073036534,46.86798782204278,,
T1151s2,8D5V,A,boltz2,1,results/2026-06-09-combine-8models-gpu/predictions/T1151s2/boltz2/rank_001.pdb,true,0,48.462295087985694,48.462295087985694,1,,,,SHARED_MSA_A3M_FILE=results/2026-06-09-combine-8models-gpu/predictions/T1151s2/colabfold/tmp_colabfold_msa_search/T1151s2_qc_Check_CASP15_8D5V_A_residue_8-91_seq_1-116_coverage_0.724138.a3m SHARED_MSA_DIR=results/2026-06-09-combine-8models-gpu/predictions/T1151s2/colabfold/tmp_colabfold_msa_search SHARED_MSA_METADATA_FILE=results/2026-06-09-combine-8models-gpu/metadata/prediction_manifest.csv bash runners/run_boltz2.sh results/2026-06-09-combine-8models-gpu/sequences/T1151s2.fasta results/2026-06-09-combine-8models-gpu/predictions/T1151s2/boltz2 1,,true,colabfold_mmseqs2,shared_precomputed_msa,,,true,true,true,,results/2026-06-09-combine-8models-gpu/predictions/T1151s2/colabfold/tmp_colabfold_msa_search,results/2026-06-09-combine-8models-gpu/predictions/T1151s2/colabfold/tmp_colabfold_msa_search/T1151s2_qc_Check_CASP15_8D5V_A_residue_8-91_seq_1-116_coverage_0.724138.a3m,505,runner CodeCarbon output: results/2026-06-09-combine-8models-gpu/predictions/T1151s2/boltz2/carbon/T1151s2_boltz2_inference_emissions.csv,,,,,,,553.4622950879857,8.53714262882979,0.01797293185016798,,,,,,true,offline,WORLD,world,constant,475.0,configurable_default_world_average,0.0006736930390498306,0.6736930390498306,0.0014183011348417485,16.79214470820653,66.7101523373816,70.0,0.00011248386456702218,0.0008331892776629601,0.00047262799261176653,46.72747095208615,,
T1155,8PBV,A,boltz2,1,results/2026-06-09-combine-8models-gpu/predictions/T1155/boltz2/rank_001.pdb,true,0,45.880434153135866,45.880434153135866,1,,,,SHARED_MSA_A3M_FILE=results/2026-06-09-combine-8models-gpu/predictions/T1155/colabfold/tmp_colabfold_msa_search/T1155_qc_Yes_CASP15_8PBV_A_residue_1-116_seq_1-116_coverage_1.000000.a3m SHARED_MSA_DIR=results/2026-06-09-combine-8models-gpu/predictions/T1155/colabfold/tmp_colabfold_msa_search SHARED_MSA_METADATA_FILE=results/2026-06-09-combine-8models-gpu/metadata/prediction_manifest.csv bash runners/run_boltz2.sh results/2026-06-09-combine-8models-gpu/sequences/T1155.fasta results/2026-06-09-combine-8models-gpu/predictions/T1155/boltz2 1,,true,colabfold_mmseqs2,shared_precomputed_msa,,,true,true,true,,results/2026-06-09-combine-8models-gpu/predictions/T1155/colabfold/tmp_colabfold_msa_search,results/2026-06-09-combine-8models-gpu/predictions/T1155/colabfold/tmp_colabfold_msa_search/T1155_qc_Yes_CASP15_8PBV_A_residue_1-116_seq_1-116_coverage_1.000000.a3m,501,runner CodeCarbon output: results/2026-06-09-combine-8models-gpu/predictions/T1155/boltz2/carbon/T1155_boltz2_inference_emissions.csv,,,,,,,546.8804341531359,8.422290836920677,0.01773113860404353,,,,,,true,offline,WORLD,world,constant,475.0,configurable_default_world_average,0.0006193449847892908,0.6193449847892908,0.00130388417850377,17.193982172093037,64.78868531836277,70.0,0.00010615416812800829,0.0007649578341881735,0.0004327721761875891,44.21535352594219,,
T1157s2,8PKO,B,boltz2,1,results/2026-06-09-combine-8models-gpu/predictions/T1157s2/boltz2/rank_001.pdb,true,0,87.78940792614594,87.78940792614594,1,,,,SHARED_MSA_A3M_FILE=results/2026-06-09-combine-8models-gpu/predictions/T1157s2/colabfold/tmp_colabfold_msa_search/T1157s2_qc_Yes_CASP15_8PKO_B_residue_21-484_seq_1-495_coverage_0.937374.a3m SHARED_MSA_DIR=results/2026-06-09-combine-8models-gpu/predictions/T1157s2/colabfold/tmp_colabfold_msa_search SHARED_MSA_METADATA_FILE=results/2026-06-09-combine-8models-gpu/metadata/prediction_manifest.csv bash runners/run_boltz2.sh results/2026-06-09-combine-8models-gpu/sequences/T1157s2.fasta results/2026-06-09-combine-8models-gpu/predictions/T1157s2/boltz2 1,,true,colabfold_mmseqs2,shared_precomputed_msa,,,true,true,true,,results/2026-06-09-combine-8models-gpu/predictions/T1157s2/colabfold/tmp_colabfold_msa_search,results/2026-06-09-combine-8models-gpu/predictions/T1157s2/colabfold/tmp_colabfold_msa_search/T1157s2_qc_Yes_CASP15_8PKO_B_residue_21-484_seq_1-495_coverage_0.937374.a3m,574,runner CodeCarbon output: results/2026-06-09-combine-8models-gpu/predictions/T1157s2/boltz2/carbon/T1157s2_boltz2_inference_emissions.csv,,,,,,,661.7894079261459,10.991423157110352,0.02313983822549548,,,,,,true,offline,WORLD,world,constant,475.0,configurable_default_world_average,0.001988149427882471,1.988149427882471,0.004185577742910465,16.844070940658806,134.99598259734506,70.0,0.0002003235801031034,0.003152856133394444,0.000832398029412919,86.11089982907288,,
T1159,7PZT,A,boltz2,1,results/2026-06-09-combine-8models-gpu/predictions/T1159/boltz2/rank_001.pdb,true,0,46.562390656908974,46.562390656908974,1,,,,SHARED_MSA_A3M_FILE=results/2026-06-09-combine-8models-gpu/predictions/T1159/colabfold/tmp_colabfold_msa_search/T1159_qc_Check_CASP15_7PZT_A_residue_1-160_seq_1-160_coverage_1.000000.a3m SHARED_MSA_DIR=results/2026-06-09-combine-8models-gpu/predictions/T1159/colabfold/tmp_colabfold_msa_search SHARED_MSA_METADATA_FILE=results/2026-06-09-combine-8models-gpu/metadata/prediction_manifest.csv bash runners/run_boltz2.sh results/2026-06-09-combine-8models-gpu/sequences/T1159.fasta results/2026-06-09-combine-8models-gpu/predictions/T1159/boltz2 1,,true,colabfold_mmseqs2,shared_precomputed_msa,,,true,true,true,,results/2026-06-09-combine-8models-gpu/predictions/T1159/colabfold/tmp_colabfold_msa_search,results/2026-06-09-combine-8models-gpu/predictions/T1159/colabfold/tmp_colabfold_msa_search/T1159_qc_Check_CASP15_7PZT_A_residue_1-160_seq_1-160_coverage_1.000000.a3m,505,runner CodeCarbon output: results/2026-06-09-combine-8models-gpu/predictions/T1159/boltz2/carbon/T1159_boltz2_inference_emissions.csv,,,,,,,551.562390656909,8.563156111429365,0.018027697076693397,,,,,,true,offline,WORLD,world,constant,475.0,configurable_default_world_average,0.0006650490005259941,0.6650490005259941,0.001400103159002093,16.8198094725,69.78857340601941,70.0,0.00010783492270024254,0.0008358134464279132,0.00045645478987393695,44.91386493481696,,
T1183,8IFX,B,boltz2,1,results/2026-06-09-combine-8models-gpu/predictions/T1183/boltz2/rank_001.pdb,true,0,49.0147465961054,49.0147465961054,1,,,,SHARED_MSA_A3M_FILE=results/2026-06-09-combine-8models-gpu/predictions/T1183/colabfold/tmp_colabfold_msa_search/T1183_qc_Yes_CASP15_8IFX_B_residue_1-195_seq_1-200_coverage_0.975000.a3m SHARED_MSA_DIR=results/2026-06-09-combine-8models-gpu/predictions/T1183/colabfold/tmp_colabfold_msa_search SHARED_MSA_METADATA_FILE=results/2026-06-09-combine-8models-gpu/metadata/prediction_manifest.csv bash runners/run_boltz2.sh results/2026-06-09-combine-8models-gpu/sequences/T1183.fasta results/2026-06-09-combine-8models-gpu/predictions/T1183/boltz2 1,,true,colabfold_mmseqs2,shared_precomputed_msa,,,true,true,true,,results/2026-06-09-combine-8models-gpu/predictions/T1183/colabfold/tmp_colabfold_msa_search,results/2026-06-09-combine-8models-gpu/predictions/T1183/colabfold/tmp_colabfold_msa_search/T1183_qc_Yes_CASP15_8IFX_B_residue_1-195_seq_1-200_coverage_0.975000.a3m,521,runner CodeCarbon output: results/2026-06-09-combine-8models-gpu/predictions/T1183/boltz2/carbon/T1183_boltz2_inference_emissions.csv,,,,,,,570.0147465961054,8.856320784985423,0.018644885863127205,,,,,,true,offline,WORLD,world,constant,475.0,configurable_default_world_average,0.000725203734296336,0.725203734296336,0.00152674470378176,17.19033278289131,74.7456515734899,70.0,0.00011398316611053758,0.0009479052027687729,0.0004648563349024496,47.34129901486449,,
T1185s1,8OUY,A,boltz2,1,results/2026-06-09-combine-8models-gpu/predictions/T1185s1/boltz2/rank_001.pdb,true,0,62.04156316583976,62.04156316583976,1,,,,SHARED_MSA_A3M_FILE=results/2026-06-09-combine-8models-gpu/predictions/T1185s1/colabfold/tmp_colabfold_msa_search/T1185s1_qc_Check_CASP15_8OUY_A_residue_4-73_seq_1-350_coverage_0.200000.a3m SHARED_MSA_DIR=results/2026-06-09-combine-8models-gpu/predictions/T1185s1/colabfold/tmp_colabfold_msa_search SHARED_MSA_METADATA_FILE=results/2026-06-09-combine-8models-gpu/metadata/prediction_manifest.csv bash runners/run_boltz2.sh results/2026-06-09-combine-8models-gpu/sequences/T1185s1.fasta results/2026-06-09-combine-8models-gpu/predictions/T1185s1/boltz2 1,,true,colabfold_mmseqs2,shared_precomputed_msa,,,true,true,true,,results/2026-06-09-combine-8models-gpu/predictions/T1185s1/colabfold/tmp_colabfold_msa_search,results/2026-06-09-combine-8models-gpu/predictions/T1185s1/colabfold/tmp_colabfold_msa_search/T1185s1_qc_Check_CASP15_8OUY_A_residue_4-73_seq_1-350_coverage_0.200000.a3m,534,runner CodeCarbon output: results/2026-06-09-combine-8models-gpu/predictions/T1185s1/boltz2/carbon/T1185s1_boltz2_inference_emissions.csv,,,,,,,596.0415631658398,9.562585603856876,0.020131759166014476,,,,,,true,offline,WORLD,world,constant,475.0,configurable_default_world_average,0.0011736595902850644,1.1736595902850644,0.002470862295336978,17.207050092165264,107.24989229477562,70.0,0.0001441259061684479,0.0017397372251215515,0.0005869991640469784,60.3643544788938,,
T1185s2,8OUY,B,boltz2,1,results/2026-06-09-combine-8models-gpu/predictions/T1185s2/boltz2/rank_001.pdb,true,0,66.42937188688666,66.42937188688666,1,,,,SHARED_MSA_A3M_FILE=results/2026-06-09-combine-8models-gpu/predictions/T1185s2/colabfold/tmp_colabfold_msa_search/T1185s2_qc_Yes_CASP15_8OUY_B_residue_10-349_seq_1-376_coverage_0.832447.a3m SHARED_MSA_DIR=results/2026-06-09-combine-8models-gpu/predictions/T1185s2/colabfold/tmp_colabfold_msa_search SHARED_MSA_METADATA_FILE=results/2026-06-09-combine-8models-gpu/metadata/prediction_manifest.csv bash runners/run_boltz2.sh results/2026-06-09-combine-8models-gpu/sequences/T1185s2.fasta results/2026-06-09-combine-8models-gpu/predictions/T1185s2/boltz2 1,,true,colabfold_mmseqs2,shared_precomputed_msa,,,true,true,true,,results/2026-06-09-combine-8models-gpu/predictions/T1185s2/colabfold/tmp_colabfold_msa_search,results/2026-06-09-combine-8models-gpu/predictions/T1185s2/colabfold/tmp_colabfold_msa_search/T1185s2_qc_Yes_CASP15_8OUY_B_residue_10-349_seq_1-376_coverage_0.832447.a3m,539,runner CodeCarbon output: results/2026-06-09-combine-8models-gpu/predictions/T1185s2/boltz2/carbon/T1185s2_boltz2_inference_emissions.csv,,,,,,,605.4293718868867,9.833278862226791,0.02070163970995114,,,,,,true,offline,WORLD,world,constant,475.0,configurable_default_world_average,0.0013250508804677126,1.3250508804677126,0.002789580800984658,22.439380971949205,111.39456064938754,70.0,0.00020414567730132416,0.0019407912748548029,0.0006446438488285316,64.76276928884909,,
T1185s4,8OUY,D,boltz2,1,results/2026-06-09-combine-8models-gpu/predictions/T1185s4/boltz2/rank_001.pdb,true,0,53.274641077034175,53.274641077034175,1,,,,SHARED_MSA_A3M_FILE=results/2026-06-09-combine-8models-gpu/predictions/T1185s4/colabfold/tmp_colabfold_msa_search/T1185s4_qc_Yes_CASP15_8OUY_D_residue_20-280_seq_1-280_coverage_0.838710.a3m SHARED_MSA_DIR=results/2026-06-09-combine-8models-gpu/predictions/T1185s4/colabfold/tmp_colabfold_msa_search SHARED_MSA_METADATA_FILE=results/2026-06-09-combine-8models-gpu/metadata/prediction_manifest.csv bash runners/run_boltz2.sh results/2026-06-09-combine-8models-gpu/sequences/T1185s4.fasta results/2026-06-09-combine-8models-gpu/predictions/T1185s4/boltz2 1,,true,colabfold_mmseqs2,shared_precomputed_msa,,,true,true,true,,results/2026-06-09-combine-8models-gpu/predictions/T1185s4/colabfold/tmp_colabfold_msa_search,results/2026-06-09-combine-8models-gpu/predictions/T1185s4/colabfold/tmp_colabfold_msa_search/T1185s4_qc_Yes_CASP15_8OUY_D_residue_20-280_seq_1-280_coverage_0.838710.a3m,526,runner CodeCarbon output: results/2026-06-09-combine-8models-gpu/predictions/T1185s4/boltz2/carbon/T1185s4_boltz2_inference_emissions.csv,,,,,,,579.2746410770342,9.17617113803098,0.01931825502743364,,,,,,true,offline,WORLD,world,constant,475.0,configurable_default_world_average,0.0008898567761736712,0.8898567761736712,0.0018733826866814132,17.029594724514705,90.18964449607027,70.0,0.00012541141302423604,0.0012318548743728286,0.0005161163992843489,51.59945415286347,,
T1194,8OKH,A,boltz2,1,results/2026-06-09-combine-8models-gpu/predictions/T1194/boltz2/rank_001.pdb,true,0,48.319587638136,48.319587638136,1,,,,SHARED_MSA_A3M_FILE=results/2026-06-09-combine-8models-gpu/predictions/T1194/colabfold/tmp_colabfold_msa_search/T1194_qc_Check_CASP15_8OKH_A_residue_22-185_seq_1-168_coverage_0.982036.a3m SHARED_MSA_DIR=results/2026-06-09-combine-8models-gpu/predictions/T1194/colabfold/tmp_colabfold_msa_search SHARED_MSA_METADATA_FILE=results/2026-06-09-combine-8models-gpu/metadata/prediction_manifest.csv bash runners/run_boltz2.sh results/2026-06-09-combine-8models-gpu/sequences/T1194.fasta results/2026-06-09-combine-8models-gpu/predictions/T1194/boltz2 1,,true,colabfold_mmseqs2,shared_precomputed_msa,,,true,true,true,,results/2026-06-09-combine-8models-gpu/predictions/T1194/colabfold/tmp_colabfold_msa_search,results/2026-06-09-combine-8models-gpu/predictions/T1194/colabfold/tmp_colabfold_msa_search/T1194_qc_Check_CASP15_8OKH_A_residue_22-185_seq_1-168_coverage_0.982036.a3m,509,runner CodeCarbon output: results/2026-06-09-combine-8models-gpu/predictions/T1194/boltz2/carbon/T1194_boltz2_inference_emissions.csv,,,,,,,557.319587638136,8.675261639385303,0.018263708714495373,,,,,,true,offline,WORLD,world,constant,475.0,configurable_default_world_average,0.0006955151469290435,0.6955151469290436,0.0014642424145874602,17.04291366184239,70.47341437437001,70.0,0.00011395228475918496,0.0008798223705248631,0.0004704677593034124,46.63538708491251,,
T1212,9B0L,P,boltz2,1,results/2026-06-09-combine-8models-gpu/predictions/T1212/boltz2/rank_001.pdb,true,0,82.4378304509446,82.4378304509446,1,,,,SHARED_MSA_A3M_FILE=results/2026-06-09-combine-8models-gpu/predictions/T1212/colabfold/tmp_colabfold_msa_search/T1212_qc_Check_CASP16_9B0L_P_residue_53-518_seq_1-466_coverage_1.000000.a3m SHARED_MSA_DIR=results/2026-06-09-combine-8models-gpu/predictions/T1212/colabfold/tmp_colabfold_msa_search SHARED_MSA_METADATA_FILE=results/2026-06-09-combine-8models-gpu/metadata/prediction_manifest.csv bash runners/run_boltz2.sh results/2026-06-09-combine-8models-gpu/sequences/T1212.fasta results/2026-06-09-combine-8models-gpu/predictions/T1212/boltz2 1,,true,colabfold_mmseqs2,shared_precomputed_msa,,,true,true,true,,results/2026-06-09-combine-8models-gpu/predictions/T1212/colabfold/tmp_colabfold_msa_search,results/2026-06-09-combine-8models-gpu/predictions/T1212/colabfold/tmp_colabfold_msa_search/T1212_qc_Check_CASP16_9B0L_P_residue_53-518_seq_1-466_coverage_1.000000.a3m,531,runner CodeCarbon output: results/2026-06-09-combine-8models-gpu/predictions/T1212/boltz2/carbon/T1212_boltz2_inference_emissions.csv,,,,,,,613.4378304509446,10.275312253641047,0.021632236323454835,,,,,,true,offline,WORLD,world,constant,475.0,configurable_default_world_average,0.001839674196421335,1.839674196421335,0.0038729983082554423,16.647726990468747,131.7167273649675,70.0,0.0001886910181232126,0.002887005920713115,0.0007973013694191142,80.76661508786492,,
T1227s1,9N8W,A,boltz2,1,results/2026-06-09-combine-8models-gpu/predictions/T1227s1/boltz2/rank_001.pdb,true,0,72.99680615216494,72.99680615216494,1,,,,SHARED_MSA_A3M_FILE=results/2026-06-09-combine-8models-gpu/predictions/T1227s1/colabfold/tmp_colabfold_msa_search/T1227s1_qc_Yes_CASP16_9N8W_A_residue_27-418_seq_1-427_coverage_0.918033.a3m SHARED_MSA_DIR=results/2026-06-09-combine-8models-gpu/predictions/T1227s1/colabfold/tmp_colabfold_msa_search SHARED_MSA_METADATA_FILE=results/2026-06-09-combine-8models-gpu/metadata/prediction_manifest.csv bash runners/run_boltz2.sh results/2026-06-09-combine-8models-gpu/sequences/T1227s1.fasta results/2026-06-09-combine-8models-gpu/predictions/T1227s1/boltz2 1,,true,colabfold_mmseqs2,shared_precomputed_msa,,,true,true,true,,results/2026-06-09-combine-8models-gpu/predictions/T1227s1/colabfold/tmp_colabfold_msa_search,results/2026-06-09-combine-8models-gpu/predictions/T1227s1/colabfold/tmp_colabfold_msa_search/T1227s1_qc_Yes_CASP16_9N8W_A_residue_27-418_seq_1-427_coverage_0.918033.a3m,508,runner CodeCarbon output: results/2026-06-09-combine-8models-gpu/predictions/T1227s1/boltz2/carbon/T1227s1_boltz2_inference_emissions.csv,,,,,,,580.9968061521649,9.716035149154377,0.020454810840325008,,,,,,true,offline,WORLD,world,constant,475.0,configurable_default_world_average,0.001577027772730475,1.5770277727304751,0.0033200584689062635,16.85950553276786,127.85323512152736,70.0,0.0001665152810973951,0.0024621197474710144,0.0006914234403378539,71.3109409220051,,
T1266,8QFB,A,boltz2,1,results/2026-06-09-combine-8models-gpu/predictions/T1266/boltz2/rank_001.pdb,true,0,60.412003610050306,60.412003610050306,1,,,,SHARED_MSA_A3M_FILE=results/2026-06-09-combine-8models-gpu/predictions/T1266/colabfold/tmp_colabfold_msa_search/T1266_qc_Check_CASP16_8QFB_A_residue_563-860_seq_1-336_coverage_0.886905.a3m SHARED_MSA_DIR=results/2026-06-09-combine-8models-gpu/predictions/T1266/colabfold/tmp_colabfold_msa_search SHARED_MSA_METADATA_FILE=results/2026-06-09-combine-8models-gpu/metadata/prediction_manifest.csv bash runners/run_boltz2.sh results/2026-06-09-combine-8models-gpu/sequences/T1266.fasta results/2026-06-09-combine-8models-gpu/predictions/T1266/boltz2 1,,true,colabfold_mmseqs2,shared_precomputed_msa,,,true,true,true,,results/2026-06-09-combine-8models-gpu/predictions/T1266/colabfold/tmp_colabfold_msa_search,results/2026-06-09-combine-8models-gpu/predictions/T1266/colabfold/tmp_colabfold_msa_search/T1266_qc_Check_CASP16_8QFB_A_residue_563-860_seq_1-336_coverage_0.886905.a3m,539,runner CodeCarbon output: results/2026-06-09-combine-8models-gpu/predictions/T1266/boltz2/carbon/T1266_boltz2_inference_emissions.csv,,,,,,,599.4120036100503,9.629188579469258,0.020271975956777384,,,,,,true,offline,WORLD,world,constant,475.0,configurable_default_world_average,0.0011222051036903812,1.1222051036903813,0.002362537060400803,17.024340376099143,103.12658426116258,70.0,0.00014266312407597035,0.0016332760288424453,0.0005865979074823877,58.73447032994591,,
T1272s2,9C3C,a,boltz2,1,results/2026-06-09-combine-8models-gpu/predictions/T1272s2/boltz2/rank_001.pdb,true,0,61.26444626180455,61.26444626180455,1,,,,SHARED_MSA_A3M_FILE=results/2026-06-09-combine-8models-gpu/predictions/T1272s2/colabfold/tmp_colabfold_msa_search/T1272s2_qc_Check_CASP16_9C3C_a_residue_25-350_seq_1-363_coverage_0.972393.a3m SHARED_MSA_DIR=results/2026-06-09-combine-8models-gpu/predictions/T1272s2/colabfold/tmp_colabfold_msa_search SHARED_MSA_METADATA_FILE=results/2026-06-09-combine-8models-gpu/metadata/prediction_manifest.csv bash runners/run_boltz2.sh results/2026-06-09-combine-8models-gpu/sequences/T1272s2.fasta results/2026-06-09-combine-8models-gpu/predictions/T1272s2/boltz2 1,,true,colabfold_mmseqs2,shared_precomputed_msa,,,true,true,true,,results/2026-06-09-combine-8models-gpu/predictions/T1272s2/colabfold/tmp_colabfold_msa_search,results/2026-06-09-combine-8models-gpu/predictions/T1272s2/colabfold/tmp_colabfold_msa_search/T1272s2_qc_Check_CASP16_9C3C_a_residue_25-350_seq_1-363_coverage_0.972393.a3m,510,runner CodeCarbon output: results/2026-06-09-combine-8models-gpu/predictions/T1272s2/boltz2/carbon/T1272s2_boltz2_inference_emissions.csv,,,,,,,571.2644462618046,9.258212298189237,0.019490973259345762,,,,,,true,offline,WORLD,world,constant,475.0,configurable_default_world_average,0.0011643237692259085,1.1643237692259085,0.002451207935212439,16.69705935625424,108.76397770117197,70.0,0.00014131883697326942,0.0017166133177335396,0.0005932757805056303,59.595009519020095,,
T1272s3,9C3C,b,boltz2,1,results/2026-06-09-combine-8models-gpu/predictions/T1272s3/boltz2/rank_001.pdb,true,0,57.12395101087168,57.12395101087168,1,,,,SHARED_MSA_A3M_FILE=results/2026-06-09-combine-8models-gpu/predictions/T1272s3/colabfold/tmp_colabfold_msa_search/T1272s3_qc_Check_CASP16_9C3C_b_residue_57-318_seq_1-318_coverage_0.823899.a3m SHARED_MSA_DIR=results/2026-06-09-combine-8models-gpu/predictions/T1272s3/colabfold/tmp_colabfold_msa_search SHARED_MSA_METADATA_FILE=results/2026-06-09-combine-8models-gpu/metadata/prediction_manifest.csv bash runners/run_boltz2.sh results/2026-06-09-combine-8models-gpu/sequences/T1272s3.fasta results/2026-06-09-combine-8models-gpu/predictions/T1272s3/boltz2 1,,true,colabfold_mmseqs2,shared_precomputed_msa,,,true,true,true,,results/2026-06-09-combine-8models-gpu/predictions/T1272s3/colabfold/tmp_colabfold_msa_search,results/2026-06-09-combine-8models-gpu/predictions/T1272s3/colabfold/tmp_colabfold_msa_search/T1272s3_qc_Check_CASP16_9C3C_b_residue_57-318_seq_1-318_coverage_0.823899.a3m,502,runner CodeCarbon output: results/2026-06-09-combine-8models-gpu/predictions/T1272s3/boltz2/carbon/T1272s3_boltz2_inference_emissions.csv,,,,,,,559.1239510108717,9.006795747138277,0.018961675257133215,,,,,,true,offline,WORLD,world,constant,475.0,configurable_default_world_average,0.0010231052761604884,1.0231052761604884,0.0021539058445483967,21.381250867166663,96.74186251302791,70.0,0.0001643194297932749,0.0014459781012252648,0.0005436083135298558,55.44900528690778,,
T1272s4,9C3C,d,boltz2,1,results/2026-06-09-combine-8models-gpu/predictions/T1272s4/boltz2/rank_001.pdb,true,0,54.50375120504759,54.50375120504759,1,,,,SHARED_MSA_A3M_FILE=results/2026-06-09-combine-8models-gpu/predictions/T1272s4/colabfold/tmp_colabfold_msa_search/T1272s4_qc_Check_CASP16_9C3C_d_residue_21-289_seq_1-289_coverage_0.930796.a3m SHARED_MSA_DIR=results/2026-06-09-combine-8models-gpu/predictions/T1272s4/colabfold/tmp_colabfold_msa_search SHARED_MSA_METADATA_FILE=results/2026-06-09-combine-8models-gpu/metadata/prediction_manifest.csv bash runners/run_boltz2.sh results/2026-06-09-combine-8models-gpu/sequences/T1272s4.fasta results/2026-06-09-combine-8models-gpu/predictions/T1272s4/boltz2 1,,true,colabfold_mmseqs2,shared_precomputed_msa,,,true,true,true,,results/2026-06-09-combine-8models-gpu/predictions/T1272s4/colabfold/tmp_colabfold_msa_search,results/2026-06-09-combine-8models-gpu/predictions/T1272s4/colabfold/tmp_colabfold_msa_search/T1272s4_qc_Check_CASP16_9C3C_d_residue_21-289_seq_1-289_coverage_0.930796.a3m,508,runner CodeCarbon output: results/2026-06-09-combine-8models-gpu/predictions/T1272s4/boltz2/carbon/T1272s4_boltz2_inference_emissions.csv,,,,,,,562.5037512050476,8.932875092142972,0.018806052825564155,,,,,,true,offline,WORLD,world,constant,475.0,configurable_default_world_average,0.0009290907784954347,0.9290907784954348,0.0019559805863061785,16.734607916971164,91.62174410553342,70.0,0.0001257471056927193,0.0012991799282326966,0.0005310535523807632,52.803028277121484,,
T1272s5,9C3C,g,boltz2,1,results/2026-06-09-combine-8models-gpu/predictions/T1272s5/boltz2/rank_001.pdb,true,0,55.024167448980734,55.024167448980734,1,,,,SHARED_MSA_A3M_FILE=results/2026-06-09-combine-8models-gpu/predictions/T1272s5/colabfold/tmp_colabfold_msa_search/T1272s5_qc_Check_CASP16_9C3C_g_residue_28-291_seq_1-291_coverage_0.907216.a3m SHARED_MSA_DIR=results/2026-06-09-combine-8models-gpu/predictions/T1272s5/colabfold/tmp_colabfold_msa_search SHARED_MSA_METADATA_FILE=results/2026-06-09-combine-8models-gpu/metadata/prediction_manifest.csv bash runners/run_boltz2.sh results/2026-06-09-combine-8models-gpu/sequences/T1272s5.fasta results/2026-06-09-combine-8models-gpu/predictions/T1272s5/boltz2 1,,true,colabfold_mmseqs2,shared_precomputed_msa,,,true,true,true,,results/2026-06-09-combine-8models-gpu/predictions/T1272s5/colabfold/tmp_colabfold_msa_search,results/2026-06-09-combine-8models-gpu/predictions/T1272s5/colabfold/tmp_colabfold_msa_search/T1272s5_qc_Check_CASP16_9C3C_g_residue_28-291_seq_1-291_coverage_0.907216.a3m,510,runner CodeCarbon output: results/2026-06-09-combine-8models-gpu/predictions/T1272s5/boltz2/carbon/T1272s5_boltz2_inference_emissions.csv,,,,,,,565.0241674489807,8.992608149025967,0.018931806629528352,,,,,,true,offline,WORLD,world,constant,475.0,configurable_default_world_average,0.0009298000338315474,0.9298000338315474,0.0019574737554348366,17.24625268876442,90.89066678477023,70.0,0.0001287098058076832,0.0013056079889297578,0.0005231559606973963,53.352639802964404,,
T1272s6,9C3C,A,boltz2,1,results/2026-06-09-combine-8models-gpu/predictions/T1272s6/boltz2/rank_001.pdb,true,0,108.93504533194937,108.93504533194937,1,,,,SHARED_MSA_A3M_FILE=results/2026-06-09-combine-8models-gpu/predictions/T1272s6/colabfold/tmp_colabfold_msa_search/T1272s6_qc_Check_CASP16_9C3C_A_residue_63-653_seq_1-624_coverage_0.641026.a3m SHARED_MSA_DIR=results/2026-06-09-combine-8models-gpu/predictions/T1272s6/colabfold/tmp_colabfold_msa_search SHARED_MSA_METADATA_FILE=results/2026-06-09-combine-8models-gpu/metadata/prediction_manifest.csv bash runners/run_boltz2.sh results/2026-06-09-combine-8models-gpu/sequences/T1272s6.fasta results/2026-06-09-combine-8models-gpu/predictions/T1272s6/boltz2 1,,true,colabfold_mmseqs2,shared_precomputed_msa,,,true,true,true,,results/2026-06-09-combine-8models-gpu/predictions/T1272s6/colabfold/tmp_colabfold_msa_search,results/2026-06-09-combine-8models-gpu/predictions/T1272s6/colabfold/tmp_colabfold_msa_search/T1272s6_qc_Check_CASP16_9C3C_A_residue_63-653_seq_1-624_coverage_0.641026.a3m,554,runner CodeCarbon output: results/2026-06-09-combine-8models-gpu/predictions/T1272s6/boltz2/carbon/T1272s6_boltz2_inference_emissions.csv,,,,,,,662.9350453319494,11.460562825061924,0.024127500684340893,,,,,,true,offline,WORLD,world,constant,475.0,configurable_default_world_average,0.0026970222608481836,2.6970222608481835,0.00567794160178565,18.678362607113193,149.64431743063506,70.0,0.0002755356420701938,0.004367011549161859,0.0010353944105535955,107.2614838341251,,
T1272s7,9C3C,B,boltz2,1,results/2026-06-09-combine-8models-gpu/predictions/T1272s7/boltz2/rank_001.pdb,true,0,50.20837773382664,50.20837773382664,1,,,,SHARED_MSA_A3M_FILE=results/2026-06-09-combine-8models-gpu/predictions/T1272s7/colabfold/tmp_colabfold_msa_search/T1272s7_qc_No_CASP16_9C3C_B_residue_654-798_seq_1-242_coverage_1.000000.a3m SHARED_MSA_DIR=results/2026-06-09-combine-8models-gpu/predictions/T1272s7/colabfold/tmp_colabfold_msa_search SHARED_MSA_METADATA_FILE=results/2026-06-09-combine-8models-gpu/metadata/prediction_manifest.csv bash runners/run_boltz2.sh results/2026-06-09-combine-8models-gpu/sequences/T1272s7.fasta results/2026-06-09-combine-8models-gpu/predictions/T1272s7/boltz2 1,,true,colabfold_mmseqs2,shared_precomputed_msa,,,true,true,true,,results/2026-06-09-combine-8models-gpu/predictions/T1272s7/colabfold/tmp_colabfold_msa_search,results/2026-06-09-combine-8models-gpu/predictions/T1272s7/colabfold/tmp_colabfold_msa_search/T1272s7_qc_No_CASP16_9C3C_B_residue_654-798_seq_1-242_coverage_1.000000.a3m,512,runner CodeCarbon output: results/2026-06-09-combine-8models-gpu/predictions/T1272s7/boltz2/carbon/T1272s7_boltz2_inference_emissions.csv,,,,,,,562.2083777338266,8.81911810353707,0.018566564428499098,,,,,,true,offline,WORLD,world,constant,475.0,configurable_default_world_average,0.0007777118692369543,0.7777118692369542,0.001637288145762009,17.4019086615,79.9071684616638,70.0,0.00011870229158065444,0.0010399530541835844,0.0004786327999977705,48.52140955394134,,
T1272s9,9C3C,n,boltz2,1,results/2026-06-09-combine-8models-gpu/predictions/T1272s9/boltz2/rank_001.pdb,true,0,49.479970284039155,49.479970284039155,1,,,,SHARED_MSA_A3M_FILE=results/2026-06-09-combine-8models-gpu/predictions/T1272s9/colabfold/tmp_colabfold_msa_search/T1272s9_qc_Check_CASP16_9C3C_n_residue_42-216_seq_1-238_coverage_0.735294.a3m SHARED_MSA_DIR=results/2026-06-09-combine-8models-gpu/predictions/T1272s9/colabfold/tmp_colabfold_msa_search SHARED_MSA_METADATA_FILE=results/2026-06-09-combine-8models-gpu/metadata/prediction_manifest.csv bash runners/run_boltz2.sh results/2026-06-09-combine-8models-gpu/sequences/T1272s9.fasta results/2026-06-09-combine-8models-gpu/predictions/T1272s9/boltz2 1,,true,colabfold_mmseqs2,shared_precomputed_msa,,,true,true,true,,results/2026-06-09-combine-8models-gpu/predictions/T1272s9/colabfold/tmp_colabfold_msa_search,results/2026-06-09-combine-8models-gpu/predictions/T1272s9/colabfold/tmp_colabfold_msa_search/T1272s9_qc_Check_CASP16_9C3C_n_residue_42-216_seq_1-238_coverage_0.735294.a3m,507,runner CodeCarbon output: results/2026-06-09-combine-8models-gpu/predictions/T1272s9/boltz2/carbon/T1272s9_boltz2_inference_emissions.csv,,,,,,,556.4799702840392,8.751072993545225,0.01842331156535837,,,,,,true,offline,WORLD,world,constant,475.0,configurable_default_world_average,0.0007518592448678866,0.7518592448678866,0.001582861568142919,16.830382916553205,76.59315876160214,70.0,0.00011494620898299293,0.0009843893986225538,0.0004835259605373722,47.8075239029713,,
T1280,9F5M,AAA,boltz2,1,results/2026-06-09-combine-8models-gpu/predictions/T1280/boltz2/rank_001.pdb,true,0,52.8254016218707,52.8254016218707,1,,,,SHARED_MSA_A3M_FILE=results/2026-06-09-combine-8models-gpu/predictions/T1280/colabfold/tmp_colabfold_msa_search/T1280_qc_Check_CASP16_9F5M_AAA_residue_615-848_seq_1-237_coverage_0.995745.a3m SHARED_MSA_DIR=results/2026-06-09-combine-8models-gpu/predictions/T1280/colabfold/tmp_colabfold_msa_search SHARED_MSA_METADATA_FILE=results/2026-06-09-combine-8models-gpu/metadata/prediction_manifest.csv bash runners/run_boltz2.sh results/2026-06-09-combine-8models-gpu/sequences/T1280.fasta results/2026-06-09-combine-8models-gpu/predictions/T1280/boltz2 1,,true,colabfold_mmseqs2,shared_precomputed_msa,,,true,true,true,,results/2026-06-09-combine-8models-gpu/predictions/T1280/colabfold/tmp_colabfold_msa_search,results/2026-06-09-combine-8models-gpu/predictions/T1280/colabfold/tmp_colabfold_msa_search/T1280_qc_Check_CASP16_9F5M_AAA_residue_615-848_seq_1-237_coverage_0.995745.a3m,536,runner CodeCarbon output: results/2026-06-09-combine-8models-gpu/predictions/T1280/boltz2/carbon/T1280_boltz2_inference_emissions.csv,,,,,,,588.8254016218707,9.243713706106282,0.019460449907592173,,,,,,true,offline,WORLD,world,constant,475.0,configurable_default_world_average,0.000845900276300313,0.8459002763003131,0.0017808426869480275,17.198557459050008,84.38294473410171,70.0,0.00012263441055571921,0.0011585606490696065,0.0004996476273227017,51.158038852969185,,
T1299,9FJL,A,boltz2,1,results/2026-06-09-combine-8models-gpu/predictions/T1299/boltz2/rank_001.pdb,true,0,52.047417915193364,52.047417915193364,1,,,,SHARED_MSA_A3M_FILE=results/2026-06-09-combine-8models-gpu/predictions/T1299/colabfold/tmp_colabfold_msa_search/T1299_qc_Yes_CASP16_9FJL_A_residue_1-168_seq_1-168_coverage_1.000000.a3m SHARED_MSA_DIR=results/2026-06-09-combine-8models-gpu/predictions/T1299/colabfold/tmp_colabfold_msa_search SHARED_MSA_METADATA_FILE=results/2026-06-09-combine-8models-gpu/metadata/prediction_manifest.csv bash runners/run_boltz2.sh results/2026-06-09-combine-8models-gpu/sequences/T1299.fasta results/2026-06-09-combine-8models-gpu/predictions/T1299/boltz2 1,,true,colabfold_mmseqs2,shared_precomputed_msa,,,true,true,true,,results/2026-06-09-combine-8models-gpu/predictions/T1299/colabfold/tmp_colabfold_msa_search,results/2026-06-09-combine-8models-gpu/predictions/T1299/colabfold/tmp_colabfold_msa_search/T1299_qc_Yes_CASP16_9FJL_A_residue_1-168_seq_1-168_coverage_1.000000.a3m,498,runner CodeCarbon output: results/2026-06-09-combine-8models-gpu/predictions/T1299/boltz2/carbon/T1299_boltz2_inference_emissions.csv,,,,,,,550.0474179151934,8.620922265941052,0.01814931003356011,,,,,,true,offline,WORLD,world,constant,475.0,configurable_default_world_average,0.0007319716541690364,0.7319716541690364,0.00154099295614534,23.45761554994898,65.27314636619208,70.0,0.0001629055031411567,0.0008839545960519501,0.0004941328569522336,50.37121267803013,,
T1104,7ROA,A,chai1,1,results/2026-06-09-combine-8models-gpu/predictions/T1104/chai1/rank_001.pdb,true,0,98.76689138286747,98.76689138286747,1,,,,bash runners/run_chai1.sh results/2026-06-09-combine-8models-gpu/sequences/T1104.fasta results/2026-06-09-combine-8models-gpu/predictions/T1104/chai1 1,,,,,,,,,,,,,,runner CodeCarbon output: results/2026-06-09-combine-8models-gpu/predictions/T1104/chai1/carbon/T1104_chai1_inference_emissions.csv,,,,,,,98.76689138286747,2.2112868820297926,0.004655340804273248,,,,,,true,offline,WORLD,world,constant,475.0,configurable_default_world_average,0.0022112868820297928,2.2112868820297926,0.004655340804273248,17.209147302703126,130.42539882687984,70.0,0.00023647512829584583,0.003462366936556549,0.0009564987394208502,97.04777098097838,,
T1106s1,7QIH,B,chai1,1,results/2026-06-09-combine-8models-gpu/predictions/T1106s1/chai1/rank_001.pdb,true,0,96.56573462905362,96.56573462905362,1,,,,bash runners/run_chai1.sh results/2026-06-09-combine-8models-gpu/sequences/T1106s1.fasta results/2026-06-09-combine-8models-gpu/predictions/T1106s1/chai1 1,,,,,,,,,,,,,,runner CodeCarbon output: results/2026-06-09-combine-8models-gpu/predictions/T1106s1/chai1/carbon/T1106s1_chai1_inference_emissions.csv,,,,,,,96.56573462905362,2.1471990228547657,0.004520418995483717,,,,,,true,offline,WORLD,world,constant,475.0,configurable_default_world_average,0.0021471990228547656,2.1471990228547657,0.004520418995483717,17.002400044890944,129.15203597827625,70.0,0.00022884597785216175,0.0033566729631129277,0.0009349000545186249,94.91766620706767,,
T1106s2,7QIH,A,chai1,1,results/2026-06-09-combine-8models-gpu/predictions/T1106s2/chai1/rank_001.pdb,true,0,93.5178604319226,93.5178604319226,1,,,,bash runners/run_chai1.sh results/2026-06-09-combine-8models-gpu/sequences/T1106s2.fasta results/2026-06-09-combine-8models-gpu/predictions/T1106s2/chai1 1,,,,,,,,,,,,,,runner CodeCarbon output: results/2026-06-09-combine-8models-gpu/predictions/T1106s2/chai1/carbon/T1106s2_chai1_inference_emissions.csv,,,,,,,93.5178604319226,2.082680705487039,0.004384590958920082,,,,,,true,offline,WORLD,world,constant,475.0,configurable_default_world_average,0.002082680705487039,2.082680705487039,0.004384590958920082,16.966785479315927,130.11505648495384,70.0,0.00022120365033127982,0.0032597053855401015,0.0009036819230487002,91.78924944810569,,
T1112,8ORK,AAA,chai1,1,results/2026-06-09-combine-8models-gpu/predictions/T1112/chai1/rank_001.pdb,true,0,184.45849357708357,184.45849357708357,1,,,,bash runners/run_chai1.sh results/2026-06-09-combine-8models-gpu/sequences/T1112.fasta results/2026-06-09-combine-8models-gpu/predictions/T1112/chai1 1,,,,,,,,,,,,,,runner CodeCarbon output: results/2026-06-09-combine-8models-gpu/predictions/T1112/chai1/carbon/T1112_chai1_inference_emissions.csv,,,,,,,184.45849357708357,4.673066697879883,0.009838035153431332,,,,,,true,offline,WORLD,world,constant,475.0,configurable_default_world_average,0.004673066697879883,4.673066697879883,0.009838035153431332,17.085761489666186,152.27841951014162,70.0,0.0004338888632072842,0.0076323063836163385,0.001771839906607703,182.792325821938,,
T1114s1,7UTD,Q,chai1,1,results/2026-06-09-combine-8models-gpu/predictions/T1114s1/chai1/rank_001.pdb,true,0,92.46629333100282,92.46629333100282,1,,,,bash runners/run_chai1.sh results/2026-06-09-combine-8models-gpu/sequences/T1114s1.fasta results/2026-06-09-combine-8models-gpu/predictions/T1114s1/chai1 1,,,,,,,,,,,,,,runner CodeCarbon output: results/2026-06-09-combine-8models-gpu/predictions/T1114s1/chai1/carbon/T1114s1_chai1_inference_emissions.csv,,,,,,,92.46629333100282,2.0714796111141585,0.0043610097076087545,,,,,,true,offline,WORLD,world,constant,475.0,configurable_default_world_average,0.0020714796111141586,2.0714796111141585,0.0043610097076087545,16.748194944616667,130.80916674371574,70.0,0.0002142622368261143,0.003252541213143445,0.000894206257639194,90.78817319101654,,
T1114s2,7UTD,B,chai1,1,results/2026-06-09-combine-8models-gpu/predictions/T1114s2/chai1/rank_001.pdb,true,0,135.2733500348404,135.2733500348404,1,,,,bash runners/run_chai1.sh results/2026-06-09-combine-8models-gpu/sequences/T1114s2.fasta results/2026-06-09-combine-8models-gpu/predictions/T1114s2/chai1 1,,,,,,,,,,,,,,runner CodeCarbon output: results/2026-06-09-combine-8models-gpu/predictions/T1114s2/chai1/carbon/T1114s2_chai1_inference_emissions.csv,,,,,,,135.2733500348404,3.2532180146184113,0.0068488800307756025,,,,,,true,offline,WORLD,world,constant,475.0,configurable_default_world_average,0.0032532180146184115,3.2532180146184113,0.0068488800307756025,16.979448610312478,143.49315731239054,70.0,0.00031432213658601275,0.00524393225069808,0.0012906256434915121,133.58335557417013,,
T1114s3,7UTD,A,chai1,1,results/2026-06-09-combine-8models-gpu/predictions/T1114s3/chai1/rank_001.pdb,true,0,318.835719976807,318.835719976807,1,,,,bash runners/run_chai1.sh results/2026-06-09-combine-8models-gpu/sequences/T1114s3.fasta results/2026-06-09-combine-8models-gpu/predictions/T1114s3/chai1 1,,,,,,,,,,,,,,runner CodeCarbon output: results/2026-06-09-combine-8models-gpu/predictions/T1114s3/chai1/carbon/T1114s3_chai1_inference_emissions.csv,,,,,,,318.835719976807,8.590378286769932,0.018085006919515645,,,,,,true,offline,WORLD,world,constant,475.0,configurable_default_world_average,0.008590378286769932,8.590378286769932,0.018085006919515645,16.952237575485814,164.096564587463,70.0,0.0007417978890922142,0.014289629765027456,0.0030535792653959824,317.1470250629354,,
T1120,7QVB,B,chai1,1,results/2026-06-09-combine-8models-gpu/predictions/T1120/chai1/rank_001.pdb,true,0,94.80050965608098,94.80050965608098,1,,,,bash runners/run_chai1.sh results/2026-06-09-combine-8models-gpu/sequences/T1120.fasta results/2026-06-09-combine-8models-gpu/predictions/T1120/chai1 1,,,,,,,,,,,,,,runner CodeCarbon output: results/2026-06-09-combine-8models-gpu/predictions/T1120/chai1/carbon/T1120_chai1_inference_emissions.csv,,,,,,,94.80050965608098,2.1091984584584957,0.0044404178072810436,,,,,,true,offline,WORLD,world,constant,475.0,configurable_default_world_average,0.0021091984584584956,2.1091984584584957,0.0044404178072810436,17.257163685497275,130.05418122704944,70.0,0.0002286401076316812,0.003311355149083539,0.0009004225505658222,93.1258440790698,,
T1122,8BBT,A,chai1,1,results/2026-06-09-combine-8models-gpu/predictions/T1122/chai1/rank_001.pdb,true,0,93.38199112820439,93.38199112820439,1,,,,bash runners/run_chai1.sh results/2026-06-09-combine-8models-gpu/sequences/T1122.fasta results/2026-06-09-combine-8models-gpu/predictions/T1122/chai1 1,,,,,,,,,,,,,,runner CodeCarbon output: results/2026-06-09-combine-8models-gpu/predictions/T1122/chai1/carbon/T1122_chai1_inference_emissions.csv,,,,,,,93.38199112820439,2.088625390659232,0.004397106085598383,,,,,,true,offline,WORLD,world,constant,475.0,configurable_default_world_average,0.002088625390659232,2.088625390659232,0.004397106085598383,16.426216696697793,130.9281159024178,70.0,0.00021130256168366268,0.0032842754051944922,0.0009015281187202264,91.66061097593047,,
T1129s2,8A8C,B,chai1,1,results/2026-06-09-combine-8models-gpu/predictions/T1129s2/chai1/rank_001.pdb,true,0,322.73573123198,322.73573123198,1,,,,bash runners/run_chai1.sh results/2026-06-09-combine-8models-gpu/sequences/T1129s2.fasta results/2026-06-09-combine-8models-gpu/predictions/T1129s2/chai1 1,,,,,,,,,,,,,,runner CodeCarbon output: results/2026-06-09-combine-8models-gpu/predictions/T1129s2/chai1/carbon/T1129s2_chai1_inference_emissions.csv,,,,,,,322.73573123198,8.681682348504534,0.01827722599685165,,,,,,true,offline,WORLD,world,constant,475.0,configurable_default_world_average,0.008681682348504534,8.681682348504534,0.01827722599685165,17.11703787752582,163.77408655257736,70.0,0.0007576458544993,0.014433378768917038,0.003086201373435325,321.01357497414574,,
T1133,8DYS,A,chai1,1,results/2026-06-09-combine-8models-gpu/predictions/T1133/chai1/rank_001.pdb,true,0,320.56700068106875,320.56700068106875,1,,,,bash runners/run_chai1.sh results/2026-06-09-combine-8models-gpu/sequences/T1133.fasta results/2026-06-09-combine-8models-gpu/predictions/T1133/chai1 1,,,,,,,,,,,,,,runner CodeCarbon output: results/2026-06-09-combine-8models-gpu/predictions/T1133/chai1/carbon/T1133_chai1_inference_emissions.csv,,,,,,,320.56700068106875,8.624155967720748,0.018156117826780522,,,,,,true,offline,WORLD,world,constant,475.0,configurable_default_world_average,0.008624155967720749,8.624155967720748,0.018156117826780522,17.023931932393886,163.65157585946278,70.0,0.0007491284256294613,0.014339358138144576,0.0030676312630064794,318.78689187113196,,
T1134s1,7UBZ,A,chai1,1,results/2026-06-09-combine-8models-gpu/predictions/T1134s1/chai1/rank_001.pdb,true,0,95.31170105701312,95.31170105701312,1,,,,bash runners/run_chai1.sh results/2026-06-09-combine-8models-gpu/sequences/T1134s1.fasta results/2026-06-09-combine-8models-gpu/predictions/T1134s1/chai1 1,,,,,,,,,,,,,,runner CodeCarbon output: results/2026-06-09-combine-8models-gpu/predictions/T1134s1/chai1/carbon/T1134s1_chai1_inference_emissions.csv,,,,,,,95.31170105701312,2.121430375201061,0.004466169210949602,,,,,,true,offline,WORLD,world,constant,475.0,configurable_default_world_average,0.002121430375201061,2.121430375201061,0.004466169210949602,16.80747571941934,134.04364774892574,70.0,0.00022535379608057862,0.003322173768848913,0.0009186416460201145,93.59372726595029,,
T1134s2,7UBZ,D,chai1,1,results/2026-06-09-combine-8models-gpu/predictions/T1134s2/chai1/rank_001.pdb,true,0,134.81641961680725,134.81641961680725,1,,,,bash runners/run_chai1.sh results/2026-06-09-combine-8models-gpu/sequences/T1134s2.fasta results/2026-06-09-combine-8models-gpu/predictions/T1134s2/chai1 1,,,,,,,,,,,,,,runner CodeCarbon output: results/2026-06-09-combine-8models-gpu/predictions/T1134s2/chai1/carbon/T1134s2_chai1_inference_emissions.csv,,,,,,,134.81641961680725,3.2492944684309286,0.006840619933538797,,,,,,true,offline,WORLD,world,constant,475.0,configurable_default_world_average,0.003249294468430929,3.2492944684309286,0.006840619933538797,17.191892995125002,143.90149896250847,70.0,0.0003152340295495408,0.0052442686398563865,0.0012811172641328695,133.11901072482578,,
T1137s1,8FEF,A,chai1,1,results/2026-06-09-combine-8models-gpu/predictions/T1137s1/chai1/rank_001.pdb,true,0,182.26331395399757,182.26331395399757,1,,,,bash runners/run_chai1.sh results/2026-06-09-combine-8models-gpu/sequences/T1137s1.fasta results/2026-06-09-combine-8models-gpu/predictions/T1137s1/chai1 1,,,,,,,,,,,,,,runner CodeCarbon output: results/2026-06-09-combine-8models-gpu/predictions/T1137s1/chai1/carbon/T1137s1_chai1_inference_emissions.csv,,,,,,,182.26331395399757,4.689922824294327,0.009873521735356479,,,,,,true,offline,WORLD,world,constant,475.0,configurable_default_world_average,0.004689922824294327,4.689922824294327,0.009873521735356479,16.586848144340745,156.07374318227767,70.0,0.000413088454325536,0.007722457844629105,0.001737975436401838,180.52811313187703,,
T1137s2,8FEF,B,chai1,1,results/2026-06-09-combine-8models-gpu/predictions/T1137s2/chai1/rank_001.pdb,true,0,133.52458343305625,133.52458343305625,1,,,,bash runners/run_chai1.sh results/2026-06-09-combine-8models-gpu/sequences/T1137s2.fasta results/2026-06-09-combine-8models-gpu/predictions/T1137s2/chai1 1,,,,,,,,,,,,,,runner CodeCarbon output: results/2026-06-09-combine-8models-gpu/predictions/T1137s2/chai1/carbon/T1137s2_chai1_inference_emissions.csv,,,,,,,133.52458343305625,3.2795192878827026,0.006904251132384637,,,,,,true,offline,WORLD,world,constant,475.0,configurable_default_world_average,0.0032795192878827028,3.2795192878827026,0.006904251132384637,16.436748636692723,147.34604725258384,70.0,0.00030214647875950203,0.0053157195303512594,0.0012863851232738754,131.84892228688113,,
T1137s3,8FEF,C,chai1,1,results/2026-06-09-combine-8models-gpu/predictions/T1137s3/chai1/rank_001.pdb,true,0,318.89300979301333,318.89300979301333,1,,,,bash runners/run_chai1.sh results/2026-06-09-combine-8models-gpu/sequences/T1137s3.fasta results/2026-06-09-combine-8models-gpu/predictions/T1137s3/chai1 1,,,,,,,,,,,,,,runner CodeCarbon output: results/2026-06-09-combine-8models-gpu/predictions/T1137s3/chai1/carbon/T1137s3_chai1_inference_emissions.csv,,,,,,,318.89300979301333,8.675762585728064,0.018264763338374873,,,,,,true,offline,WORLD,world,constant,475.0,configurable_default_world_average,0.008675762585728063,8.675762585728064,0.018264763338374873,16.57810010169782,166.4497399265306,70.0,0.000720942294841584,0.01450522049305647,0.0030386005504768263,317.22292455192655,,
T1137s4,8FEF,D,chai1,1,results/2026-06-09-combine-8models-gpu/predictions/T1137s4/chai1/rank_001.pdb,true,0,318.145848140819,318.145848140819,1,,,,bash runners/run_chai1.sh results/2026-06-09-combine-8models-gpu/sequences/T1137s4.fasta results/2026-06-09-combine-8models-gpu/predictions/T1137s4/chai1 1,,,,,,,,,,,,,,runner CodeCarbon output: results/2026-06-09-combine-8models-gpu/predictions/T1137s4/chai1/carbon/T1137s4_chai1_inference_emissions.csv,,,,,,,318.145848140819,8.686551722596267,0.018287477310728984,,,,,,true,offline,WORLD,world,constant,475.0,configurable_default_world_average,0.008686551722596266,8.686551722596267,0.018287477310728984,16.562372647542905,167.14411719491866,70.0,0.0007195813557631169,0.014532705792822398,0.00303519016214349,316.4981881589629,,
T1137s5,8FEF,E,chai1,1,results/2026-06-09-combine-8models-gpu/predictions/T1137s5/chai1/rank_001.pdb,true,0,180.6703331929166,180.6703331929166,1,,,,bash runners/run_chai1.sh results/2026-06-09-combine-8models-gpu/sequences/T1137s5.fasta results/2026-06-09-combine-8models-gpu/predictions/T1137s5/chai1 1,,,,,,,,,,,,,,runner CodeCarbon output: results/2026-06-09-combine-8models-gpu/predictions/T1137s5/chai1/carbon/T1137s5_chai1_inference_emissions.csv,,,,,,,180.6703331929166,4.672214723905759,0.009836241524012124,,,,,,true,offline,WORLD,world,constant,475.0,configurable_default_world_average,0.004672214723905759,4.672214723905759,0.009836241524012124,16.589950162778056,156.57859710662382,70.0,0.00041333243637695766,0.007685178925916247,0.0017377301617189206,178.99658401310444,,
T1137s6,8FEF,F,chai1,1,results/2026-06-09-combine-8models-gpu/predictions/T1137s6/chai1/rank_001.pdb,true,0,317.66326285502873,317.66326285502873,1,,,,bash runners/run_chai1.sh results/2026-06-09-combine-8models-gpu/sequences/T1137s6.fasta results/2026-06-09-combine-8models-gpu/predictions/T1137s6/chai1 1,,,,,,,,,,,,,,runner CodeCarbon output: results/2026-06-09-combine-8models-gpu/predictions/T1137s6/chai1/carbon/T1137s6_chai1_inference_emissions.csv,,,,,,,317.66326285502873,8.689640492429353,0.018293979984061796,,,,,,true,offline,WORLD,world,constant,475.0,configurable_default_world_average,0.008689640492429353,8.689640492429353,0.018293979984061796,16.56483735382147,167.3252317737611,70.0,0.0007218684613469269,0.014528375233801682,0.0030437362889131885,315.98840885795653,,
T1137s7,8FEF,G,chai1,1,results/2026-06-09-combine-8models-gpu/predictions/T1137s7/chai1/rank_001.pdb,true,0,317.84216051292606,317.84216051292606,1,,,,bash runners/run_chai1.sh results/2026-06-09-combine-8models-gpu/sequences/T1137s7.fasta results/2026-06-09-combine-8models-gpu/predictions/T1137s7/chai1 1,,,,,,,,,,,,,,runner CodeCarbon output: results/2026-06-09-combine-8models-gpu/predictions/T1137s7/chai1/carbon/T1137s7_chai1_inference_emissions.csv,,,,,,,317.84216051292606,8.698488480890827,0.018312607328191215,,,,,,true,offline,WORLD,world,constant,475.0,configurable_default_world_average,0.008698488480890826,8.698488480890827,0.018312607328191215,16.5328371396048,167.42720305886965,70.0,0.0007191854297667107,0.014544826635852104,0.003048595262572377,316.1686085970141,,
T1137s8,8FEF,I,chai1,1,results/2026-06-09-combine-8models-gpu/predictions/T1137s8/chai1/rank_001.pdb,true,0,131.16116998600774,131.16116998600774,1,,,,bash runners/run_chai1.sh results/2026-06-09-combine-8models-gpu/sequences/T1137s8.fasta results/2026-06-09-combine-8models-gpu/predictions/T1137s8/chai1 1,,,,,,,,,,,,,,runner CodeCarbon output: results/2026-06-09-combine-8models-gpu/predictions/T1137s8/chai1/carbon/T1137s8_chai1_inference_emissions.csv,,,,,,,131.16116998600774,3.227775145463316,0.006795316095712244,,,,,,true,offline,WORLD,world,constant,475.0,configurable_default_world_average,0.003227775145463316,3.227775145463316,0.006795316095712244,16.554926733146466,148.050964568143,70.0,0.0002971217718002423,0.005247045586521892,0.0012511487373901122,129.48323260387406,,
T1137s9,8FEF,J,chai1,1,results/2026-06-09-combine-8models-gpu/predictions/T1137s9/chai1/rank_001.pdb,true,0,132.0899879038334,132.0899879038334,1,,,,bash runners/run_chai1.sh results/2026-06-09-combine-8models-gpu/sequences/T1137s9.fasta results/2026-06-09-combine-8models-gpu/predictions/T1137s9/chai1 1,,,,,,,,,,,,,,runner CodeCarbon output: results/2026-06-09-combine-8models-gpu/predictions/T1137s9/chai1/carbon/T1137s9_chai1_inference_emissions.csv,,,,,,,132.0899879038334,3.2250645270212543,0.006789609530571062,,,,,,true,offline,WORLD,world,constant,475.0,configurable_default_world_average,0.0032250645270212545,3.2250645270212543,0.006789609530571062,16.559920565598812,146.5971126433426,70.0,0.00029895546565199597,0.005232037796737643,0.0012586162681814238,130.40649289498106,,
T1145,7UWW,A,chai1,1,results/2026-06-09-combine-8models-gpu/predictions/T1145/chai1/rank_001.pdb,true,0,318.37244356493466,318.37244356493466,1,,,,bash runners/run_chai1.sh results/2026-06-09-combine-8models-gpu/sequences/T1145.fasta results/2026-06-09-combine-8models-gpu/predictions/T1145/chai1 1,,,,,,,,,,,,,,runner CodeCarbon output: results/2026-06-09-combine-8models-gpu/predictions/T1145/chai1/carbon/T1145_chai1_inference_emissions.csv,,,,,,,318.37244356493466,8.706887727446015,0.018330289952517925,,,,,,true,offline,WORLD,world,constant,475.0,configurable_default_world_average,0.008706887727446015,8.706887727446015,0.018330289952517925,16.54322067286431,167.51672177503923,70.0,0.0007197286576570004,0.014571047212383448,0.003039514082477481,316.6953225110192,,
T1147,8EM5,A,chai1,1,results/2026-06-09-combine-8models-gpu/predictions/T1147/chai1/rank_001.pdb,true,0,91.72264749300666,91.72264749300666,1,,,,bash runners/run_chai1.sh results/2026-06-09-combine-8models-gpu/sequences/T1147.fasta results/2026-06-09-combine-8models-gpu/predictions/T1147/chai1 1,,,,,,,,,,,,,,runner CodeCarbon output: results/2026-06-09-combine-8models-gpu/predictions/T1147/chai1/carbon/T1147_chai1_inference_emissions.csv,,,,,,,91.72264749300666,2.0745942498451457,0.004367566841779254,,,,,,true,offline,WORLD,world,constant,475.0,configurable_default_world_average,0.002074594249845146,2.0745942498451457,0.004367566841779254,16.401519250921343,132.8509797593021,70.0,0.00020747432599829577,0.003270278449553743,0.0008898140662272148,90.050620989874,,
T1151s2,8D5V,A,chai1,1,results/2026-06-09-combine-8models-gpu/predictions/T1151s2/chai1/rank_001.pdb,true,0,92.60908020893112,92.60908020893112,1,,,,bash runners/run_chai1.sh results/2026-06-09-combine-8models-gpu/sequences/T1151s2.fasta results/2026-06-09-combine-8models-gpu/predictions/T1151s2/chai1 1,,,,,,,,,,,,,,runner CodeCarbon output: results/2026-06-09-combine-8models-gpu/predictions/T1151s2/chai1/carbon/T1151s2_chai1_inference_emissions.csv,,,,,,,92.60908020893112,2.088203283017131,0.004396217437930802,,,,,,true,offline,WORLD,world,constant,475.0,configurable_default_world_average,0.0020882032830171313,2.088203283017131,0.004396217437930802,16.39287759294166,132.09880477992286,70.0,0.00020970989671405813,0.0032890706868098363,0.0008974368544069068,90.9322535789106,,
T1155,8PBV,A,chai1,1,results/2026-06-09-combine-8models-gpu/predictions/T1155/chai1/rank_001.pdb,true,0,92.52524624904618,92.52524624904618,1,,,,bash runners/run_chai1.sh results/2026-06-09-combine-8models-gpu/sequences/T1155.fasta results/2026-06-09-combine-8models-gpu/predictions/T1155/chai1 1,,,,,,,,,,,,,,runner CodeCarbon output: results/2026-06-09-combine-8models-gpu/predictions/T1155/chai1/carbon/T1155_chai1_inference_emissions.csv,,,,,,,92.52524624904618,2.087400023793951,0.004394526365882002,,,,,,true,offline,WORLD,world,constant,475.0,configurable_default_world_average,0.002087400023793951,2.087400023793951,0.004394526365882002,16.591533631199997,132.015528881864,70.0,0.00021351156893706876,0.003285774295283872,0.0008952405016610609,90.840183285065,,
T1157s2,8PKO,B,chai1,1,results/2026-06-09-combine-8models-gpu/predictions/T1157s2/chai1/rank_001.pdb,true,0,183.45466177910566,183.45466177910566,1,,,,bash runners/run_chai1.sh results/2026-06-09-combine-8models-gpu/sequences/T1157s2.fasta results/2026-06-09-combine-8models-gpu/predictions/T1157s2/chai1 1,,,,,,,,,,,,,,runner CodeCarbon output: results/2026-06-09-combine-8models-gpu/predictions/T1157s2/chai1/carbon/T1157s2_chai1_inference_emissions.csv,,,,,,,183.45466177910566,4.736910944318232,0.00997244409330154,,,,,,true,offline,WORLD,world,constant,475.0,configurable_default_world_average,0.004736910944318232,4.736910944318232,0.00997244409330154,16.468866358073175,156.0665118687004,70.0,0.00041507081905536544,0.007795147625003551,0.0017622256492426259,181.78724955907091,,
T1159,7PZT,A,chai1,1,results/2026-06-09-combine-8models-gpu/predictions/T1159/chai1/rank_001.pdb,true,0,92.79576896410435,92.79576896410435,1,,,,bash runners/run_chai1.sh results/2026-06-09-combine-8models-gpu/sequences/T1159.fasta results/2026-06-09-combine-8models-gpu/predictions/T1159/chai1 1,,,,,,,,,,,,,,runner CodeCarbon output: results/2026-06-09-combine-8models-gpu/predictions/T1159/chai1/carbon/T1159_chai1_inference_emissions.csv,,,,,,,92.79576896410435,2.0951060986545733,0.004410749681378049,,,,,,true,offline,WORLD,world,constant,475.0,configurable_default_world_average,0.0020951060986545735,2.0951060986545733,0.004410749681378049,16.58033439287499,133.3419257194322,70.0,0.00020973415014133873,0.003320083767174964,0.0008809317640617442,91.11363013880327,,
T1183,8IFX,B,chai1,1,results/2026-06-09-combine-8models-gpu/predictions/T1183/chai1/rank_001.pdb,true,0,92.73854609508999,92.73854609508999,1,,,,bash runners/run_chai1.sh results/2026-06-09-combine-8models-gpu/sequences/T1183.fasta results/2026-06-09-combine-8models-gpu/predictions/T1183/chai1 1,,,,,,,,,,,,,,runner CodeCarbon output: results/2026-06-09-combine-8models-gpu/predictions/T1183/chai1/carbon/T1183_chai1_inference_emissions.csv,,,,,,,92.73854609508999,2.1051097556128644,0.004431810011816557,,,,,,true,offline,WORLD,world,constant,475.0,configurable_default_world_average,0.0021051097556128644,2.1051097556128644,0.004431810011816557,16.60822590294999,133.17466682355095,70.0,0.00021485564929965754,0.0033176890430386408,0.0008992653194782583,91.04695842205547,,
T1185s1,8OUY,A,chai1,1,results/2026-06-09-combine-8models-gpu/predictions/T1185s1/chai1/rank_001.pdb,true,0,132.98656551889144,132.98656551889144,1,,,,bash runners/run_chai1.sh results/2026-06-09-combine-8models-gpu/sequences/T1185s1.fasta results/2026-06-09-combine-8models-gpu/predictions/T1185s1/chai1 1,,,,,,,,,,,,,,runner CodeCarbon output: results/2026-06-09-combine-8models-gpu/predictions/T1185s1/chai1/carbon/T1185s1_chai1_inference_emissions.csv,,,,,,,132.98656551889144,3.2643226885440866,0.006872258291671761,,,,,,true,offline,WORLD,world,constant,475.0,configurable_default_world_average,0.0032643226885440864,3.2643226885440866,0.006872258291671761,16.579573680830745,147.60849586018142,70.0,0.0003011396351719881,0.005304828132747019,0.001266290523752751,131.3127350390423,,
T1185s2,8OUY,B,chai1,1,results/2026-06-09-combine-8models-gpu/predictions/T1185s2/chai1/rank_001.pdb,true,0,132.1579867771361,132.1579867771361,1,,,,bash runners/run_chai1.sh results/2026-06-09-combine-8models-gpu/sequences/T1185s2.fasta results/2026-06-09-combine-8models-gpu/predictions/T1185s2/chai1 1,,,,,,,,,,,,,,runner CodeCarbon output: results/2026-06-09-combine-8models-gpu/predictions/T1185s2/chai1/carbon/T1185s2_chai1_inference_emissions.csv,,,,,,,132.1579867771361,3.2424160230808616,0.006826138995959709,,,,,,true,offline,WORLD,world,constant,475.0,configurable_default_world_average,0.0032424160230808616,3.2424160230808616,0.006826138995959709,16.55981636579649,147.4503827087168,70.0,0.0002994976395247659,0.005265808657089366,0.0012608326993455794,130.48350068507716,,
T1185s4,8OUY,D,chai1,1,results/2026-06-09-combine-8models-gpu/predictions/T1185s4/chai1/rank_001.pdb,true,0,132.77785137109458,132.77785137109458,1,,,,bash runners/run_chai1.sh results/2026-06-09-combine-8models-gpu/sequences/T1185s4.fasta results/2026-06-09-combine-8models-gpu/predictions/T1185s4/chai1 1,,,,,,,,,,,,,,runner CodeCarbon output: results/2026-06-09-combine-8models-gpu/predictions/T1185s4/chai1/carbon/T1185s4_chai1_inference_emissions.csv,,,,,,,132.77785137109458,3.249754201537815,0.00684158779271119,,,,,,true,offline,WORLD,world,constant,475.0,configurable_default_world_average,0.003249754201537815,3.249754201537815,0.00684158779271119,16.584614119996132,146.9540369852524,70.0,0.0003003863907854138,0.005278552556172045,0.0012626488457537365,131.1059435599018,,
T1194,8OKH,A,chai1,1,results/2026-06-09-combine-8models-gpu/predictions/T1194/chai1/rank_001.pdb,true,0,92.57980610383675,92.57980610383675,1,,,,bash runners/run_chai1.sh results/2026-06-09-combine-8models-gpu/sequences/T1194.fasta results/2026-06-09-combine-8models-gpu/predictions/T1194/chai1 1,,,,,,,,,,,,,,runner CodeCarbon output: results/2026-06-09-combine-8models-gpu/predictions/T1194/chai1/carbon/T1194_chai1_inference_emissions.csv,,,,,,,92.57980610383675,2.098956208622172,0.004418855176046677,,,,,,true,offline,WORLD,world,constant,475.0,configurable_default_world_average,0.002098956208622172,2.098956208622172,0.004418855176046677,16.397020424491657,133.11950678761147,70.0,0.00020974764310736753,0.00331237126100703,0.0008967362719322812,90.90710356808268,,
T1212,9B0L,P,chai1,1,results/2026-06-09-combine-8models-gpu/predictions/T1212/chai1/rank_001.pdb,true,0,182.7120300841052,182.7120300841052,1,,,,bash runners/run_chai1.sh results/2026-06-09-combine-8models-gpu/sequences/T1212.fasta results/2026-06-09-combine-8models-gpu/predictions/T1212/chai1 1,,,,,,,,,,,,,,runner CodeCarbon output: results/2026-06-09-combine-8models-gpu/predictions/T1212/chai1/carbon/T1212_chai1_inference_emissions.csv,,,,,,,182.7120300841052,4.7241494563699495,0.009945577802884104,,,,,,true,offline,WORLD,world,constant,475.0,configurable_default_world_average,0.004724149456369949,4.7241494563699495,0.009945577802884104,16.556488590949975,156.48670832533378,70.0,0.0004173585119493826,0.00777012482720707,0.0017580944637276426,181.03788378695026,,
T1227s1,9N8W,A,chai1,1,results/2026-06-09-combine-8models-gpu/predictions/T1227s1/chai1/rank_001.pdb,true,0,182.17691970220767,182.17691970220767,1,,,,bash runners/run_chai1.sh results/2026-06-09-combine-8models-gpu/sequences/T1227s1.fasta results/2026-06-09-combine-8models-gpu/predictions/T1227s1/chai1 1,,,,,,,,,,,,,,runner CodeCarbon output: results/2026-06-09-combine-8models-gpu/predictions/T1227s1/chai1/carbon/T1227s1_chai1_inference_emissions.csv,,,,,,,182.17691970220767,4.701692500100821,0.009898300000212254,,,,,,true,offline,WORLD,world,constant,475.0,configurable_default_world_average,0.0047016925001008205,4.701692500100821,0.009898300000212254,16.58192247455862,156.59565087931162,70.0,0.00041286631256117406,0.007747955920581973,0.0017374777670690997,180.51127341319807,,
T1266,8QFB,A,chai1,1,results/2026-06-09-combine-8models-gpu/predictions/T1266/chai1/rank_001.pdb,true,0,131.01519828801975,131.01519828801975,1,,,,bash runners/run_chai1.sh results/2026-06-09-combine-8models-gpu/sequences/T1266.fasta results/2026-06-09-combine-8models-gpu/predictions/T1266/chai1 1,,,,,,,,,,,,,,runner CodeCarbon output: results/2026-06-09-combine-8models-gpu/predictions/T1266/chai1/carbon/T1266_chai1_inference_emissions.csv,,,,,,,131.01519828801975,3.2136323287403625,0.006765541744716553,,,,,,true,offline,WORLD,world,constant,475.0,configurable_default_world_average,0.0032136323287403627,3.2136323287403625,0.006765541744716553,16.570194786749973,147.36572370683925,70.0,0.00029685188714474904,0.005219798342501747,0.0012488915150700546,129.34012995893136,,
T1272s2,9C3C,a,chai1,1,results/2026-06-09-combine-8models-gpu/predictions/T1272s2/chai1/rank_001.pdb,true,0,132.80203829682432,132.80203829682432,1,,,,bash runners/run_chai1.sh results/2026-06-09-combine-8models-gpu/sequences/T1272s2.fasta results/2026-06-09-combine-8models-gpu/predictions/T1272s2/chai1 1,,,,,,,,,,,,,,runner CodeCarbon output: results/2026-06-09-combine-8models-gpu/predictions/T1272s2/chai1/carbon/T1272s2_chai1_inference_emissions.csv,,,,,,,132.80203829682432,3.2596894963284355,0.006862504202796707,,,,,,true,offline,WORLD,world,constant,475.0,configurable_default_world_average,0.0032596894963284355,3.2596894963284355,0.006862504202796707,16.58597749449805,147.59763526133457,70.0,0.00030033991218506164,0.005299287572759326,0.0012628767178523253,131.13753604702652,,
T1272s3,9C3C,b,chai1,1,results/2026-06-09-combine-8models-gpu/predictions/T1272s3/chai1/rank_001.pdb,true,0,131.71566637814976,131.71566637814976,1,,,,bash runners/run_chai1.sh results/2026-06-09-combine-8models-gpu/sequences/T1272s3.fasta results/2026-06-09-combine-8models-gpu/predictions/T1272s3/chai1 1,,,,,,,,,,,,,,runner CodeCarbon output: results/2026-06-09-combine-8models-gpu/predictions/T1272s3/chai1/carbon/T1272s3_chai1_inference_emissions.csv,,,,,,,131.71566637814976,3.238568507863148,0.006818038963922417,,,,,,true,offline,WORLD,world,constant,475.0,configurable_default_world_average,0.003238568507863148,3.238568507863148,0.006818038963922417,16.602283195709276,147.15522117790206,70.0,0.00030294739316641373,0.00524408891748962,0.001271002653266381,130.01667220611125,,
T1272s4,9C3C,d,chai1,1,results/2026-06-09-combine-8models-gpu/predictions/T1272s4/chai1/rank_001.pdb,true,0,132.55595102603547,132.55595102603547,1,,,,bash runners/run_chai1.sh results/2026-06-09-combine-8models-gpu/sequences/T1272s4.fasta results/2026-06-09-combine-8models-gpu/predictions/T1272s4/chai1 1,,,,,,,,,,,,,,runner CodeCarbon output: results/2026-06-09-combine-8models-gpu/predictions/T1272s4/chai1/carbon/T1272s4_chai1_inference_emissions.csv,,,,,,,132.55595102603547,3.258309249495111,0.006859598419989707,,,,,,true,offline,WORLD,world,constant,475.0,configurable_default_world_average,0.003258309249495111,3.258309249495111,0.006859598419989707,16.573945264863433,147.28585403280653,70.0,0.0003037952625014181,0.00527858755619981,0.0012772156012884803,130.8845097599551,,
T1272s5,9C3C,g,chai1,1,results/2026-06-09-combine-8models-gpu/predictions/T1272s5/chai1/rank_001.pdb,true,0,132.43494756007567,132.43494756007567,1,,,,bash runners/run_chai1.sh results/2026-06-09-combine-8models-gpu/sequences/T1272s5.fasta results/2026-06-09-combine-8models-gpu/predictions/T1272s5/chai1 1,,,,,,,,,,,,,,runner CodeCarbon output: results/2026-06-09-combine-8models-gpu/predictions/T1272s5/chai1/carbon/T1272s5_chai1_inference_emissions.csv,,,,,,,132.43494756007567,3.2580849642782184,0.0068591262405857225,,,,,,true,offline,WORLD,world,constant,475.0,configurable_default_world_average,0.0032580849642782185,3.2580849642782184,0.0068591262405857225,16.586153117451897,147.64489122123518,70.0,0.00030347523365067096,0.005280337002043112,0.0012753140048919404,130.757314696908,,
T1272s6,9C3C,A,chai1,1,results/2026-06-09-combine-8models-gpu/predictions/T1272s6/chai1/rank_001.pdb,true,0,319.11735728080384,319.11735728080384,1,,,,bash runners/run_chai1.sh results/2026-06-09-combine-8models-gpu/sequences/T1272s6.fasta results/2026-06-09-combine-8models-gpu/predictions/T1272s6/chai1 1,,,,,,,,,,,,,,runner CodeCarbon output: results/2026-06-09-combine-8models-gpu/predictions/T1272s6/chai1/carbon/T1272s6_chai1_inference_emissions.csv,,,,,,,319.11735728080384,8.689356996251863,0.018293383150003922,,,,,,true,offline,WORLD,world,constant,475.0,configurable_default_world_average,0.008689356996251863,8.689356996251863,0.018293383150003922,16.588893141849717,166.5984255412344,70.0,0.0007225984513408203,0.01452754551091573,0.00304323918774737,317.45083608897403,,
T1272s7,9C3C,B,chai1,1,results/2026-06-09-combine-8models-gpu/predictions/T1272s7/chai1/rank_001.pdb,true,0,92.63623574003577,92.63623574003577,1,,,,bash runners/run_chai1.sh results/2026-06-09-combine-8models-gpu/sequences/T1272s7.fasta results/2026-06-09-combine-8models-gpu/predictions/T1272s7/chai1 1,,,,,,,,,,,,,,runner CodeCarbon output: results/2026-06-09-combine-8models-gpu/predictions/T1272s7/chai1/carbon/T1272s7_chai1_inference_emissions.csv,,,,,,,92.63623574003577,2.0986998132129906,0.004418315396237875,,,,,,true,offline,WORLD,world,constant,475.0,configurable_default_world_average,0.0020986998132129907,2.0986998132129906,0.004418315396237875,16.59416215792499,132.87311903356502,70.0,0.00021428576074535526,0.0033060748670799,0.0008979547684126172,90.96552519500256,,
T1272s9,9C3C,n,chai1,1,results/2026-06-09-combine-8models-gpu/predictions/T1272s9/chai1/rank_001.pdb,true,0,92.48955408483744,92.48955408483744,1,,,,bash runners/run_chai1.sh results/2026-06-09-combine-8models-gpu/sequences/T1272s9.fasta results/2026-06-09-combine-8models-gpu/predictions/T1272s9/chai1 1,,,,,,,,,,,,,,runner CodeCarbon output: results/2026-06-09-combine-8models-gpu/predictions/T1272s9/chai1/carbon/T1272s9_chai1_inference_emissions.csv,,,,,,,92.48955408483744,2.103461473185794,0.00442833994354904,,,,,,true,offline,WORLD,world,constant,475.0,configurable_default_world_average,0.002103461473185794,2.103461473185794,0.00442833994354904,16.58798238432499,133.76852190908514,70.0,0.00021335814774825636,0.003320083767174964,0.0008948980286258222,90.81456498103216,,
T1280,9F5M,AAA,chai1,1,results/2026-06-09-combine-8models-gpu/predictions/T1280/chai1/rank_001.pdb,true,0,93.16811267309822,93.16811267309822,1,,,,bash runners/run_chai1.sh results/2026-06-09-combine-8models-gpu/sequences/T1280.fasta results/2026-06-09-combine-8models-gpu/predictions/T1280/chai1 1,,,,,,,,,,,,,,runner CodeCarbon output: results/2026-06-09-combine-8models-gpu/predictions/T1280/chai1/carbon/T1280_chai1_inference_emissions.csv,,,,,,,93.16811267309822,2.095522027509578,0.004411625321072796,,,,,,true,offline,WORLD,world,constant,475.0,configurable_default_world_average,0.0020955220275095782,2.095522027509578,0.004411625321072796,16.556159001799998,132.55059397760638,70.0,0.00021137967581733483,0.0033115123714306804,0.0008887332738247804,91.49485758505762,,
T1299,9FJL,A,chai1,1,results/2026-06-09-combine-8models-gpu/predictions/T1299/chai1/rank_001.pdb,true,0,92.20374817796983,92.20374817796983,1,,,,bash runners/run_chai1.sh results/2026-06-09-combine-8models-gpu/sequences/T1299.fasta results/2026-06-09-combine-8models-gpu/predictions/T1299/chai1 1,,,,,,,,,,,,,,runner CodeCarbon output: results/2026-06-09-combine-8models-gpu/predictions/T1299/chai1/carbon/T1299_chai1_inference_emissions.csv,,,,,,,92.20374817796983,2.0894668016525357,0.004398877477163233,,,,,,true,offline,WORLD,world,constant,475.0,configurable_default_world_average,0.002089466801652536,2.0894668016525357,0.004398877477163233,16.55684778055617,133.90967745430234,70.0,0.00020915619753252923,0.0033101565370134978,0.0008795647426172058,90.53239976614714,,
T1104,7ROA,A,colabfold,1,results/2026-06-09-combine-8models-gpu/predictions/T1104/colabfold/rank_001.pdb,true,0,108,108,1,,,,bash runners/run_colabfold.sh results/2026-06-09-combine-8models-gpu/sequences/T1104.fasta results/2026-06-09-combine-8models-gpu/predictions/T1104/colabfold 1,,true,colabfold_mmseqs2,mmseqs2_uniref_env,colabfold,/data/chen/protein_folding_databases/colabfold,true,true,false,,,,482,ColabFold local MMseqs2 MSA search measured separately from colabfold_batch inference.,,,,,,,590.0,9.693335058899262,0.020407021176630024,,,,,,true,offline,WORLD,world,constant,475.0,configurable_default_world_average,0.002342630151391787,2.3426301513917873,0.0049318529502985,35.87470657013571,116.32458517614401,70.0,0.0005214580159629966,0.003365135192106905,0.0010452597422285989,106.27255870192312,,
T1106s1,7QIH,B,colabfold,1,results/2026-06-09-combine-8models-gpu/predictions/T1106s1/colabfold/rank_001.pdb,true,0,118,118,1,,,,bash runners/run_colabfold.sh results/2026-06-09-combine-8models-gpu/sequences/T1106s1.fasta results/2026-06-09-combine-8models-gpu/predictions/T1106s1/colabfold 1,,true,colabfold_mmseqs2,mmseqs2_uniref_env,colabfold,/data/chen/protein_folding_databases/colabfold,true,true,false,,,,495,ColabFold local MMseqs2 MSA search measured separately from colabfold_batch inference.,,,,,,,613.0,10.228478780413603,0.021533639537712847,,,,,,true,offline,WORLD,world,constant,475.0,configurable_default_world_average,0.0025189355044388357,2.5189355044388355,0.005303022114608075,33.79032156404347,114.72902312259896,70.0,0.0005360172843321715,0.003634779018932832,0.001132225811343071,115.91451610904187,,
T1106s2,7QIH,A,colabfold,1,results/2026-06-09-combine-8models-gpu/predictions/T1106s2/colabfold/rank_001.pdb,true,0,121,121,1,,,,bash runners/run_colabfold.sh results/2026-06-09-combine-8models-gpu/sequences/T1106s2.fasta results/2026-06-09-combine-8models-gpu/predictions/T1106s2/colabfold 1,,true,colabfold_mmseqs2,mmseqs2_uniref_env,colabfold,/data/chen/protein_folding_databases/colabfold,true,true,false,,,,514,ColabFold local MMseqs2 MSA search measured separately from colabfold_batch inference.,,,,,,,635.0,10.567265705155485,0.02224687516874839,,,,,,true,offline,WORLD,world,constant,475.0,configurable_default_world_average,0.0025854669643250094,2.5854669643250094,0.005443088345947388,33.6158235420318,114.75250630656937,70.0,0.0005480703715177001,0.003730834373553815,0.0011641836008758728,119.00959807797335,,
T1112,8ORK,AAA,colabfold,1,results/2026-06-09-combine-8models-gpu/predictions/T1112/colabfold/rank_001.pdb,true,0,146,146,1,,,,bash runners/run_colabfold.sh results/2026-06-09-combine-8models-gpu/sequences/T1112.fasta results/2026-06-09-combine-8models-gpu/predictions/T1112/colabfold 1,,true,colabfold_mmseqs2,mmseqs2_uniref_env,colabfold,/data/chen/protein_folding_databases/colabfold,true,true,false,,,,503,ColabFold local MMseqs2 MSA search measured separately from colabfold_batch inference.,,,,,,,649.0,11.579686309905837,0.024378286968222813,,,,,,true,offline,WORLD,world,constant,475.0,configurable_default_world_average,0.00350009811661628,3.50009811661628,0.007368627613929011,31.993362708461532,135.29877942439387,70.0,0.0006279152527676184,0.005347587889178218,0.0013931244719831736,144.50406186899636,,
T1114s1,7UTD,Q,colabfold,1,results/2026-06-09-combine-8models-gpu/predictions/T1114s1/colabfold/rank_001.pdb,true,0,135,135,1,,,,bash runners/run_colabfold.sh results/2026-06-09-combine-8models-gpu/sequences/T1114s1.fasta results/2026-06-09-combine-8models-gpu/predictions/T1114s1/colabfold 1,,true,colabfold_mmseqs2,mmseqs2_uniref_env,colabfold,/data/chen/protein_folding_databases/colabfold,true,true,false,,,,487,ColabFold local MMseqs2 MSA search measured separately from colabfold_batch inference.,,,,,,,622.0,10.600474205806037,0.022316787801696922,,,,,,true,offline,WORLD,world,constant,475.0,configurable_default_world_average,0.0029054417814218833,2.9054417814218834,0.006116719539835544,34.512807816624985,115.7471888826982,70.0,0.0006266035464251437,0.004196598079496905,0.001293517913913497,132.7805950519396,,
T1114s2,7UTD,B,colabfold,1,results/2026-06-09-combine-8models-gpu/predictions/T1114s2/colabfold/rank_001.pdb,true,0,155,155,1,,,,bash runners/run_colabfold.sh results/2026-06-09-combine-8models-gpu/sequences/T1114s2.fasta results/2026-06-09-combine-8models-gpu/predictions/T1114s2/colabfold 1,,true,colabfold_mmseqs2,mmseqs2_uniref_env,colabfold,/data/chen/protein_folding_databases/colabfold,true,true,false,,,,494,ColabFold local MMseqs2 MSA search measured separately from colabfold_batch inference.,,,,,,,649.0,11.384027306877247,0.02396637327763631,,,,,,true,offline,WORLD,world,constant,475.0,configurable_default_world_average,0.003546470024390812,3.5464700243908123,0.007466252682928026,32.978287568210284,127.71042679842452,70.0,0.0006809031437536733,0.005321090923535721,0.0014642586156386342,152.33058341091964,,
T1114s3,7UTD,A,colabfold,1,results/2026-06-09-combine-8models-gpu/predictions/T1114s3/colabfold/rank_001.pdb,true,0,186,186,1,,,,bash runners/run_colabfold.sh results/2026-06-09-combine-8models-gpu/sequences/T1114s3.fasta results/2026-06-09-combine-8models-gpu/predictions/T1114s3/colabfold 1,,true,colabfold_mmseqs2,mmseqs2_uniref_env,colabfold,/data/chen/protein_folding_databases/colabfold,true,true,false,,,,512,ColabFold local MMseqs2 MSA search measured separately from colabfold_batch inference.,,,,,,,698.0,12.717008405412011,0.0267726492745516,,,,,,true,offline,WORLD,world,constant,475.0,configurable_default_world_average,0.004512680403406711,4.51268040340671,0.009500379796645706,30.540775297053248,137.93084998700292,70.0,0.0007652213460136752,0.00694963333748122,0.0017855251131508147,184.10249858896714,,
T1120,7QVB,B,colabfold,1,results/2026-06-09-combine-8models-gpu/predictions/T1120/colabfold/rank_001.pdb,true,0,150,150,1,,,,bash runners/run_colabfold.sh results/2026-06-09-combine-8models-gpu/sequences/T1120.fasta results/2026-06-09-combine-8models-gpu/predictions/T1120/colabfold 1,,true,colabfold_mmseqs2,mmseqs2_uniref_env,colabfold,/data/chen/protein_folding_databases/colabfold,true,true,false,,,,500,ColabFold local MMseqs2 MSA search measured separately from colabfold_batch inference.,,,,,,,650.0,10.932078897058428,0.023014902941175638,,,,,,true,offline,WORLD,world,constant,475.0,configurable_default_world_average,0.003053105543052215,3.053105543052215,0.0064275906169520315,33.8620211947959,106.29024035163309,70.0,0.000680265807762042,0.004318375399142038,0.0014289494100479516,148.50826818100177,,
T1122,8BBT,A,colabfold,1,results/2026-06-09-combine-8models-gpu/predictions/T1122/colabfold/rank_001.pdb,true,0,116,116,1,,,,bash runners/run_colabfold.sh results/2026-06-09-combine-8models-gpu/sequences/T1122.fasta results/2026-06-09-combine-8models-gpu/predictions/T1122/colabfold 1,,true,colabfold_mmseqs2,mmseqs2_uniref_env,colabfold,/data/chen/protein_folding_databases/colabfold,true,true,false,,,,506,ColabFold local MMseqs2 MSA search measured separately from colabfold_batch inference.,,,,,,,622.0,10.516140355036214,0.02213924285270782,,,,,,true,offline,WORLD,world,constant,475.0,configurable_default_world_average,0.0025136604346066324,2.5136604346066322,0.005291916704435015,34.81423321671427,117.99186171850594,70.0,0.0005362392643622502,0.0036589157049085053,0.0010967617351642634,113.49178661697078,,
T1129s2,8A8C,B,colabfold,1,results/2026-06-09-combine-8models-gpu/predictions/T1129s2/colabfold/rank_001.pdb,true,0,139,139,1,,,,bash runners/run_colabfold.sh results/2026-06-09-combine-8models-gpu/sequences/T1129s2.fasta results/2026-06-09-combine-8models-gpu/predictions/T1129s2/colabfold 1,,true,colabfold_mmseqs2,mmseqs2_uniref_env,colabfold,/data/chen/protein_folding_databases/colabfold,true,true,false,,,,494,ColabFold local MMseqs2 MSA search measured separately from colabfold_batch inference.,,,,,,,633.0,11.42941813503658,0.02406193291586648,,,,,,true,offline,WORLD,world,constant,475.0,configurable_default_world_average,0.003414433603040271,3.414433603040271,0.007188281269558465,30.51541069994999,142.1922786375736,70.0,0.0005684892340430954,0.00530361007621849,0.001316181959296874,136.41162914398592,,
T1133,8DYS,A,colabfold,1,results/2026-06-09-combine-8models-gpu/predictions/T1133/colabfold/rank_001.pdb,true,0,187,187,1,,,,bash runners/run_colabfold.sh results/2026-06-09-combine-8models-gpu/sequences/T1133.fasta results/2026-06-09-combine-8models-gpu/predictions/T1133/colabfold 1,,true,colabfold_mmseqs2,mmseqs2_uniref_env,colabfold,/data/chen/protein_folding_databases/colabfold,true,true,false,,,,538,ColabFold local MMseqs2 MSA search measured separately from colabfold_batch inference.,,,,,,,725.0,13.162704088043899,0.027710955974829258,,,,,,true,offline,WORLD,world,constant,475.0,configurable_default_world_average,0.004629520414232346,4.6295204142323465,0.009746358766804939,31.59884806304755,136.76866164816983,70.0,0.0008140203390385043,0.007043675634935909,0.0018886627928305342,185.30110084894113,,
T1134s1,7UBZ,A,colabfold,1,results/2026-06-09-combine-8models-gpu/predictions/T1134s1/colabfold/rank_001.pdb,true,0,140,140,1,,,,bash runners/run_colabfold.sh results/2026-06-09-combine-8models-gpu/sequences/T1134s1.fasta results/2026-06-09-combine-8models-gpu/predictions/T1134s1/colabfold 1,,true,colabfold_mmseqs2,mmseqs2_uniref_env,colabfold,/data/chen/protein_folding_databases/colabfold,true,true,false,,,,509,ColabFold local MMseqs2 MSA search measured separately from colabfold_batch inference.,,,,,,,649.0,11.029787256650685,0.02322060475084355,,,,,,true,offline,WORLD,world,constant,475.0,configurable_default_world_average,0.0030064470688431974,3.0064470688431975,0.006329362250196205,35.0926373980147,115.4944547115925,70.0,0.0006590032310036943,0.004330517353299701,0.0013398416658928097,137.21409962908365,,
T1134s2,7UBZ,D,colabfold,1,results/2026-06-09-combine-8models-gpu/predictions/T1134s2/colabfold/rank_001.pdb,true,0,150,150,1,,,,bash runners/run_colabfold.sh results/2026-06-09-combine-8models-gpu/sequences/T1134s2.fasta results/2026-06-09-combine-8models-gpu/predictions/T1134s2/colabfold 1,,true,colabfold_mmseqs2,mmseqs2_uniref_env,colabfold,/data/chen/protein_folding_databases/colabfold,true,true,false,,,,504,ColabFold local MMseqs2 MSA search measured separately from colabfold_batch inference.,,,,,,,654.0,11.25017156761052,0.023684571721285307,,,,,,true,offline,WORLD,world,constant,475.0,configurable_default_world_average,0.0033464327258712996,3.3464327258712996,0.007045121528150104,35.4325397709643,119.00903195167724,70.0,0.0007448922529925126,0.004850174435692356,0.0014500548394652368,147.8344425429823,,
T1137s1,8FEF,A,colabfold,1,results/2026-06-09-combine-8models-gpu/predictions/T1137s1/colabfold/rank_001.pdb,true,0,160,160,1,,,,bash runners/run_colabfold.sh results/2026-06-09-combine-8models-gpu/sequences/T1137s1.fasta results/2026-06-09-combine-8models-gpu/predictions/T1137s1/colabfold 1,,true,colabfold_mmseqs2,mmseqs2_uniref_env,colabfold,/data/chen/protein_folding_databases/colabfold,true,true,false,,,,518,ColabFold local MMseqs2 MSA search measured separately from colabfold_batch inference.,,,,,,,678.0,11.975273956942946,0.02521110306724831,,,,,,true,offline,WORLD,world,constant,475.0,configurable_default_world_average,0.003702752209320036,3.702752209320036,0.007795267809094812,33.712979234507955,127.97445004710913,70.0,0.0007268539849927539,0.005533184426544047,0.0015352293975580114,158.04857374506537,,
T1137s2,8FEF,B,colabfold,1,results/2026-06-09-combine-8models-gpu/predictions/T1137s2/colabfold/rank_001.pdb,true,0,157,157,1,,,,bash runners/run_colabfold.sh results/2026-06-09-combine-8models-gpu/sequences/T1137s2.fasta results/2026-06-09-combine-8models-gpu/predictions/T1137s2/colabfold 1,,true,colabfold_mmseqs2,mmseqs2_uniref_env,colabfold,/data/chen/protein_folding_databases/colabfold,true,true,false,,,,525,ColabFold local MMseqs2 MSA search measured separately from colabfold_batch inference.,,,,,,,682.0,11.88403533825119,0.025019021764739344,,,,,,true,offline,WORLD,world,constant,475.0,configurable_default_world_average,0.0035683184489684796,3.5683184489684794,0.0075122493662494304,33.92702788542858,124.24491284867386,70.0,0.0007207907214529284,0.005293139790063517,0.0014983188547329817,155.61716983898077,,
T1137s3,8FEF,C,colabfold,1,results/2026-06-09-combine-8models-gpu/predictions/T1137s3/colabfold/rank_001.pdb,true,0,159,159,1,,,,bash runners/run_colabfold.sh results/2026-06-09-combine-8models-gpu/sequences/T1137s3.fasta results/2026-06-09-combine-8models-gpu/predictions/T1137s3/colabfold 1,,true,colabfold_mmseqs2,mmseqs2_uniref_env,colabfold,/data/chen/protein_folding_databases/colabfold,true,true,false,,,,531,ColabFold local MMseqs2 MSA search measured separately from colabfold_batch inference.,,,,,,,690.0,12.395729484003184,0.026096272597901433,,,,,,true,offline,WORLD,world,constant,475.0,configurable_default_world_average,0.003976115301115382,3.9761153011153825,0.008370769054979752,29.961003711000004,147.88291286343096,70.0,0.0006221307746253153,0.006262344454316615,0.0014862938260378235,157.10236827400513,,
T1137s4,8FEF,D,colabfold,1,results/2026-06-09-combine-8models-gpu/predictions/T1137s4/colabfold/rank_001.pdb,true,0,190,190,1,,,,bash runners/run_colabfold.sh results/2026-06-09-combine-8models-gpu/sequences/T1137s4.fasta results/2026-06-09-combine-8models-gpu/predictions/T1137s4/colabfold 1,,true,colabfold_mmseqs2,mmseqs2_uniref_env,colabfold,/data/chen/protein_folding_databases/colabfold,true,true,false,,,,536,ColabFold local MMseqs2 MSA search measured separately from colabfold_batch inference.,,,,,,,726.0,13.131834247833087,0.02764596683754334,,,,,,true,offline,WORLD,world,constant,475.0,configurable_default_world_average,0.004601320375565104,4.601320375565104,0.009686990264347587,30.032375426735292,138.00422366426653,70.0,0.000768703037708658,0.007100976236332102,0.0018173109903068193,187.77301692799665,,
T1137s5,8FEF,E,colabfold,1,results/2026-06-09-combine-8models-gpu/predictions/T1137s5/colabfold/rank_001.pdb,true,0,164,164,1,,,,bash runners/run_colabfold.sh results/2026-06-09-combine-8models-gpu/sequences/T1137s5.fasta results/2026-06-09-combine-8models-gpu/predictions/T1137s5/colabfold 1,,true,colabfold_mmseqs2,mmseqs2_uniref_env,colabfold,/data/chen/protein_folding_databases/colabfold,true,true,false,,,,532,ColabFold local MMseqs2 MSA search measured separately from colabfold_batch inference.,,,,,,,696.0,12.158372623935694,0.02559657394512778,,,,,,true,offline,WORLD,world,constant,475.0,configurable_default_world_average,0.0037341400539146765,3.7341400539146763,0.007861347481925634,31.328421077608702,125.81121697002378,70.0,0.0006926754948344965,0.005602820315586676,0.0015658516715044645,162.56327368097845,,
T1137s6,8FEF,F,colabfold,1,results/2026-06-09-combine-8models-gpu/predictions/T1137s6/colabfold/rank_001.pdb,true,0,183,183,1,,,,bash runners/run_colabfold.sh results/2026-06-09-combine-8models-gpu/sequences/T1137s6.fasta results/2026-06-09-combine-8models-gpu/predictions/T1137s6/colabfold 1,,true,colabfold_mmseqs2,mmseqs2_uniref_env,colabfold,/data/chen/protein_folding_databases/colabfold,true,true,false,,,,520,ColabFold local MMseqs2 MSA search measured separately from colabfold_batch inference.,,,,,,,703.0,12.737291670778681,0.026815350885849857,,,,,,true,offline,WORLD,world,constant,475.0,configurable_default_world_average,0.004425356085308679,4.425356085308678,0.009316539126965638,30.03785123684582,137.347862399611,70.0,0.0007436269312291071,0.0068134929507905895,0.0017594192449459423,181.09637652896345,,
T1137s7,8FEF,G,colabfold,1,results/2026-06-09-combine-8models-gpu/predictions/T1137s7/colabfold/rank_001.pdb,true,0,209,209,1,,,,bash runners/run_colabfold.sh results/2026-06-09-combine-8models-gpu/sequences/T1137s7.fasta results/2026-06-09-combine-8models-gpu/predictions/T1137s7/colabfold 1,,true,colabfold_mmseqs2,mmseqs2_uniref_env,colabfold,/data/chen/protein_folding_databases/colabfold,true,true,false,,,,760,ColabFold local MMseqs2 MSA search measured separately from colabfold_batch inference.,,,,,,,969.0,16.785660076758255,0.035338231740543694,,,,,,true,offline,WORLD,world,constant,475.0,configurable_default_world_average,0.005250699198755785,5.250699198755785,0.011054103576327969,30.288128554055827,144.54036049817256,70.0,0.0008531688570435672,0.008211267957898283,0.0019896667613861323,207.3869372640038,,
T1137s8,8FEF,I,colabfold,1,results/2026-06-09-combine-8models-gpu/predictions/T1137s8/colabfold/rank_001.pdb,true,0,147,147,1,,,,bash runners/run_colabfold.sh results/2026-06-09-combine-8models-gpu/sequences/T1137s8.fasta results/2026-06-09-combine-8models-gpu/predictions/T1137s8/colabfold 1,,true,colabfold_mmseqs2,mmseqs2_uniref_env,colabfold,/data/chen/protein_folding_databases/colabfold,true,true,false,,,,507,ColabFold local MMseqs2 MSA search measured separately from colabfold_batch inference.,,,,,,,654.0,11.239843830936865,0.02366282911776182,,,,,,true,offline,WORLD,world,constant,475.0,configurable_default_world_average,0.0032238783732960615,3.2238783732960616,0.006787112364833814,32.65703455021154,120.0274544139655,70.0,0.0006429674277579204,0.0047506226893840875,0.0013935222476918062,144.55500883003697,,
T1137s9,8FEF,J,colabfold,1,results/2026-06-09-combine-8models-gpu/predictions/T1137s9/colabfold/rank_001.pdb,true,0,153,153,1,,,,bash runners/run_colabfold.sh results/2026-06-09-combine-8models-gpu/sequences/T1137s9.fasta results/2026-06-09-combine-8models-gpu/predictions/T1137s9/colabfold 1,,true,colabfold_mmseqs2,mmseqs2_uniref_env,colabfold,/data/chen/protein_folding_databases/colabfold,true,true,false,,,,505,ColabFold local MMseqs2 MSA search measured separately from colabfold_batch inference.,,,,,,,658.0,11.29016576193926,0.023768770025135284,,,,,,true,offline,WORLD,world,constant,475.0,configurable_default_world_average,0.003404938830894478,3.404938830894478,0.007168292275567322,36.24355612488422,120.46749894215205,70.0,0.0007439851880025244,0.004970898421158942,0.0014534086664058528,150.71897970302962,,
T1145,7UWW,A,colabfold,1,results/2026-06-09-combine-8models-gpu/predictions/T1145/colabfold/rank_001.pdb,true,0,201,201,1,,,,bash runners/run_colabfold.sh results/2026-06-09-combine-8models-gpu/sequences/T1145.fasta results/2026-06-09-combine-8models-gpu/predictions/T1145/colabfold 1,,true,colabfold_mmseqs2,mmseqs2_uniref_env,colabfold,/data/chen/protein_folding_databases/colabfold,true,true,false,,,,533,ColabFold local MMseqs2 MSA search measured separately from colabfold_batch inference.,,,,,,,734.0,13.377631262762751,0.028163434237395264,,,,,,true,offline,WORLD,world,constant,475.0,configurable_default_world_average,0.004867089467484843,4.867089467484843,0.010246504142073353,30.6473705716722,137.5548738971043,70.0,0.0008284517467126661,0.007501517390097856,0.0019165350052628338,198.49656306998804,,
T1147,8EM5,A,colabfold,1,results/2026-06-09-combine-8models-gpu/predictions/T1147/colabfold/rank_001.pdb,true,0,134,134,1,,,,bash runners/run_colabfold.sh results/2026-06-09-combine-8models-gpu/sequences/T1147.fasta results/2026-06-09-combine-8models-gpu/predictions/T1147/colabfold 1,,true,colabfold_mmseqs2,mmseqs2_uniref_env,colabfold,/data/chen/protein_folding_databases/colabfold,true,true,false,,,,505,ColabFold local MMseqs2 MSA search measured separately from colabfold_batch inference.,,,,,,,639.0,10.686101907781552,0.022497056647961165,,,,,,true,offline,WORLD,world,constant,475.0,configurable_default_world_average,0.002806951364713466,2.806951364713466,0.0059093712941336125,35.806127449975186,109.33645825526553,70.0,0.0006496410241122805,0.003975806513975666,0.001283923756045664,131.81359888694715,,
T1151s2,8D5V,A,colabfold,1,results/2026-06-09-combine-8models-gpu/predictions/T1151s2/colabfold/rank_001.pdb,true,0,111,111,1,,,,bash runners/run_colabfold.sh results/2026-06-09-combine-8models-gpu/sequences/T1151s2.fasta results/2026-06-09-combine-8models-gpu/predictions/T1151s2/colabfold 1,,true,colabfold_mmseqs2,mmseqs2_uniref_env,colabfold,/data/chen/protein_folding_databases/colabfold,true,true,false,,,,505,ColabFold local MMseqs2 MSA search measured separately from colabfold_batch inference.,,,,,,,616.0,10.346541712275558,0.021782193078474857,,,,,,true,offline,WORLD,world,constant,475.0,configurable_default_world_average,0.002483092122495598,2.483092122495598,0.005227562363148628,32.89872184646493,120.88512525871026,70.0,0.0005352717045310477,0.0036077117750550336,0.0010845788835625479,109.20289876998868,,
T1155,8PBV,A,colabfold,1,results/2026-06-09-combine-8models-gpu/predictions/T1155/colabfold/rank_001.pdb,true,0,99,99,1,,,,bash runners/run_colabfold.sh results/2026-06-09-combine-8models-gpu/sequences/T1155.fasta results/2026-06-09-combine-8models-gpu/predictions/T1155/colabfold 1,,true,colabfold_mmseqs2,mmseqs2_uniref_env,colabfold,/data/chen/protein_folding_databases/colabfold,true,true,false,,,,501,ColabFold local MMseqs2 MSA search measured separately from colabfold_batch inference.,,,,,,,600.0,10.04311899413495,0.021143408408705155,,,,,,true,offline,WORLD,world,constant,475.0,configurable_default_world_average,0.0022401731420035624,2.240173142003562,0.004716153983165394,37.80950572291407,122.9755890733097,70.0,0.0005034246189031754,0.0032535698250759637,0.0009591595391862538,97.2477148269536,,
T1157s2,8PKO,B,colabfold,1,results/2026-06-09-combine-8models-gpu/predictions/T1157s2/colabfold/rank_001.pdb,true,0,189,189,1,,,,bash runners/run_colabfold.sh results/2026-06-09-combine-8models-gpu/sequences/T1157s2.fasta results/2026-06-09-combine-8models-gpu/predictions/T1157s2/colabfold 1,,true,colabfold_mmseqs2,mmseqs2_uniref_env,colabfold,/data/chen/protein_folding_databases/colabfold,true,true,false,,,,574,ColabFold local MMseqs2 MSA search measured separately from colabfold_batch inference.,,,,,,,763.0,13.437450084459279,0.028289368598861636,,,,,,true,offline,WORLD,world,constant,475.0,configurable_default_world_average,0.004434176355231396,4.434176355231396,0.009335108116276624,30.363936324096777,131.6730574101632,70.0,0.0007764445086833278,0.006745390674084639,0.0018132729335086576,187.103566366015,,
T1159,7PZT,A,colabfold,1,results/2026-06-09-combine-8models-gpu/predictions/T1159/colabfold/rank_001.pdb,true,0,109,109,1,,,,bash runners/run_colabfold.sh results/2026-06-09-combine-8models-gpu/sequences/T1159.fasta results/2026-06-09-combine-8models-gpu/predictions/T1159/colabfold 1,,true,colabfold_mmseqs2,mmseqs2_uniref_env,colabfold,/data/chen/protein_folding_databases/colabfold,true,true,false,,,,505,ColabFold local MMseqs2 MSA search measured separately from colabfold_batch inference.,,,,,,,614.0,10.307229526322814,0.02169943058173224,,,,,,true,offline,WORLD,world,constant,475.0,configurable_default_world_average,0.0024091224154194446,2.4091224154194446,0.005071836664040936,38.17965824342686,118.16553358501632,70.0,0.0005599786967356745,0.003472424444605604,0.0010394335226996598,107.43521610600874,,
T1183,8IFX,B,colabfold,1,results/2026-06-09-combine-8models-gpu/predictions/T1183/colabfold/rank_001.pdb,true,0,124,124,1,,,,bash runners/run_colabfold.sh results/2026-06-09-combine-8models-gpu/sequences/T1183.fasta results/2026-06-09-combine-8models-gpu/predictions/T1183/colabfold 1,,true,colabfold_mmseqs2,mmseqs2_uniref_env,colabfold,/data/chen/protein_folding_databases/colabfold,true,true,false,,,,521,ColabFold local MMseqs2 MSA search measured separately from colabfold_batch inference.,,,,,,,645.0,10.872450590317257,0.022889369663825803,,,,,,true,offline,WORLD,world,constant,475.0,configurable_default_world_average,0.0027413335396281697,2.7413335396281697,0.0057712285044803574,35.17891784340369,116.39348117504466,70.0,0.0006360120947245405,0.003915853966014016,0.001219362443741799,122.79848292795941,,
T1185s1,8OUY,A,colabfold,1,results/2026-06-09-combine-8models-gpu/predictions/T1185s1/colabfold/rank_001.pdb,true,0,155,155,1,,,,bash runners/run_colabfold.sh results/2026-06-09-combine-8models-gpu/sequences/T1185s1.fasta results/2026-06-09-combine-8models-gpu/predictions/T1185s1/colabfold 1,,true,colabfold_mmseqs2,mmseqs2_uniref_env,colabfold,/data/chen/protein_folding_databases/colabfold,true,true,false,,,,534,ColabFold local MMseqs2 MSA search measured separately from colabfold_batch inference.,,,,,,,689.0,11.889938518971494,0.025031449513624196,,,,,,true,offline,WORLD,world,constant,475.0,configurable_default_world_average,0.0035010125053996817,3.501012505399682,0.007370552642946699,33.26555064682402,123.64774641566278,70.0,0.0006946284820340638,0.005196399157116005,0.0014795250037966377,153.5492447130382,,
T1185s2,8OUY,B,colabfold,1,results/2026-06-09-combine-8models-gpu/predictions/T1185s2/colabfold/rank_001.pdb,true,0,135,135,1,,,,bash runners/run_colabfold.sh results/2026-06-09-combine-8models-gpu/sequences/T1185s2.fasta results/2026-06-09-combine-8models-gpu/predictions/T1185s2/colabfold 1,,true,colabfold_mmseqs2,mmseqs2_uniref_env,colabfold,/data/chen/protein_folding_databases/colabfold,true,true,false,,,,539,ColabFold local MMseqs2 MSA search measured separately from colabfold_batch inference.,,,,,,,674.0,11.728110203716383,0.024690758323613442,,,,,,true,offline,WORLD,world,constant,475.0,configurable_default_world_average,0.0032198822219573044,3.2198822219573042,0.0067786994146469565,30.35606801427067,134.28139650463007,70.0,0.0005563304220556837,0.004917060322534805,0.0013053086700564672,133.85262010397855,,
T1185s4,8OUY,D,colabfold,1,results/2026-06-09-combine-8models-gpu/predictions/T1185s4/colabfold/rank_001.pdb,true,0,132,132,1,,,,bash runners/run_colabfold.sh results/2026-06-09-combine-8models-gpu/sequences/T1185s4.fasta results/2026-06-09-combine-8models-gpu/predictions/T1185s4/colabfold 1,,true,colabfold_mmseqs2,mmseqs2_uniref_env,colabfold,/data/chen/protein_folding_databases/colabfold,true,true,false,,,,526,ColabFold local MMseqs2 MSA search measured separately from colabfold_batch inference.,,,,,,,658.0,11.225178479919926,0.02363195469456826,,,,,,true,offline,WORLD,world,constant,475.0,configurable_default_world_average,0.002938864118062616,2.938864118062616,0.006187082353816033,32.964583384290705,121.84007627816317,70.0,0.0005884720513226057,0.004328513740585738,0.0012700965619076873,130.05597088707145,,
T1194,8OKH,A,colabfold,1,results/2026-06-09-combine-8models-gpu/predictions/T1194/colabfold/rank_001.pdb,true,0,101,101,1,,,,bash runners/run_colabfold.sh results/2026-06-09-combine-8models-gpu/sequences/T1194.fasta results/2026-06-09-combine-8models-gpu/predictions/T1194/colabfold 1,,true,colabfold_mmseqs2,mmseqs2_uniref_env,colabfold,/data/chen/protein_folding_databases/colabfold,true,true,false,,,,509,ColabFold local MMseqs2 MSA search measured separately from colabfold_batch inference.,,,,,,,610.0,10.226766093117595,0.021530033880247566,,,,,,true,offline,WORLD,world,constant,475.0,configurable_default_world_average,0.0022470196006613356,2.2470196006613357,0.004730567580339654,35.54560148329591,121.43460602334031,70.0,0.00048133659851601557,0.0032789781787343486,0.0009702528030892913,98.8357099989662,,
T1212,9B0L,P,colabfold,1,results/2026-06-09-combine-8models-gpu/predictions/T1212/colabfold/rank_001.pdb,true,0,174,174,1,,,,bash runners/run_colabfold.sh results/2026-06-09-combine-8models-gpu/sequences/T1212.fasta results/2026-06-09-combine-8models-gpu/predictions/T1212/colabfold 1,,true,colabfold_mmseqs2,mmseqs2_uniref_env,colabfold,/data/chen/protein_folding_databases/colabfold,true,true,false,,,,531,ColabFold local MMseqs2 MSA search measured separately from colabfold_batch inference.,,,,,,,705.0,12.475288118384311,0.026263764459756443,,,,,,true,offline,WORLD,world,constant,475.0,configurable_default_world_average,0.004039650061164599,4.039650061164599,0.00850452644455705,32.87770587492794,128.03370306083278,70.0,0.000818731503540346,0.005992459238408188,0.00169333570260852,171.72034527896903,,
T1227s1,9N8W,A,colabfold,1,results/2026-06-09-combine-8models-gpu/predictions/T1227s1/colabfold/rank_001.pdb,true,0,172,172,1,,,,bash runners/run_colabfold.sh results/2026-06-09-combine-8models-gpu/sequences/T1227s1.fasta results/2026-06-09-combine-8models-gpu/predictions/T1227s1/colabfold 1,,true,colabfold_mmseqs2,mmseqs2_uniref_env,colabfold,/data/chen/protein_folding_databases/colabfold,true,true,false,,,,508,ColabFold local MMseqs2 MSA search measured separately from colabfold_batch inference.,,,,,,,680.0,12.106244416751093,0.02548683035105493,,,,,,true,offline,WORLD,world,constant,475.0,configurable_default_world_average,0.003967237040327189,3.967237040327189,0.008352077979636188,33.873183569809164,124.96738004623285,70.0,0.0008175793988689708,0.0058682613612717205,0.0016662372194954924,169.99186241591815,,
T1266,8QFB,A,colabfold,1,results/2026-06-09-combine-8models-gpu/predictions/T1266/colabfold/rank_001.pdb,true,0,128,128,1,,,,bash runners/run_colabfold.sh results/2026-06-09-combine-8models-gpu/sequences/T1266.fasta results/2026-06-09-combine-8models-gpu/predictions/T1266/colabfold 1,,true,colabfold_mmseqs2,mmseqs2_uniref_env,colabfold,/data/chen/protein_folding_databases/colabfold,true,true,false,,,,539,ColabFold local MMseqs2 MSA search measured separately from colabfold_batch inference.,,,,,,,667.0,11.51520574724624,0.02424253841525524,,,,,,true,offline,WORLD,world,constant,475.0,configurable_default_world_average,0.0030082222714673647,3.0082222714673645,0.006333099518878662,31.348956760967997,132.22343057431704,70.0,0.0005382298153437758,0.00457284560271809,0.001222024100816796,126.51992663205601,,
T1272s2,9C3C,a,colabfold,1,results/2026-06-09-combine-8models-gpu/predictions/T1272s2/colabfold/rank_001.pdb,true,0,161,161,1,,,,bash runners/run_colabfold.sh results/2026-06-09-combine-8models-gpu/sequences/T1272s2.fasta results/2026-06-09-combine-8models-gpu/predictions/T1272s2/colabfold 1,,true,colabfold_mmseqs2,mmseqs2_uniref_env,colabfold,/data/chen/protein_folding_databases/colabfold,true,true,false,,,,510,ColabFold local MMseqs2 MSA search measured separately from colabfold_batch inference.,,,,,,,671.0,11.611469929476879,0.02444519985153027,,,,,,true,offline,WORLD,world,constant,475.0,configurable_default_world_average,0.003517581400513551,3.5175814005135506,0.007405434527396949,33.8793884111226,118.80526391533324,70.0,0.0007279912720271954,0.005152747177749273,0.001524696077620481,158.4807399280835,,
T1272s3,9C3C,b,colabfold,1,results/2026-06-09-combine-8models-gpu/predictions/T1272s3/colabfold/rank_001.pdb,true,0,148,148,1,,,,bash runners/run_colabfold.sh results/2026-06-09-combine-8models-gpu/sequences/T1272s3.fasta results/2026-06-09-combine-8models-gpu/predictions/T1272s3/colabfold 1,,true,colabfold_mmseqs2,mmseqs2_uniref_env,colabfold,/data/chen/protein_folding_databases/colabfold,true,true,false,,,,502,ColabFold local MMseqs2 MSA search measured separately from colabfold_batch inference.,,,,,,,650.0,11.246667755902637,0.0236771952755845,,,,,,true,offline,WORLD,world,constant,475.0,configurable_default_world_average,0.0032629772849248496,3.2629772849248497,0.006869425862999684,31.785725343558624,120.33710905221777,70.0,0.0006350635755932016,0.004810467459482659,0.001423894827923828,146.15553740796167,,
T1272s4,9C3C,d,colabfold,1,results/2026-06-09-combine-8models-gpu/predictions/T1272s4/colabfold/rank_001.pdb,true,0,151,151,1,,,,bash runners/run_colabfold.sh results/2026-06-09-combine-8models-gpu/sequences/T1272s4.fasta results/2026-06-09-combine-8models-gpu/predictions/T1272s4/colabfold 1,,true,colabfold_mmseqs2,mmseqs2_uniref_env,colabfold,/data/chen/protein_folding_databases/colabfold,true,true,false,,,,508,ColabFold local MMseqs2 MSA search measured separately from colabfold_batch inference.,,,,,,,659.0,11.300398400594922,0.0237903124223051,,,,,,true,offline,WORLD,world,constant,475.0,configurable_default_world_average,0.0032966140869473844,3.2966140869473843,0.006940240183047125,34.92564948602534,117.19022165347694,70.0,0.0007099483441464374,0.00477702437717209,0.0014532674617286025,149.2962134439731,,
T1272s5,9C3C,g,colabfold,1,results/2026-06-09-combine-8models-gpu/predictions/T1272s5/colabfold/rank_001.pdb,true,0,159,159,1,,,,bash runners/run_colabfold.sh results/2026-06-09-combine-8models-gpu/sequences/T1272s5.fasta results/2026-06-09-combine-8models-gpu/predictions/T1272s5/colabfold 1,,true,colabfold_mmseqs2,mmseqs2_uniref_env,colabfold,/data/chen/protein_folding_databases/colabfold,true,true,false,,,,510,ColabFold local MMseqs2 MSA search measured separately from colabfold_batch inference.,,,,,,,669.0,11.463069114424181,0.024132777082998276,,,,,,true,offline,WORLD,world,constant,475.0,configurable_default_world_average,0.0034002609992297614,3.4002609992297614,0.007158444208904761,33.01793973970673,114.65227940114117,70.0,0.000705156959433273,0.004939393951512994,0.0015138932979584852,157.39985713595524,,
T1272s6,9C3C,A,colabfold,1,results/2026-06-09-combine-8models-gpu/predictions/T1272s6/colabfold/rank_001.pdb,true,0,166,166,1,,,,bash runners/run_colabfold.sh results/2026-06-09-combine-8models-gpu/sequences/T1272s6.fasta results/2026-06-09-combine-8models-gpu/predictions/T1272s6/colabfold 1,,true,colabfold_mmseqs2,mmseqs2_uniref_env,colabfold,/data/chen/protein_folding_databases/colabfold,true,true,false,,,,554,ColabFold local MMseqs2 MSA search measured separately from colabfold_batch inference.,,,,,,,720.0,13.001603602964284,0.027371797058872178,,,,,,true,offline,WORLD,world,constant,475.0,configurable_default_world_average,0.004238063038750545,4.2380630387505445,0.008922237976316937,28.04489156953067,149.2804635604343,70.0,0.0006268667513311846,0.0067153700945139505,0.0015800011304718086,164.35574159107637,,
T1272s7,9C3C,B,colabfold,1,results/2026-06-09-combine-8models-gpu/predictions/T1272s7/colabfold/rank_001.pdb,true,0,148,148,1,,,,bash runners/run_colabfold.sh results/2026-06-09-combine-8models-gpu/sequences/T1272s7.fasta results/2026-06-09-combine-8models-gpu/predictions/T1272s7/colabfold 1,,true,colabfold_mmseqs2,mmseqs2_uniref_env,colabfold,/data/chen/protein_folding_databases/colabfold,true,true,false,,,,512,ColabFold local MMseqs2 MSA search measured separately from colabfold_batch inference.,,,,,,,660.0,11.186997633176183,0.023551573964581442,,,,,,true,offline,WORLD,world,constant,475.0,configurable_default_world_average,0.003145591398876068,3.145591398876068,0.0066222976818443545,34.69754969541666,108.51332170964592,70.0,0.0007565457473971956,0.00440772047061877,0.0014580314638283909,145.98858026694506,,
T1272s9,9C3C,n,colabfold,1,results/2026-06-09-combine-8models-gpu/predictions/T1272s9/colabfold/rank_001.pdb,true,0,142,142,1,,,,bash runners/run_colabfold.sh results/2026-06-09-combine-8models-gpu/sequences/T1272s9.fasta results/2026-06-09-combine-8models-gpu/predictions/T1272s9/colabfold 1,,true,colabfold_mmseqs2,mmseqs2_uniref_env,colabfold,/data/chen/protein_folding_databases/colabfold,true,true,false,,,,507,ColabFold local MMseqs2 MSA search measured separately from colabfold_batch inference.,,,,,,,649.0,11.029518347484807,0.0232200386262838,,,,,,true,offline,WORLD,world,constant,475.0,configurable_default_world_average,0.0030303045988074677,3.0303045988074677,0.006379588629068353,34.77147255266009,113.61705362971226,70.0,0.0006642869991897975,0.004363109046038982,0.0013521925838395773,140.32440891489387,,
T1280,9F5M,AAA,colabfold,1,results/2026-06-09-combine-8models-gpu/predictions/T1280/colabfold/rank_001.pdb,true,0,155,155,1,,,,bash runners/run_colabfold.sh results/2026-06-09-combine-8models-gpu/sequences/T1280.fasta results/2026-06-09-combine-8models-gpu/predictions/T1280/colabfold 1,,true,colabfold_mmseqs2,mmseqs2_uniref_env,colabfold,/data/chen/protein_folding_databases/colabfold,true,true,false,,,,536,ColabFold local MMseqs2 MSA search measured separately from colabfold_batch inference.,,,,,,,691.0,11.866228372311319,0.024981533415392252,,,,,,true,offline,WORLD,world,constant,475.0,configurable_default_world_average,0.00346841494250535,3.4684149425053503,0.007301926194748106,32.164726950571165,117.34418429567295,70.0,0.0007279166164122062,0.004962884525861355,0.0016111250524745437,153.10297086602077,,
T1299,9FJL,A,colabfold,1,results/2026-06-09-combine-8models-gpu/predictions/T1299/colabfold/rank_001.pdb,true,0,120,120,1,,,,bash runners/run_colabfold.sh results/2026-06-09-combine-8models-gpu/sequences/T1299.fasta results/2026-06-09-combine-8models-gpu/predictions/T1299/colabfold 1,,true,colabfold_mmseqs2,mmseqs2_uniref_env,colabfold,/data/chen/protein_folding_databases/colabfold,true,true,false,,,,498,ColabFold local MMseqs2 MSA search measured separately from colabfold_batch inference.,,,,,,,618.0,10.547138875791704,0.02220450289640359,,,,,,true,offline,WORLD,world,constant,475.0,configurable_default_world_average,0.002658188264019689,2.658188264019689,0.0055961858189888195,33.75035744299999,120.7725056651499,70.0,0.0005448771876793538,0.003895872838918457,0.0011554357923910076,118.09260776196606,,
T1104,7ROA,A,openfold,1,results/2026-06-09-combine-8models-gpu/predictions/T1104/openfold/rank_001.pdb,true,0,21.60893233004026,21.60893233004026,1,,,,SHARED_MSA_A3M_FILE=results/2026-06-09-combine-8models-gpu/predictions/T1104/colabfold/tmp_colabfold/T1104_qc_Yes_CASP15_7ROA_A_residue_58-189_seq_1-117_coverage_0.871212.a3m SHARED_MSA_DIR=results/2026-06-09-combine-8models-gpu/predictions/T1104/colabfold/tmp_colabfold SHARED_MSA_METADATA_FILE=results/2026-06-09-combine-8models-gpu/metadata/prediction_manifest.csv bash runners/run_openfold_shared_msa.sh results/2026-06-09-combine-8models-gpu/sequences/T1104.fasta results/2026-06-09-combine-8models-gpu/predictions/T1104/openfold 1,,true,colabfold_mmseqs2,mmseqs2_uniref_env,colabfold,/data/chen/protein_folding_databases/colabfold,false,false,true,,results/2026-06-09-combine-8models-gpu/predictions/T1104/colabfold/tmp_colabfold,results/2026-06-09-combine-8models-gpu/predictions/T1104/colabfold/tmp_colabfold_msa_search/T1104_qc_Yes_CASP15_7ROA_A_residue_58-189_seq_1-117_coverage_0.871212.a3m,482,runner CodeCarbon output: results/2026-06-09-combine-8models-gpu/predictions/T1104/openfold/carbon/T1104_openfold_inference_emissions.csv; OpenFold reused the ColabFold A3M; MSA build time/carbon copied from the colabfold row.,,,,,,,503.60893233004026,7.87880110939447,0.016586949703988357,,,,,,true,offline,WORLD,world,constant,475.0,configurable_default_world_average,0.0005280962018869953,0.5280962018869954,0.0011117814776568323,18.714732186671057,162.10015648311276,70.0,5.6375150663132796e-05,0.0008354715017091507,0.00021993482528454884,19.982274172012694,,
T1106s1,7QIH,B,openfold,1,results/2026-06-09-combine-8models-gpu/predictions/T1106s1/openfold/rank_001.pdb,true,0,22.094265829073265,22.094265829073265,1,,,,SHARED_MSA_A3M_FILE=results/2026-06-09-combine-8models-gpu/predictions/T1106s1/colabfold/tmp_colabfold/T1106s1_qc_No_CASP15_7QIH_B_residue_50-120_seq_1-122_coverage_0.946667.a3m SHARED_MSA_DIR=results/2026-06-09-combine-8models-gpu/predictions/T1106s1/colabfold/tmp_colabfold SHARED_MSA_METADATA_FILE=results/2026-06-09-combine-8models-gpu/metadata/prediction_manifest.csv bash runners/run_openfold_shared_msa.sh results/2026-06-09-combine-8models-gpu/sequences/T1106s1.fasta results/2026-06-09-combine-8models-gpu/predictions/T1106s1/openfold 1,,true,colabfold_mmseqs2,mmseqs2_uniref_env,colabfold,/data/chen/protein_folding_databases/colabfold,false,false,true,,results/2026-06-09-combine-8models-gpu/predictions/T1106s1/colabfold/tmp_colabfold,results/2026-06-09-combine-8models-gpu/predictions/T1106s1/colabfold/tmp_colabfold_msa_search/T1106s1_qc_No_CASP15_7QIH_B_residue_50-120_seq_1-122_coverage_0.946667.a3m,495,runner CodeCarbon output: results/2026-06-09-combine-8models-gpu/predictions/T1106s1/openfold/carbon/T1106s1_openfold_inference_emissions.csv; OpenFold reused the ColabFold A3M; MSA build time/carbon copied from the colabfold row.,,,,,,,517.0942658290733,8.247893304286004,0.017363985903760006,,,,,,true,offline,WORLD,world,constant,475.0,configurable_default_world_average,0.0005383500283112365,0.5383500283112366,0.0011333684806552348,19.74179932594737,162.76334772361392,70.0,5.874476323310461e-05,0.0008646837473014202,0.00020993997012071003,20.471632397035137,,
T1106s2,7QIH,A,openfold,1,results/2026-06-09-combine-8models-gpu/predictions/T1106s2/openfold/rank_001.pdb,true,0,21.284495083033107,21.284495083033107,1,,,,SHARED_MSA_A3M_FILE=results/2026-06-09-combine-8models-gpu/predictions/T1106s2/colabfold/tmp_colabfold/T1106s2_qc_Check_CASP15_7QIH_A_residue_2-112_seq_1-114_coverage_0.909836.a3m SHARED_MSA_DIR=results/2026-06-09-combine-8models-gpu/predictions/T1106s2/colabfold/tmp_colabfold SHARED_MSA_METADATA_FILE=results/2026-06-09-combine-8models-gpu/metadata/prediction_manifest.csv bash runners/run_openfold_shared_msa.sh results/2026-06-09-combine-8models-gpu/sequences/T1106s2.fasta results/2026-06-09-combine-8models-gpu/predictions/T1106s2/openfold 1,,true,colabfold_mmseqs2,mmseqs2_uniref_env,colabfold,/data/chen/protein_folding_databases/colabfold,false,false,true,,results/2026-06-09-combine-8models-gpu/predictions/T1106s2/colabfold/tmp_colabfold,results/2026-06-09-combine-8models-gpu/predictions/T1106s2/colabfold/tmp_colabfold_msa_search/T1106s2_qc_Check_CASP15_7QIH_A_residue_2-112_seq_1-114_coverage_0.909836.a3m,514,runner CodeCarbon output: results/2026-06-09-combine-8models-gpu/predictions/T1106s2/openfold/carbon/T1106s2_openfold_inference_emissions.csv; OpenFold reused the ColabFold A3M; MSA build time/carbon copied from the colabfold row.,,,,,,,535.2844950830331,8.493524823507713,0.01788110489159519,,,,,,true,offline,WORLD,world,constant,475.0,configurable_default_world_average,0.0005117260826772384,0.5117260826772384,0.0010773180687941861,18.53610799381579,156.74405223203004,70.0,5.557547127938504e-05,0.0008086473135828776,0.0002130952839319232,19.664602334960364,,
T1112,8ORK,AAA,openfold,1,results/2026-06-09-combine-8models-gpu/predictions/T1112/openfold/rank_001.pdb,true,0,107.662547823973,107.662547823973,1,,,,SHARED_MSA_A3M_FILE=results/2026-06-09-combine-8models-gpu/predictions/T1112/colabfold/tmp_colabfold/T1112_qc_Check_CASP15_8ORK_AAA_residue_2-460_seq_1-460_coverage_0.973913.a3m SHARED_MSA_DIR=results/2026-06-09-combine-8models-gpu/predictions/T1112/colabfold/tmp_colabfold SHARED_MSA_METADATA_FILE=results/2026-06-09-combine-8models-gpu/metadata/prediction_manifest.csv bash runners/run_openfold_shared_msa.sh results/2026-06-09-combine-8models-gpu/sequences/T1112.fasta results/2026-06-09-combine-8models-gpu/predictions/T1112/openfold 1,,true,colabfold_mmseqs2,mmseqs2_uniref_env,colabfold,/data/chen/protein_folding_databases/colabfold,false,false,true,,results/2026-06-09-combine-8models-gpu/predictions/T1112/colabfold/tmp_colabfold,results/2026-06-09-combine-8models-gpu/predictions/T1112/colabfold/tmp_colabfold_msa_search/T1112_qc_Check_CASP15_8ORK_AAA_residue_2-460_seq_1-460_coverage_0.973913.a3m,503,runner CodeCarbon output: results/2026-06-09-combine-8models-gpu/predictions/T1112/openfold/carbon/T1112_openfold_inference_emissions.csv; OpenFold reused the ColabFold A3M; MSA build time/carbon copied from the colabfold row.,,,,,,,610.662547823973,11.54824891128582,0.02431210297112804,,,,,,true,offline,WORLD,world,constant,475.0,configurable_default_world_average,0.0034686607179962637,3.4686607179962636,0.0073024436168342395,17.178496403121446,208.2182850118705,70.0,0.00025565706460131297,0.006007246472460093,0.0010395400797728346,105.98039401101414,,
T1114s1,7UTD,Q,openfold,1,results/2026-06-09-combine-8models-gpu/predictions/T1114s1/openfold/rank_001.pdb,true,0,29.728811800014228,29.728811800014228,1,,,,SHARED_MSA_A3M_FILE=results/2026-06-09-combine-8models-gpu/predictions/T1114s1/colabfold/tmp_colabfold/T1114s1_qc_No_CASP15_7UTD_Q_residue_20-78_seq_1-189_coverage_0.983333.a3m SHARED_MSA_DIR=results/2026-06-09-combine-8models-gpu/predictions/T1114s1/colabfold/tmp_colabfold SHARED_MSA_METADATA_FILE=results/2026-06-09-combine-8models-gpu/metadata/prediction_manifest.csv bash runners/run_openfold_shared_msa.sh results/2026-06-09-combine-8models-gpu/sequences/T1114s1.fasta results/2026-06-09-combine-8models-gpu/predictions/T1114s1/openfold 1,,true,colabfold_mmseqs2,mmseqs2_uniref_env,colabfold,/data/chen/protein_folding_databases/colabfold,false,false,true,,results/2026-06-09-combine-8models-gpu/predictions/T1114s1/colabfold/tmp_colabfold,results/2026-06-09-combine-8models-gpu/predictions/T1114s1/colabfold/tmp_colabfold_msa_search/T1114s1_qc_No_CASP15_7UTD_Q_residue_20-78_seq_1-189_coverage_0.983333.a3m,487,runner CodeCarbon output: results/2026-06-09-combine-8models-gpu/predictions/T1114s1/openfold/carbon/T1114s1_openfold_inference_emissions.csv; OpenFold reused the ColabFold A3M; MSA build time/carbon copied from the colabfold row.,,,,,,,516.7288118000142,8.516354204887197,0.017929166747130937,,,,,,true,offline,WORLD,world,constant,475.0,configurable_default_world_average,0.0008213217805030413,0.8213217805030413,0.0017290984852695605,18.806240607916667,185.75069817668216,70.0,7.494878776214584e-05,0.001375846378453005,0.00027830331905440993,28.106543016037904,,
T1114s2,7UTD,B,openfold,1,results/2026-06-09-combine-8models-gpu/predictions/T1114s2/openfold/rank_001.pdb,true,0,68.68437684606761,68.68437684606761,1,,,,SHARED_MSA_A3M_FILE=results/2026-06-09-combine-8models-gpu/predictions/T1114s2/colabfold/tmp_colabfold/T1114s2_qc_Check_CASP15_7UTD_B_residue_2-323_seq_1-369_coverage_0.872629.a3m SHARED_MSA_DIR=results/2026-06-09-combine-8models-gpu/predictions/T1114s2/colabfold/tmp_colabfold SHARED_MSA_METADATA_FILE=results/2026-06-09-combine-8models-gpu/metadata/prediction_manifest.csv bash runners/run_openfold_shared_msa.sh results/2026-06-09-combine-8models-gpu/sequences/T1114s2.fasta results/2026-06-09-combine-8models-gpu/predictions/T1114s2/openfold 1,,true,colabfold_mmseqs2,mmseqs2_uniref_env,colabfold,/data/chen/protein_folding_databases/colabfold,false,false,true,,results/2026-06-09-combine-8models-gpu/predictions/T1114s2/colabfold/tmp_colabfold,results/2026-06-09-combine-8models-gpu/predictions/T1114s2/colabfold/tmp_colabfold_msa_search/T1114s2_qc_Check_CASP15_7UTD_B_residue_2-323_seq_1-369_coverage_0.872629.a3m,494,runner CodeCarbon output: results/2026-06-09-combine-8models-gpu/predictions/T1114s2/openfold/carbon/T1114s2_openfold_inference_emissions.csv; OpenFold reused the ColabFold A3M; MSA build time/carbon copied from the colabfold row.,,,,,,,562.6843768460676,9.983490112214412,0.021017873920451395,,,,,,true,offline,WORLD,world,constant,475.0,configurable_default_world_average,0.0021459328297279787,2.145932829727979,0.004517753325743113,17.463471492375024,204.54148405743385,70.0,0.00016252106843626948,0.0037063396317358333,0.0006488926255710088,67.06136596703436,,
T1114s3,7UTD,A,openfold,1,results/2026-06-09-combine-8models-gpu/predictions/T1114s3/openfold/rank_001.pdb,true,0,153.40515888901427,153.40515888901427,1,,,,SHARED_MSA_A3M_FILE=results/2026-06-09-combine-8models-gpu/predictions/T1114s3/colabfold/tmp_colabfold/T1114s3_qc_Check_CASP15_7UTD_A_residue_4-516_seq_1-535_coverage_0.998051.a3m SHARED_MSA_DIR=results/2026-06-09-combine-8models-gpu/predictions/T1114s3/colabfold/tmp_colabfold SHARED_MSA_METADATA_FILE=results/2026-06-09-combine-8models-gpu/metadata/prediction_manifest.csv bash runners/run_openfold_shared_msa.sh results/2026-06-09-combine-8models-gpu/sequences/T1114s3.fasta results/2026-06-09-combine-8models-gpu/predictions/T1114s3/openfold 1,,true,colabfold_mmseqs2,mmseqs2_uniref_env,colabfold,/data/chen/protein_folding_databases/colabfold,false,false,true,,results/2026-06-09-combine-8models-gpu/predictions/T1114s3/colabfold/tmp_colabfold,results/2026-06-09-combine-8models-gpu/predictions/T1114s3/colabfold/tmp_colabfold_msa_search/T1114s3_qc_Check_CASP15_7UTD_A_residue_4-516_seq_1-535_coverage_0.998051.a3m,512,runner CodeCarbon output: results/2026-06-09-combine-8models-gpu/predictions/T1114s3/openfold/carbon/T1114s3_openfold_inference_emissions.csv; OpenFold reused the ColabFold A3M; MSA build time/carbon copied from the colabfold row.,,,,,,,665.4051588890143,13.227177932414941,0.027846690384031453,,,,,,true,offline,WORLD,world,constant,475.0,configurable_default_world_average,0.00502284993040964,5.02284993040964,0.010574420906125558,16.98254591839571,211.64201003819258,70.0,0.000356406887385892,0.00875011672231052,0.0014678972964291455,151.70519769203383,,
T1120,7QVB,B,openfold,1,results/2026-06-09-combine-8models-gpu/predictions/T1120/openfold/rank_001.pdb,true,0,36.50368096900638,36.50368096900638,1,,,,SHARED_MSA_A3M_FILE=results/2026-06-09-combine-8models-gpu/predictions/T1120/colabfold/tmp_colabfold/T1120_qc_Check_CASP15_7QVB_B_residue_4-231_seq_1-235_coverage_0.970213.a3m SHARED_MSA_DIR=results/2026-06-09-combine-8models-gpu/predictions/T1120/colabfold/tmp_colabfold SHARED_MSA_METADATA_FILE=results/2026-06-09-combine-8models-gpu/metadata/prediction_manifest.csv bash runners/run_openfold_shared_msa.sh results/2026-06-09-combine-8models-gpu/sequences/T1120.fasta results/2026-06-09-combine-8models-gpu/predictions/T1120/openfold 1,,true,colabfold_mmseqs2,mmseqs2_uniref_env,colabfold,/data/chen/protein_folding_databases/colabfold,false,false,true,,results/2026-06-09-combine-8models-gpu/predictions/T1120/colabfold/tmp_colabfold,results/2026-06-09-combine-8models-gpu/predictions/T1120/colabfold/tmp_colabfold_msa_search/T1120_qc_Check_CASP15_7QVB_B_residue_4-231_seq_1-235_coverage_0.970213.a3m,500,runner CodeCarbon output: results/2026-06-09-combine-8models-gpu/predictions/T1120/openfold/carbon/T1120_openfold_inference_emissions.csv; OpenFold reused the ColabFold A3M; MSA build time/carbon copied from the colabfold row.,,,,,,,536.5036809690064,8.957488709677794,0.018857870967742725,,,,,,true,offline,WORLD,world,constant,475.0,configurable_default_world_average,0.0010785153556715807,1.0785153556715807,0.0022705586435191175,18.34661011740442,195.78728258416473,70.0,9.458549435194454e-05,0.001814950618625133,0.0003610225305420398,34.872470590053126,,
T1122,8BBT,A,openfold,1,results/2026-06-09-combine-8models-gpu/predictions/T1122/openfold/rank_001.pdb,true,0,37.03344028501306,37.03344028501306,1,,,,SHARED_MSA_A3M_FILE=results/2026-06-09-combine-8models-gpu/predictions/T1122/colabfold/tmp_colabfold/T1122_qc_Yes_CASP15_8BBT_A_residue_4-237_seq_1-241_coverage_0.954357.a3m SHARED_MSA_DIR=results/2026-06-09-combine-8models-gpu/predictions/T1122/colabfold/tmp_colabfold SHARED_MSA_METADATA_FILE=results/2026-06-09-combine-8models-gpu/metadata/prediction_manifest.csv bash runners/run_openfold_shared_msa.sh results/2026-06-09-combine-8models-gpu/sequences/T1122.fasta results/2026-06-09-combine-8models-gpu/predictions/T1122/openfold 1,,true,colabfold_mmseqs2,mmseqs2_uniref_env,colabfold,/data/chen/protein_folding_databases/colabfold,false,false,true,,results/2026-06-09-combine-8models-gpu/predictions/T1122/colabfold/tmp_colabfold,results/2026-06-09-combine-8models-gpu/predictions/T1122/colabfold/tmp_colabfold_msa_search/T1122_qc_Yes_CASP15_8BBT_A_residue_4-237_seq_1-241_coverage_0.954357.a3m,506,runner CodeCarbon output: results/2026-06-09-combine-8models-gpu/predictions/T1122/openfold/carbon/T1122_openfold_inference_emissions.csv; OpenFold reused the ColabFold A3M; MSA build time/carbon copied from the colabfold row.,,,,,,,543.0334402850131,9.076480917322774,0.019108380878574263,,,,,,true,offline,WORLD,world,constant,475.0,configurable_default_world_average,0.0010740009968931924,1.0740009968931925,0.002261054730301458,18.22649188800001,193.3649564541864,70.0,9.157634147241067e-05,0.0018184242325167688,0.0003510541563122791,35.4084411120275,,
T1129s2,8A8C,B,openfold,1,results/2026-06-09-combine-8models-gpu/predictions/T1129s2/openfold/rank_001.pdb,true,0,199.16876450297423,199.16876450297423,1,,,,SHARED_MSA_A3M_FILE=results/2026-06-09-combine-8models-gpu/predictions/T1129s2/colabfold/tmp_colabfold/T1129s2_qc_Yes_CASP15_8A8C_B_residue_41-640_seq_1-640_coverage_0.825000.a3m SHARED_MSA_DIR=results/2026-06-09-combine-8models-gpu/predictions/T1129s2/colabfold/tmp_colabfold SHARED_MSA_METADATA_FILE=results/2026-06-09-combine-8models-gpu/metadata/prediction_manifest.csv bash runners/run_openfold_shared_msa.sh results/2026-06-09-combine-8models-gpu/sequences/T1129s2.fasta results/2026-06-09-combine-8models-gpu/predictions/T1129s2/openfold 1,,true,colabfold_mmseqs2,mmseqs2_uniref_env,colabfold,/data/chen/protein_folding_databases/colabfold,false,false,true,,results/2026-06-09-combine-8models-gpu/predictions/T1129s2/colabfold/tmp_colabfold,results/2026-06-09-combine-8models-gpu/predictions/T1129s2/colabfold/tmp_colabfold_msa_search/T1129s2_qc_Yes_CASP15_8A8C_B_residue_41-640_seq_1-640_coverage_0.825000.a3m,494,runner CodeCarbon output: results/2026-06-09-combine-8models-gpu/predictions/T1129s2/openfold/carbon/T1129s2_openfold_inference_emissions.csv; OpenFold reused the ColabFold A3M; MSA build time/carbon copied from the colabfold row.,,,,,,,693.1687645029742,14.6639578618731,0.03087149023552232,,,,,,true,offline,WORLD,world,constant,475.0,configurable_default_world_average,0.006648973329876792,6.648973329876792,0.0139978385892143,16.800094139938803,215.52687501964587,70.0,0.00045635523522696093,0.01164377237056513,0.001897710983422197,197.54563698696438,,
T1133,8DYS,A,openfold,1,results/2026-06-09-combine-8models-gpu/predictions/T1133/openfold/rank_001.pdb,true,0,178.8030864209868,178.8030864209868,1,,,,SHARED_MSA_A3M_FILE=results/2026-06-09-combine-8models-gpu/predictions/T1133/colabfold/tmp_colabfold/T1133_qc_Check_CASP15_8DYS_A_residue_4-427_seq_1-585_coverage_0.699145.a3m SHARED_MSA_DIR=results/2026-06-09-combine-8models-gpu/predictions/T1133/colabfold/tmp_colabfold SHARED_MSA_METADATA_FILE=results/2026-06-09-combine-8models-gpu/metadata/prediction_manifest.csv bash runners/run_openfold_shared_msa.sh results/2026-06-09-combine-8models-gpu/sequences/T1133.fasta results/2026-06-09-combine-8models-gpu/predictions/T1133/openfold 1,,true,colabfold_mmseqs2,mmseqs2_uniref_env,colabfold,/data/chen/protein_folding_databases/colabfold,false,false,true,,results/2026-06-09-combine-8models-gpu/predictions/T1133/colabfold/tmp_colabfold,results/2026-06-09-combine-8models-gpu/predictions/T1133/colabfold/tmp_colabfold_msa_search/T1133_qc_Check_CASP15_8DYS_A_residue_4-427_seq_1-585_coverage_0.699145.a3m,538,runner CodeCarbon output: results/2026-06-09-combine-8models-gpu/predictions/T1133/openfold/carbon/T1133_openfold_inference_emissions.csv; OpenFold reused the ColabFold A3M; MSA build time/carbon copied from the colabfold row.,,,,,,,716.8030864209868,14.452127974971155,0.03042553257888664,,,,,,true,offline,WORLD,world,constant,475.0,configurable_default_world_average,0.005918944301159604,5.918944301159604,0.012460935370862323,16.898192110875023,213.9851486288038,70.0,0.00041350064999583913,0.010337971325926176,0.0017094633949403138,177.09988368093036,,
T1134s1,7UBZ,A,openfold,1,results/2026-06-09-combine-8models-gpu/predictions/T1134s1/openfold/rank_001.pdb,true,0,36.02156300202478,36.02156300202478,1,,,,SHARED_MSA_A3M_FILE=results/2026-06-09-combine-8models-gpu/predictions/T1134s1/colabfold/tmp_colabfold/T1134s1_qc_Check_CASP15_7UBZ_A_residue_1-230_seq_1-230_coverage_1.000000.a3m SHARED_MSA_DIR=results/2026-06-09-combine-8models-gpu/predictions/T1134s1/colabfold/tmp_colabfold SHARED_MSA_METADATA_FILE=results/2026-06-09-combine-8models-gpu/metadata/prediction_manifest.csv bash runners/run_openfold_shared_msa.sh results/2026-06-09-combine-8models-gpu/sequences/T1134s1.fasta results/2026-06-09-combine-8models-gpu/predictions/T1134s1/openfold 1,,true,colabfold_mmseqs2,mmseqs2_uniref_env,colabfold,/data/chen/protein_folding_databases/colabfold,false,false,true,,results/2026-06-09-combine-8models-gpu/predictions/T1134s1/colabfold/tmp_colabfold,results/2026-06-09-combine-8models-gpu/predictions/T1134s1/colabfold/tmp_colabfold_msa_search/T1134s1_qc_Check_CASP15_7UBZ_A_residue_1-230_seq_1-230_coverage_1.000000.a3m,509,runner CodeCarbon output: results/2026-06-09-combine-8models-gpu/predictions/T1134s1/openfold/carbon/T1134s1_openfold_inference_emissions.csv; OpenFold reused the ColabFold A3M; MSA build time/carbon copied from the colabfold row.,,,,,,,545.0215630020248,9.069681324031682,0.01909406594532986,,,,,,true,offline,WORLD,world,constant,475.0,configurable_default_world_average,0.0010463411362241946,1.0463411362241946,0.002202823444682515,18.279001943249998,193.96277660719585,70.0,8.930261238588448e-05,0.0017720036398243266,0.0003415171924723028,34.40030761505477,,
T1134s2,7UBZ,D,openfold,1,results/2026-06-09-combine-8models-gpu/predictions/T1134s2/openfold/rank_001.pdb,true,0,52.28389416995924,52.28389416995924,1,,,,SHARED_MSA_A3M_FILE=results/2026-06-09-combine-8models-gpu/predictions/T1134s2/colabfold/tmp_colabfold/T1134s2_qc_Check_CASP15_7UBZ_D_residue_168-472_seq_1-313_coverage_0.645367.a3m SHARED_MSA_DIR=results/2026-06-09-combine-8models-gpu/predictions/T1134s2/colabfold/tmp_colabfold SHARED_MSA_METADATA_FILE=results/2026-06-09-combine-8models-gpu/metadata/prediction_manifest.csv bash runners/run_openfold_shared_msa.sh results/2026-06-09-combine-8models-gpu/sequences/T1134s2.fasta results/2026-06-09-combine-8models-gpu/predictions/T1134s2/openfold 1,,true,colabfold_mmseqs2,mmseqs2_uniref_env,colabfold,/data/chen/protein_folding_databases/colabfold,false,false,true,,results/2026-06-09-combine-8models-gpu/predictions/T1134s2/colabfold/tmp_colabfold,results/2026-06-09-combine-8models-gpu/predictions/T1134s2/colabfold/tmp_colabfold_msa_search/T1134s2_qc_Check_CASP15_7UBZ_D_residue_168-472_seq_1-313_coverage_0.645367.a3m,504,runner CodeCarbon output: results/2026-06-09-combine-8models-gpu/predictions/T1134s2/openfold/carbon/T1134s2_openfold_inference_emissions.csv; OpenFold reused the ColabFold A3M; MSA build time/carbon copied from the colabfold row.,,,,,,,556.2838941699592,9.528005758035558,0.02005895949060118,,,,,,true,offline,WORLD,world,constant,475.0,configurable_default_world_average,0.0016242669162963381,1.6242669162963381,0.003419509297465975,17.81997687426,203.4813939822614,70.0,0.00012976385291082841,0.0027809411136408,0.0005088043309143462,50.65752035600599,,
T1137s1,8FEF,A,openfold,1,results/2026-06-09-combine-8models-gpu/predictions/T1137s1/openfold/rank_001.pdb,true,0,83.06427833798807,83.06427833798807,1,,,,SHARED_MSA_A3M_FILE=results/2026-06-09-combine-8models-gpu/predictions/T1137s1/colabfold/tmp_colabfold/T1137s1_qc_Yes_CASP15_8FEF_A_residue_18-409_seq_1-409_coverage_0.958435.a3m SHARED_MSA_DIR=results/2026-06-09-combine-8models-gpu/predictions/T1137s1/colabfold/tmp_colabfold SHARED_MSA_METADATA_FILE=results/2026-06-09-combine-8models-gpu/metadata/prediction_manifest.csv bash runners/run_openfold_shared_msa.sh results/2026-06-09-combine-8models-gpu/sequences/T1137s1.fasta results/2026-06-09-combine-8models-gpu/predictions/T1137s1/openfold 1,,true,colabfold_mmseqs2,mmseqs2_uniref_env,colabfold,/data/chen/protein_folding_databases/colabfold,false,false,true,,results/2026-06-09-combine-8models-gpu/predictions/T1137s1/colabfold/tmp_colabfold,results/2026-06-09-combine-8models-gpu/predictions/T1137s1/colabfold/tmp_colabfold_msa_search/T1137s1_qc_Yes_CASP15_8FEF_A_residue_18-409_seq_1-409_coverage_0.958435.a3m,518,runner CodeCarbon output: results/2026-06-09-combine-8models-gpu/predictions/T1137s1/openfold/carbon/T1137s1_openfold_inference_emissions.csv; OpenFold reused the ColabFold A3M; MSA build time/carbon copied from the colabfold row.,,,,,,,601.0642783379881,10.942225880677178,0.023036265011951957,,,,,,true,offline,WORLD,world,constant,475.0,configurable_default_world_average,0.0026697041330542683,2.6697041330542683,0.00562042975379846,17.41484281783127,209.5429357586741,70.0,0.0001973914810367981,0.004631863149932247,0.0007911751228294126,81.4404627440963,,
T1137s2,8FEF,B,openfold,1,results/2026-06-09-combine-8models-gpu/predictions/T1137s2/openfold/rank_001.pdb,true,0,60.32902003603522,60.32902003603522,1,,,,SHARED_MSA_A3M_FILE=results/2026-06-09-combine-8models-gpu/predictions/T1137s2/colabfold/tmp_colabfold/T1137s2_qc_Yes_CASP15_8FEF_B_residue_2-343_seq_1-343_coverage_0.976676.a3m SHARED_MSA_DIR=results/2026-06-09-combine-8models-gpu/predictions/T1137s2/colabfold/tmp_colabfold SHARED_MSA_METADATA_FILE=results/2026-06-09-combine-8models-gpu/metadata/prediction_manifest.csv bash runners/run_openfold_shared_msa.sh results/2026-06-09-combine-8models-gpu/sequences/T1137s2.fasta results/2026-06-09-combine-8models-gpu/predictions/T1137s2/openfold 1,,true,colabfold_mmseqs2,mmseqs2_uniref_env,colabfold,/data/chen/protein_folding_databases/colabfold,false,false,true,,results/2026-06-09-combine-8models-gpu/predictions/T1137s2/colabfold/tmp_colabfold,results/2026-06-09-combine-8models-gpu/predictions/T1137s2/colabfold/tmp_colabfold_msa_search/T1137s2_qc_Yes_CASP15_8FEF_B_residue_2-343_seq_1-343_coverage_0.976676.a3m,525,runner CodeCarbon output: results/2026-06-09-combine-8models-gpu/predictions/T1137s2/openfold/carbon/T1137s2_openfold_inference_emissions.csv; OpenFold reused the ColabFold A3M; MSA build time/carbon copied from the colabfold row.,,,,,,,585.3290200360352,10.216650362244316,0.021508737604724874,,,,,,true,offline,WORLD,world,constant,475.0,configurable_default_world_average,0.0019009334729616066,1.9009334729616065,0.004001965206234961,17.79323544203018,206.39084026073823,70.0,0.0001492616231133548,0.0032667084466977414,0.0005859951364238647,58.70362953504082,,
T1137s3,8FEF,C,openfold,1,results/2026-06-09-combine-8models-gpu/predictions/T1137s3/openfold/rank_001.pdb,true,0,140.01696676795837,140.01696676795837,1,,,,SHARED_MSA_A3M_FILE=results/2026-06-09-combine-8models-gpu/predictions/T1137s3/colabfold/tmp_colabfold/T1137s3_qc_Check_CASP15_8FEF_C_residue_1-310_seq_1-524_coverage_0.591603.a3m SHARED_MSA_DIR=results/2026-06-09-combine-8models-gpu/predictions/T1137s3/colabfold/tmp_colabfold SHARED_MSA_METADATA_FILE=results/2026-06-09-combine-8models-gpu/metadata/prediction_manifest.csv bash runners/run_openfold_shared_msa.sh results/2026-06-09-combine-8models-gpu/sequences/T1137s3.fasta results/2026-06-09-combine-8models-gpu/predictions/T1137s3/openfold 1,,true,colabfold_mmseqs2,mmseqs2_uniref_env,colabfold,/data/chen/protein_folding_databases/colabfold,false,false,true,,results/2026-06-09-combine-8models-gpu/predictions/T1137s3/colabfold/tmp_colabfold,results/2026-06-09-combine-8models-gpu/predictions/T1137s3/colabfold/tmp_colabfold_msa_search/T1137s3_qc_Check_CASP15_8FEF_C_residue_1-310_seq_1-524_coverage_0.591603.a3m,531,runner CodeCarbon output: results/2026-06-09-combine-8models-gpu/predictions/T1137s3/openfold/carbon/T1137s3_openfold_inference_emissions.csv; OpenFold reused the ColabFold A3M; MSA build time/carbon copied from the colabfold row.,,,,,,,671.0169667679584,12.97597556031377,0.027317843284871097,,,,,,true,offline,WORLD,world,constant,475.0,configurable_default_world_average,0.004556361377425972,4.556361377425971,0.009592339741949413,17.05007068881025,210.2273876203611,70.0,0.0003252081747342422,0.007935194403706713,0.0013319371635084583,138.3943550279364,,
T1137s4,8FEF,D,openfold,1,results/2026-06-09-combine-8models-gpu/predictions/T1137s4/openfold/rank_001.pdb,true,0,158.54541605897248,158.54541605897248,1,,,,SHARED_MSA_A3M_FILE=results/2026-06-09-combine-8models-gpu/predictions/T1137s4/colabfold/tmp_colabfold/T1137s4_qc_Check_CASP15_8FEF_D_residue_42-468_seq_1-547_coverage_0.703839.a3m SHARED_MSA_DIR=results/2026-06-09-combine-8models-gpu/predictions/T1137s4/colabfold/tmp_colabfold SHARED_MSA_METADATA_FILE=results/2026-06-09-combine-8models-gpu/metadata/prediction_manifest.csv bash runners/run_openfold_shared_msa.sh results/2026-06-09-combine-8models-gpu/sequences/T1137s4.fasta results/2026-06-09-combine-8models-gpu/predictions/T1137s4/openfold 1,,true,colabfold_mmseqs2,mmseqs2_uniref_env,colabfold,/data/chen/protein_folding_databases/colabfold,false,false,true,,results/2026-06-09-combine-8models-gpu/predictions/T1137s4/colabfold/tmp_colabfold,results/2026-06-09-combine-8models-gpu/predictions/T1137s4/colabfold/tmp_colabfold_msa_search/T1137s4_qc_Check_CASP15_8FEF_D_residue_42-468_seq_1-547_coverage_0.703839.a3m,536,runner CodeCarbon output: results/2026-06-09-combine-8models-gpu/predictions/T1137s4/openfold/carbon/T1137s4_openfold_inference_emissions.csv; OpenFold reused the ColabFold A3M; MSA build time/carbon copied from the colabfold row.,,,,,,,694.5454160589725,13.722936914741984,0.028890393504719968,,,,,,true,offline,WORLD,world,constant,475.0,configurable_default_world_average,0.005192423042474001,5.192423042474001,0.010931416931524213,16.910256193451954,211.43943225255134,70.0,0.0003659279181785328,0.009047621126979433,0.0015178678863662452,156.91657310002483,,
T1137s5,8FEF,E,openfold,1,results/2026-06-09-combine-8models-gpu/predictions/T1137s5/openfold/rank_001.pdb,true,0,76.25561450305395,76.25561450305395,1,,,,SHARED_MSA_A3M_FILE=results/2026-06-09-combine-8models-gpu/predictions/T1137s5/colabfold/tmp_colabfold/T1137s5_qc_Yes_CASP15_8FEF_E_residue_33-390_seq_1-390_coverage_0.917949.a3m SHARED_MSA_DIR=results/2026-06-09-combine-8models-gpu/predictions/T1137s5/colabfold/tmp_colabfold SHARED_MSA_METADATA_FILE=results/2026-06-09-combine-8models-gpu/metadata/prediction_manifest.csv bash runners/run_openfold_shared_msa.sh results/2026-06-09-combine-8models-gpu/sequences/T1137s5.fasta results/2026-06-09-combine-8models-gpu/predictions/T1137s5/openfold 1,,true,colabfold_mmseqs2,mmseqs2_uniref_env,colabfold,/data/chen/protein_folding_databases/colabfold,false,false,true,,results/2026-06-09-combine-8models-gpu/predictions/T1137s5/colabfold/tmp_colabfold,results/2026-06-09-combine-8models-gpu/predictions/T1137s5/colabfold/tmp_colabfold_msa_search/T1137s5_qc_Yes_CASP15_8FEF_E_residue_33-390_seq_1-390_coverage_0.917949.a3m,532,runner CodeCarbon output: results/2026-06-09-combine-8models-gpu/predictions/T1137s5/openfold/carbon/T1137s5_openfold_inference_emissions.csv; OpenFold reused the ColabFold A3M; MSA build time/carbon copied from the colabfold row.,,,,,,,608.255614503054,10.861781650351713,0.02286690873758255,,,,,,true,offline,WORLD,world,constant,475.0,configurable_default_world_average,0.002437549080330693,2.437549080330693,0.005131682274380406,17.36867791323651,208.33810725610564,70.0,0.00018309739560329482,0.004211316424607592,0.0007372684541695184,74.62938690499868,,
T1137s6,8FEF,F,openfold,1,results/2026-06-09-combine-8models-gpu/predictions/T1137s6/openfold/rank_001.pdb,true,0,143.63867692404892,143.63867692404892,1,,,,SHARED_MSA_A3M_FILE=results/2026-06-09-combine-8models-gpu/predictions/T1137s6/colabfold/tmp_colabfold/T1137s6_qc_Check_CASP15_8FEF_F_residue_1-399_seq_1-518_coverage_0.770270.a3m SHARED_MSA_DIR=results/2026-06-09-combine-8models-gpu/predictions/T1137s6/colabfold/tmp_colabfold SHARED_MSA_METADATA_FILE=results/2026-06-09-combine-8models-gpu/metadata/prediction_manifest.csv bash runners/run_openfold_shared_msa.sh results/2026-06-09-combine-8models-gpu/sequences/T1137s6.fasta results/2026-06-09-combine-8models-gpu/predictions/T1137s6/openfold 1,,true,colabfold_mmseqs2,mmseqs2_uniref_env,colabfold,/data/chen/protein_folding_databases/colabfold,false,false,true,,results/2026-06-09-combine-8models-gpu/predictions/T1137s6/colabfold/tmp_colabfold,results/2026-06-09-combine-8models-gpu/predictions/T1137s6/colabfold/tmp_colabfold_msa_search/T1137s6_qc_Check_CASP15_8FEF_F_residue_1-399_seq_1-518_coverage_0.770270.a3m,520,runner CodeCarbon output: results/2026-06-09-combine-8models-gpu/predictions/T1137s6/openfold/carbon/T1137s6_openfold_inference_emissions.csv; OpenFold reused the ColabFold A3M; MSA build time/carbon copied from the colabfold row.,,,,,,,663.6386769240489,12.978325345313518,0.02732279020066004,,,,,,true,offline,WORLD,world,constant,475.0,configurable_default_world_average,0.004666389759843515,4.666389759843515,0.009823978441775821,17.022519465143645,209.11729596759443,70.0,0.00033708023267017584,0.008103501205018127,0.0013833970040875207,142.00940956792329,,
T1137s7,8FEF,G,openfold,1,results/2026-06-09-combine-8models-gpu/predictions/T1137s7/openfold/rank_001.pdb,true,0,227.60086934501305,227.60086934501305,1,,,,SHARED_MSA_A3M_FILE=results/2026-06-09-combine-8models-gpu/predictions/T1137s7/colabfold/tmp_colabfold/T1137s7_qc_Check_CASP15_8FEF_G_residue_2-325_seq_1-653_coverage_0.457887.a3m SHARED_MSA_DIR=results/2026-06-09-combine-8models-gpu/predictions/T1137s7/colabfold/tmp_colabfold SHARED_MSA_METADATA_FILE=results/2026-06-09-combine-8models-gpu/metadata/prediction_manifest.csv bash runners/run_openfold_shared_msa.sh results/2026-06-09-combine-8models-gpu/sequences/T1137s7.fasta results/2026-06-09-combine-8models-gpu/predictions/T1137s7/openfold 1,,true,colabfold_mmseqs2,mmseqs2_uniref_env,colabfold,/data/chen/protein_folding_databases/colabfold,false,false,true,,results/2026-06-09-combine-8models-gpu/predictions/T1137s7/colabfold/tmp_colabfold,results/2026-06-09-combine-8models-gpu/predictions/T1137s7/colabfold/tmp_colabfold_msa_search/T1137s7_qc_Check_CASP15_8FEF_G_residue_2-325_seq_1-653_coverage_0.457887.a3m,760,runner CodeCarbon output: results/2026-06-09-combine-8models-gpu/predictions/T1137s7/openfold/carbon/T1137s7_openfold_inference_emissions.csv; OpenFold reused the ColabFold A3M; MSA build time/carbon copied from the colabfold row.,,,,,,,987.600869345013,19.07109129223591,0.04014966587839139,,,,,,true,offline,WORLD,world,constant,475.0,configurable_default_world_average,0.0075361304142334395,7.5361304142334395,0.015865537714175662,17.0164314298367,213.0176188785361,70.0,0.0005279476072427794,0.01316229025204585,0.00217529985488703,225.98048419703264,,
T1137s8,8FEF,I,openfold,1,results/2026-06-09-combine-8models-gpu/predictions/T1137s8/openfold/rank_001.pdb,true,0,45.068249201984145,45.068249201984145,1,,,,SHARED_MSA_A3M_FILE=results/2026-06-09-combine-8models-gpu/predictions/T1137s8/colabfold/tmp_colabfold/T1137s8_qc_Yes_CASP15_8FEF_I_residue_14-266_seq_1-266_coverage_0.951128.a3m SHARED_MSA_DIR=results/2026-06-09-combine-8models-gpu/predictions/T1137s8/colabfold/tmp_colabfold SHARED_MSA_METADATA_FILE=results/2026-06-09-combine-8models-gpu/metadata/prediction_manifest.csv bash runners/run_openfold_shared_msa.sh results/2026-06-09-combine-8models-gpu/sequences/T1137s8.fasta results/2026-06-09-combine-8models-gpu/predictions/T1137s8/openfold 1,,true,colabfold_mmseqs2,mmseqs2_uniref_env,colabfold,/data/chen/protein_folding_databases/colabfold,false,false,true,,results/2026-06-09-combine-8models-gpu/predictions/T1137s8/colabfold/tmp_colabfold,results/2026-06-09-combine-8models-gpu/predictions/T1137s8/colabfold/tmp_colabfold_msa_search/T1137s8_qc_Yes_CASP15_8FEF_I_residue_14-266_seq_1-266_coverage_0.951128.a3m,507,runner CodeCarbon output: results/2026-06-09-combine-8models-gpu/predictions/T1137s8/openfold/carbon/T1137s8_openfold_inference_emissions.csv; OpenFold reused the ColabFold A3M; MSA build time/carbon copied from the colabfold row.,,,,,,,552.0682492019841,9.353475149032427,0.01969152662954195,,,,,,true,offline,WORLD,world,constant,475.0,configurable_default_world_average,0.0013375096913916238,1.3375096913916238,0.002815809876613945,18.082023882214294,196.1682889503431,70.0,0.0001106228543316859,0.0022778121000257556,0.00042737492225650294,43.437159424996935,,
T1137s9,8FEF,J,openfold,1,results/2026-06-09-combine-8models-gpu/predictions/T1137s9/openfold/rank_001.pdb,true,0,48.525389201939106,48.525389201939106,1,,,,SHARED_MSA_A3M_FILE=results/2026-06-09-combine-8models-gpu/predictions/T1137s9/colabfold/tmp_colabfold/T1137s9_qc_Yes_CASP15_8FEF_J_residue_27-289_seq_1-289_coverage_0.910035.a3m SHARED_MSA_DIR=results/2026-06-09-combine-8models-gpu/predictions/T1137s9/colabfold/tmp_colabfold SHARED_MSA_METADATA_FILE=results/2026-06-09-combine-8models-gpu/metadata/prediction_manifest.csv bash runners/run_openfold_shared_msa.sh results/2026-06-09-combine-8models-gpu/sequences/T1137s9.fasta results/2026-06-09-combine-8models-gpu/predictions/T1137s9/openfold 1,,true,colabfold_mmseqs2,mmseqs2_uniref_env,colabfold,/data/chen/protein_folding_databases/colabfold,false,false,true,,results/2026-06-09-combine-8models-gpu/predictions/T1137s9/colabfold/tmp_colabfold,results/2026-06-09-combine-8models-gpu/predictions/T1137s9/colabfold/tmp_colabfold_msa_search/T1137s9_qc_Yes_CASP15_8FEF_J_residue_27-289_seq_1-289_coverage_0.910035.a3m,505,runner CodeCarbon output: results/2026-06-09-combine-8models-gpu/predictions/T1137s9/openfold/carbon/T1137s9_openfold_inference_emissions.csv; OpenFold reused the ColabFold A3M; MSA build time/carbon copied from the colabfold row.,,,,,,,553.5253892019391,9.36396969581151,0.019713620412234758,,,,,,true,offline,WORLD,world,constant,475.0,configurable_default_world_average,0.0014787427647667281,1.4787427647667282,0.003113142662666796,17.69871643703805,200.430350847286,70.0,0.00011873756534962009,0.002519165626443165,0.0004752394708740112,46.89998945093248,,
T1145,7UWW,A,openfold,1,results/2026-06-09-combine-8models-gpu/predictions/T1145/openfold/rank_001.pdb,true,0,207.54579043004196,207.54579043004196,1,,,,SHARED_MSA_A3M_FILE=results/2026-06-09-combine-8models-gpu/predictions/T1145/colabfold/tmp_colabfold/T1145_qc_Check_CASP15_7UWW_A_residue_34-665_seq_1-635_coverage_0.995276.a3m SHARED_MSA_DIR=results/2026-06-09-combine-8models-gpu/predictions/T1145/colabfold/tmp_colabfold SHARED_MSA_METADATA_FILE=results/2026-06-09-combine-8models-gpu/metadata/prediction_manifest.csv bash runners/run_openfold_shared_msa.sh results/2026-06-09-combine-8models-gpu/sequences/T1145.fasta results/2026-06-09-combine-8models-gpu/predictions/T1145/openfold 1,,true,colabfold_mmseqs2,mmseqs2_uniref_env,colabfold,/data/chen/protein_folding_databases/colabfold,false,false,true,,results/2026-06-09-combine-8models-gpu/predictions/T1145/colabfold/tmp_colabfold,results/2026-06-09-combine-8models-gpu/predictions/T1145/colabfold/tmp_colabfold_msa_search/T1145_qc_Check_CASP15_7UWW_A_residue_34-665_seq_1-635_coverage_0.995276.a3m,533,runner CodeCarbon output: results/2026-06-09-combine-8models-gpu/predictions/T1145/openfold/carbon/T1145_openfold_inference_emissions.csv; OpenFold reused the ColabFold A3M; MSA build time/carbon copied from the colabfold row.,,,,,,,740.545790430042,15.415174110387206,0.03245299812713096,,,,,,true,offline,WORLD,world,constant,475.0,configurable_default_world_average,0.006904632315109299,6.904632315109299,0.014536068031809051,16.875667545885385,214.00758486156147,70.0,0.00048077509667433294,0.012064512707157693,0.0019907802279770202,205.92415402899496,,
T1147,8EM5,A,openfold,1,results/2026-06-09-combine-8models-gpu/predictions/T1147/openfold/rank_001.pdb,true,0,20.731632345938124,20.731632345938124,1,,,,SHARED_MSA_A3M_FILE=results/2026-06-09-combine-8models-gpu/predictions/T1147/colabfold/tmp_colabfold/T1147_qc_Check_CASP15_8EM5_A_residue_12-103_seq_1-103_coverage_0.893204.a3m SHARED_MSA_DIR=results/2026-06-09-combine-8models-gpu/predictions/T1147/colabfold/tmp_colabfold SHARED_MSA_METADATA_FILE=results/2026-06-09-combine-8models-gpu/metadata/prediction_manifest.csv bash runners/run_openfold_shared_msa.sh results/2026-06-09-combine-8models-gpu/sequences/T1147.fasta results/2026-06-09-combine-8models-gpu/predictions/T1147/openfold 1,,true,colabfold_mmseqs2,mmseqs2_uniref_env,colabfold,/data/chen/protein_folding_databases/colabfold,false,false,true,,results/2026-06-09-combine-8models-gpu/predictions/T1147/colabfold/tmp_colabfold,results/2026-06-09-combine-8models-gpu/predictions/T1147/colabfold/tmp_colabfold_msa_search/T1147_qc_Check_CASP15_8EM5_A_residue_12-103_seq_1-103_coverage_0.893204.a3m,505,runner CodeCarbon output: results/2026-06-09-combine-8models-gpu/predictions/T1147/openfold/carbon/T1147_openfold_inference_emissions.csv; OpenFold reused the ColabFold A3M; MSA build time/carbon copied from the colabfold row.,,,,,,,525.7316323459381,8.361098106774325,0.01760231180373542,,,,,,true,offline,WORLD,world,constant,475.0,configurable_default_world_average,0.0004819475637062374,0.48194756370623737,0.0010146264499078681,20.02701866275,156.22843866591228,70.0,5.4813504246441245e-05,0.0007675933918518396,0.00019221955380958712,19.108291398035362,,
T1151s2,8D5V,A,openfold,1,results/2026-06-09-combine-8models-gpu/predictions/T1151s2/openfold/rank_001.pdb,true,0,21.85504334094003,21.85504334094003,1,,,,SHARED_MSA_A3M_FILE=results/2026-06-09-combine-8models-gpu/predictions/T1151s2/colabfold/tmp_colabfold/T1151s2_qc_Check_CASP15_8D5V_A_residue_8-91_seq_1-116_coverage_0.724138.a3m SHARED_MSA_DIR=results/2026-06-09-combine-8models-gpu/predictions/T1151s2/colabfold/tmp_colabfold SHARED_MSA_METADATA_FILE=results/2026-06-09-combine-8models-gpu/metadata/prediction_manifest.csv bash runners/run_openfold_shared_msa.sh results/2026-06-09-combine-8models-gpu/sequences/T1151s2.fasta results/2026-06-09-combine-8models-gpu/predictions/T1151s2/openfold 1,,true,colabfold_mmseqs2,mmseqs2_uniref_env,colabfold,/data/chen/protein_folding_databases/colabfold,false,false,true,,results/2026-06-09-combine-8models-gpu/predictions/T1151s2/colabfold/tmp_colabfold,results/2026-06-09-combine-8models-gpu/predictions/T1151s2/colabfold/tmp_colabfold_msa_search/T1151s2_qc_Check_CASP15_8D5V_A_residue_8-91_seq_1-116_coverage_0.724138.a3m,505,runner CodeCarbon output: results/2026-06-09-combine-8models-gpu/predictions/T1151s2/openfold/carbon/T1151s2_openfold_inference_emissions.csv; OpenFold reused the ColabFold A3M; MSA build time/carbon copied from the colabfold row.,,,,,,,526.85504334094,8.381104251227917,0.017644430002585088,,,,,,true,offline,WORLD,world,constant,475.0,configurable_default_world_average,0.0005176546614479574,0.5176546614479574,0.0010897992872588576,19.686891134407894,158.17783995326099,70.0,5.73922887936965e-05,0.0008276039954164816,0.00020480300304867954,20.23161547095515,,
T1155,8PBV,A,openfold,1,results/2026-06-09-combine-8models-gpu/predictions/T1155/openfold/rank_001.pdb,true,0,21.314069045940414,21.314069045940414,1,,,,SHARED_MSA_A3M_FILE=results/2026-06-09-combine-8models-gpu/predictions/T1155/colabfold/tmp_colabfold/T1155_qc_Yes_CASP15_8PBV_A_residue_1-116_seq_1-116_coverage_1.000000.a3m SHARED_MSA_DIR=results/2026-06-09-combine-8models-gpu/predictions/T1155/colabfold/tmp_colabfold SHARED_MSA_METADATA_FILE=results/2026-06-09-combine-8models-gpu/metadata/prediction_manifest.csv bash runners/run_openfold_shared_msa.sh results/2026-06-09-combine-8models-gpu/sequences/T1155.fasta results/2026-06-09-combine-8models-gpu/predictions/T1155/openfold 1,,true,colabfold_mmseqs2,mmseqs2_uniref_env,colabfold,/data/chen/protein_folding_databases/colabfold,false,false,true,,results/2026-06-09-combine-8models-gpu/predictions/T1155/colabfold/tmp_colabfold,results/2026-06-09-combine-8models-gpu/predictions/T1155/colabfold/tmp_colabfold_msa_search/T1155_qc_Yes_CASP15_8PBV_A_residue_1-116_seq_1-116_coverage_1.000000.a3m,501,runner CodeCarbon output: results/2026-06-09-combine-8models-gpu/predictions/T1155/openfold/carbon/T1155_openfold_inference_emissions.csv; OpenFold reused the ColabFold A3M; MSA build time/carbon copied from the colabfold row.,,,,,,,522.3140690459404,8.320472173149247,0.017516783522419466,,,,,,true,offline,WORLD,world,constant,475.0,configurable_default_world_average,0.0005175263210178597,0.5175263210178597,0.0010895290968797047,19.041965493157896,160.96901016185294,70.0,5.716589827343826e-05,0.0008181706545355993,0.0002141925440706675,19.686395921977237,,
T1157s2,8PKO,B,openfold,1,results/2026-06-09-combine-8models-gpu/predictions/T1157s2/openfold/rank_001.pdb,true,0,133.74214214808308,133.74214214808308,1,,,,SHARED_MSA_A3M_FILE=results/2026-06-09-combine-8models-gpu/predictions/T1157s2/colabfold/tmp_colabfold/T1157s2_qc_Yes_CASP15_8PKO_B_residue_21-484_seq_1-495_coverage_0.937374.a3m SHARED_MSA_DIR=results/2026-06-09-combine-8models-gpu/predictions/T1157s2/colabfold/tmp_colabfold SHARED_MSA_METADATA_FILE=results/2026-06-09-combine-8models-gpu/metadata/prediction_manifest.csv bash runners/run_openfold_shared_msa.sh results/2026-06-09-combine-8models-gpu/sequences/T1157s2.fasta results/2026-06-09-combine-8models-gpu/predictions/T1157s2/openfold 1,,true,colabfold_mmseqs2,mmseqs2_uniref_env,colabfold,/data/chen/protein_folding_databases/colabfold,false,false,true,,results/2026-06-09-combine-8models-gpu/predictions/T1157s2/colabfold/tmp_colabfold,results/2026-06-09-combine-8models-gpu/predictions/T1157s2/colabfold/tmp_colabfold_msa_search/T1157s2_qc_Yes_CASP15_8PKO_B_residue_21-484_seq_1-495_coverage_0.937374.a3m,574,runner CodeCarbon output: results/2026-06-09-combine-8models-gpu/predictions/T1157s2/openfold/carbon/T1157s2_openfold_inference_emissions.csv; OpenFold reused the ColabFold A3M; MSA build time/carbon copied from the colabfold row.,,,,,,,707.7421421480831,13.296874805254586,0.02799342064264123,,,,,,true,offline,WORLD,world,constant,475.0,configurable_default_world_average,0.004293601076026703,4.293601076026703,0.009039160160056217,17.468333383339715,206.78143744214083,70.0,0.0003177495885167332,0.007450810682866571,0.00127059988867291,132.11580728704575,,
T1159,7PZT,A,openfold,1,results/2026-06-09-combine-8models-gpu/predictions/T1159/openfold/rank_001.pdb,true,0,26.031810884014703,26.031810884014703,1,,,,SHARED_MSA_A3M_FILE=results/2026-06-09-combine-8models-gpu/predictions/T1159/colabfold/tmp_colabfold/T1159_qc_Check_CASP15_7PZT_A_residue_1-160_seq_1-160_coverage_1.000000.a3m SHARED_MSA_DIR=results/2026-06-09-combine-8models-gpu/predictions/T1159/colabfold/tmp_colabfold SHARED_MSA_METADATA_FILE=results/2026-06-09-combine-8models-gpu/metadata/prediction_manifest.csv bash runners/run_openfold_shared_msa.sh results/2026-06-09-combine-8models-gpu/sequences/T1159.fasta results/2026-06-09-combine-8models-gpu/predictions/T1159/openfold 1,,true,colabfold_mmseqs2,mmseqs2_uniref_env,colabfold,/data/chen/protein_folding_databases/colabfold,false,false,true,,results/2026-06-09-combine-8models-gpu/predictions/T1159/colabfold/tmp_colabfold,results/2026-06-09-combine-8models-gpu/predictions/T1159/colabfold/tmp_colabfold_msa_search/T1159_qc_Check_CASP15_7PZT_A_residue_1-160_seq_1-160_coverage_1.000000.a3m,505,runner CodeCarbon output: results/2026-06-09-combine-8models-gpu/predictions/T1159/openfold/carbon/T1159_openfold_inference_emissions.csv; OpenFold reused the ColabFold A3M; MSA build time/carbon copied from the colabfold row.,,,,,,,531.0318108840147,8.58258067879451,0.018068590902725282,,,,,,true,offline,WORLD,world,constant,475.0,configurable_default_world_average,0.0006844735678911403,0.6844735678911402,0.0014409969850339795,19.40107444167391,176.21284256567927,70.0,6.807947436754797e-05,0.0011261878453945329,0.0002467296652718991,24.404667465016246,,
T1183,8IFX,B,openfold,1,results/2026-06-09-combine-8models-gpu/predictions/T1183/openfold/rank_001.pdb,true,0,31.415731474990025,31.415731474990025,1,,,,SHARED_MSA_A3M_FILE=results/2026-06-09-combine-8models-gpu/predictions/T1183/colabfold/tmp_colabfold/T1183_qc_Yes_CASP15_8IFX_B_residue_1-195_seq_1-200_coverage_0.975000.a3m SHARED_MSA_DIR=results/2026-06-09-combine-8models-gpu/predictions/T1183/colabfold/tmp_colabfold SHARED_MSA_METADATA_FILE=results/2026-06-09-combine-8models-gpu/metadata/prediction_manifest.csv bash runners/run_openfold_shared_msa.sh results/2026-06-09-combine-8models-gpu/sequences/T1183.fasta results/2026-06-09-combine-8models-gpu/predictions/T1183/openfold 1,,true,colabfold_mmseqs2,mmseqs2_uniref_env,colabfold,/data/chen/protein_folding_databases/colabfold,false,false,true,,results/2026-06-09-combine-8models-gpu/predictions/T1183/colabfold/tmp_colabfold,results/2026-06-09-combine-8models-gpu/predictions/T1183/colabfold/tmp_colabfold_msa_search/T1183_qc_Yes_CASP15_8IFX_B_residue_1-195_seq_1-200_coverage_0.975000.a3m,521,runner CodeCarbon output: results/2026-06-09-combine-8models-gpu/predictions/T1183/openfold/carbon/T1183_openfold_inference_emissions.csv; OpenFold reused the ColabFold A3M; MSA build time/carbon copied from the colabfold row.,,,,,,,552.41573147499,9.021123906267865,0.01899183980266919,,,,,,true,offline,WORLD,world,constant,475.0,configurable_default_world_average,0.0008900068555787785,0.8900068555787786,0.0018736986433237443,17.953455214655172,188.35419555171183,70.0,7.866488372161634e-05,0.0014843431319184752,0.0003106906276836526,29.787496424047276,,
T1185s1,8OUY,A,openfold,1,results/2026-06-09-combine-8models-gpu/predictions/T1185s1/openfold/rank_001.pdb,true,0,61.811412112088874,61.811412112088874,1,,,,SHARED_MSA_A3M_FILE=results/2026-06-09-combine-8models-gpu/predictions/T1185s1/colabfold/tmp_colabfold/T1185s1_qc_Check_CASP15_8OUY_A_residue_4-73_seq_1-350_coverage_0.200000.a3m SHARED_MSA_DIR=results/2026-06-09-combine-8models-gpu/predictions/T1185s1/colabfold/tmp_colabfold SHARED_MSA_METADATA_FILE=results/2026-06-09-combine-8models-gpu/metadata/prediction_manifest.csv bash runners/run_openfold_shared_msa.sh results/2026-06-09-combine-8models-gpu/sequences/T1185s1.fasta results/2026-06-09-combine-8models-gpu/predictions/T1185s1/openfold 1,,true,colabfold_mmseqs2,mmseqs2_uniref_env,colabfold,/data/chen/protein_folding_databases/colabfold,false,false,true,,results/2026-06-09-combine-8models-gpu/predictions/T1185s1/colabfold/tmp_colabfold,results/2026-06-09-combine-8models-gpu/predictions/T1185s1/colabfold/tmp_colabfold_msa_search/T1185s1_qc_Check_CASP15_8OUY_A_residue_4-73_seq_1-350_coverage_0.200000.a3m,534,runner CodeCarbon output: results/2026-06-09-combine-8models-gpu/predictions/T1185s1/openfold/carbon/T1185s1_openfold_inference_emissions.csv; OpenFold reused the ColabFold A3M; MSA build time/carbon copied from the colabfold row.,,,,,,,595.8114121120889,10.32539869443443,0.02173768146196722,,,,,,true,offline,WORLD,world,constant,475.0,configurable_default_world_average,0.0019364726808626177,1.9364726808626176,0.004076784591289721,17.83838993894493,205.8369241690508,70.0,0.00014977209051703975,0.0033411373951302004,0.000585875105642481,60.1836205329746,,
T1185s2,8OUY,B,openfold,1,results/2026-06-09-combine-8models-gpu/predictions/T1185s2/openfold/rank_001.pdb,true,0,67.7366032799473,67.7366032799473,1,,,,SHARED_MSA_A3M_FILE=results/2026-06-09-combine-8models-gpu/predictions/T1185s2/colabfold/tmp_colabfold/T1185s2_qc_Yes_CASP15_8OUY_B_residue_10-349_seq_1-376_coverage_0.832447.a3m SHARED_MSA_DIR=results/2026-06-09-combine-8models-gpu/predictions/T1185s2/colabfold/tmp_colabfold SHARED_MSA_METADATA_FILE=results/2026-06-09-combine-8models-gpu/metadata/prediction_manifest.csv bash runners/run_openfold_shared_msa.sh results/2026-06-09-combine-8models-gpu/sequences/T1185s2.fasta results/2026-06-09-combine-8models-gpu/predictions/T1185s2/openfold 1,,true,colabfold_mmseqs2,mmseqs2_uniref_env,colabfold,/data/chen/protein_folding_databases/colabfold,false,false,true,,results/2026-06-09-combine-8models-gpu/predictions/T1185s2/colabfold/tmp_colabfold,results/2026-06-09-combine-8models-gpu/predictions/T1185s2/colabfold/tmp_colabfold_msa_search/T1185s2_qc_Yes_CASP15_8OUY_B_residue_10-349_seq_1-376_coverage_0.832447.a3m,539,runner CodeCarbon output: results/2026-06-09-combine-8models-gpu/predictions/T1185s2/openfold/carbon/T1185s2_openfold_inference_emissions.csv; OpenFold reused the ColabFold A3M; MSA build time/carbon copied from the colabfold row.,,,,,,,606.7366032799473,10.664051541048147,0.022450634823259256,,,,,,true,offline,WORLD,world,constant,475.0,configurable_default_world_average,0.002155823559289068,2.155823559289068,0.004538575914292775,17.86324307295001,208.65721639668038,70.0,0.00016419175013453698,0.0037331118753765047,0.000641272288781733,66.1092485919362,,
T1185s4,8OUY,D,openfold,1,results/2026-06-09-combine-8models-gpu/predictions/T1185s4/openfold/rank_001.pdb,true,0,44.10064094502013,44.10064094502013,1,,,,SHARED_MSA_A3M_FILE=results/2026-06-09-combine-8models-gpu/predictions/T1185s4/colabfold/tmp_colabfold/T1185s4_qc_Yes_CASP15_8OUY_D_residue_20-280_seq_1-280_coverage_0.838710.a3m SHARED_MSA_DIR=results/2026-06-09-combine-8models-gpu/predictions/T1185s4/colabfold/tmp_colabfold SHARED_MSA_METADATA_FILE=results/2026-06-09-combine-8models-gpu/metadata/prediction_manifest.csv bash runners/run_openfold_shared_msa.sh results/2026-06-09-combine-8models-gpu/sequences/T1185s4.fasta results/2026-06-09-combine-8models-gpu/predictions/T1185s4/openfold 1,,true,colabfold_mmseqs2,mmseqs2_uniref_env,colabfold,/data/chen/protein_folding_databases/colabfold,false,false,true,,results/2026-06-09-combine-8models-gpu/predictions/T1185s4/colabfold/tmp_colabfold,results/2026-06-09-combine-8models-gpu/predictions/T1185s4/colabfold/tmp_colabfold_msa_search/T1185s4_qc_Yes_CASP15_8OUY_D_residue_20-280_seq_1-280_coverage_0.838710.a3m,526,runner CodeCarbon output: results/2026-06-09-combine-8models-gpu/predictions/T1185s4/openfold/carbon/T1185s4_openfold_inference_emissions.csv; OpenFold reused the ColabFold A3M; MSA build time/carbon copied from the colabfold row.,,,,,,,570.1006409450201,9.635250616632286,0.020284738140278494,,,,,,true,offline,WORLD,world,constant,475.0,configurable_default_world_average,0.0013489362547749759,1.348936254774976,0.002839865799526265,17.875127778951228,203.63034185245917,70.0,0.00010755781386406844,0.0023123304609744544,0.0004199775246877431,42.480037507019006,,
T1194,8OKH,A,openfold,1,results/2026-06-09-combine-8models-gpu/predictions/T1194/openfold/rank_001.pdb,true,0,26.70528843603097,26.70528843603097,1,,,,SHARED_MSA_A3M_FILE=results/2026-06-09-combine-8models-gpu/predictions/T1194/colabfold/tmp_colabfold/T1194_qc_Check_CASP15_8OKH_A_residue_22-185_seq_1-168_coverage_0.982036.a3m SHARED_MSA_DIR=results/2026-06-09-combine-8models-gpu/predictions/T1194/colabfold/tmp_colabfold SHARED_MSA_METADATA_FILE=results/2026-06-09-combine-8models-gpu/metadata/prediction_manifest.csv bash runners/run_openfold_shared_msa.sh results/2026-06-09-combine-8models-gpu/sequences/T1194.fasta results/2026-06-09-combine-8models-gpu/predictions/T1194/openfold 1,,true,colabfold_mmseqs2,mmseqs2_uniref_env,colabfold,/data/chen/protein_folding_databases/colabfold,false,false,true,,results/2026-06-09-combine-8models-gpu/predictions/T1194/colabfold/tmp_colabfold,results/2026-06-09-combine-8models-gpu/predictions/T1194/colabfold/tmp_colabfold_msa_search/T1194_qc_Check_CASP15_8OKH_A_residue_22-185_seq_1-168_coverage_0.982036.a3m,509,runner CodeCarbon output: results/2026-06-09-combine-8models-gpu/predictions/T1194/openfold/carbon/T1194_openfold_inference_emissions.csv; OpenFold reused the ColabFold A3M; MSA build time/carbon copied from the colabfold row.,,,,,,,535.705288436031,8.683344820484455,0.018280725937862008,,,,,,true,offline,WORLD,world,constant,475.0,configurable_default_world_average,0.0007035983280281954,0.7035983280281953,0.0014812596379540955,18.98830709221875,177.17336208453696,70.0,6.788867261540844e-05,0.0011635248197077175,0.0002498461456309694,25.084711708012037,,
T1212,9B0L,P,openfold,1,results/2026-06-09-combine-8models-gpu/predictions/T1212/openfold/rank_001.pdb,true,0,113.8536024360219,113.8536024360219,1,,,,SHARED_MSA_A3M_FILE=results/2026-06-09-combine-8models-gpu/predictions/T1212/colabfold/tmp_colabfold/T1212_qc_Check_CASP16_9B0L_P_residue_53-518_seq_1-466_coverage_1.000000.a3m SHARED_MSA_DIR=results/2026-06-09-combine-8models-gpu/predictions/T1212/colabfold/tmp_colabfold SHARED_MSA_METADATA_FILE=results/2026-06-09-combine-8models-gpu/metadata/prediction_manifest.csv bash runners/run_openfold_shared_msa.sh results/2026-06-09-combine-8models-gpu/sequences/T1212.fasta results/2026-06-09-combine-8models-gpu/predictions/T1212/openfold 1,,true,colabfold_mmseqs2,mmseqs2_uniref_env,colabfold,/data/chen/protein_folding_databases/colabfold,false,false,true,,results/2026-06-09-combine-8models-gpu/predictions/T1212/colabfold/tmp_colabfold,results/2026-06-09-combine-8models-gpu/predictions/T1212/colabfold/tmp_colabfold_msa_search/T1212_qc_Check_CASP16_9B0L_P_residue_53-518_seq_1-466_coverage_1.000000.a3m,531,runner CodeCarbon output: results/2026-06-09-combine-8models-gpu/predictions/T1212/openfold/carbon/T1212_openfold_inference_emissions.csv; OpenFold reused the ColabFold A3M; MSA build time/carbon copied from the colabfold row.,,,,,,,644.8536024360219,12.082678579967707,0.02543721806308991,,,,,,true,offline,WORLD,world,constant,475.0,configurable_default_world_average,0.0036470405227479953,3.647040522747995,0.007677980047890516,17.21727785584462,207.02097687033086,70.0,0.0002669593027735499,0.006328569785073679,0.0010824509600432875,112.22937927290332,,
T1227s1,9N8W,A,openfold,1,results/2026-06-09-combine-8models-gpu/predictions/T1227s1/openfold/rank_001.pdb,true,0,91.63347373600118,91.63347373600118,1,,,,SHARED_MSA_A3M_FILE=results/2026-06-09-combine-8models-gpu/predictions/T1227s1/colabfold/tmp_colabfold/T1227s1_qc_Yes_CASP16_9N8W_A_residue_27-418_seq_1-427_coverage_0.918033.a3m SHARED_MSA_DIR=results/2026-06-09-combine-8models-gpu/predictions/T1227s1/colabfold/tmp_colabfold SHARED_MSA_METADATA_FILE=results/2026-06-09-combine-8models-gpu/metadata/prediction_manifest.csv bash runners/run_openfold_shared_msa.sh results/2026-06-09-combine-8models-gpu/sequences/T1227s1.fasta results/2026-06-09-combine-8models-gpu/predictions/T1227s1/openfold 1,,true,colabfold_mmseqs2,mmseqs2_uniref_env,colabfold,/data/chen/protein_folding_databases/colabfold,false,false,true,,results/2026-06-09-combine-8models-gpu/predictions/T1227s1/colabfold/tmp_colabfold,results/2026-06-09-combine-8models-gpu/predictions/T1227s1/colabfold/tmp_colabfold_msa_search/T1227s1_qc_Yes_CASP16_9N8W_A_residue_27-418_seq_1-427_coverage_0.918033.a3m,508,runner CodeCarbon output: results/2026-06-09-combine-8models-gpu/predictions/T1227s1/openfold/carbon/T1227s1_openfold_inference_emissions.csv; OpenFold reused the ColabFold A3M; MSA build time/carbon copied from the colabfold row.,,,,,,,599.6334737360012,11.112261166014498,0.023394234033714732,,,,,,true,offline,WORLD,world,constant,475.0,configurable_default_world_average,0.0029732537895905955,2.9732537895905957,0.006259481662295991,17.13531662199441,210.73029685724393,70.0,0.00021579047577061523,0.005155682735655365,0.0008880084508700141,90.0120716310339,,
T1266,8QFB,A,openfold,1,results/2026-06-09-combine-8models-gpu/predictions/T1266/openfold/rank_001.pdb,true,0,56.646590612013824,56.646590612013824,1,,,,SHARED_MSA_A3M_FILE=results/2026-06-09-combine-8models-gpu/predictions/T1266/colabfold/tmp_colabfold/T1266_qc_Check_CASP16_8QFB_A_residue_563-860_seq_1-336_coverage_0.886905.a3m SHARED_MSA_DIR=results/2026-06-09-combine-8models-gpu/predictions/T1266/colabfold/tmp_colabfold SHARED_MSA_METADATA_FILE=results/2026-06-09-combine-8models-gpu/metadata/prediction_manifest.csv bash runners/run_openfold_shared_msa.sh results/2026-06-09-combine-8models-gpu/sequences/T1266.fasta results/2026-06-09-combine-8models-gpu/predictions/T1266/openfold 1,,true,colabfold_mmseqs2,mmseqs2_uniref_env,colabfold,/data/chen/protein_folding_databases/colabfold,false,false,true,,results/2026-06-09-combine-8models-gpu/predictions/T1266/colabfold/tmp_colabfold,results/2026-06-09-combine-8models-gpu/predictions/T1266/colabfold/tmp_colabfold_msa_search/T1266_qc_Check_CASP16_8QFB_A_residue_563-860_seq_1-336_coverage_0.886905.a3m,539,runner CodeCarbon output: results/2026-06-09-combine-8models-gpu/predictions/T1266/openfold/carbon/T1266_openfold_inference_emissions.csv; OpenFold reused the ColabFold A3M; MSA build time/carbon copied from the colabfold row.,,,,,,,595.6465906120138,10.293050857357251,0.021669580752331056,,,,,,true,offline,WORLD,world,constant,475.0,configurable_default_world_average,0.001786067381578376,1.786067381578376,0.003760141855954476,17.840143351708345,206.48790264871428,70.0,0.00014132393510607412,0.003064634118370879,0.0005541838024775241,55.02032201993279,,
T1272s2,9C3C,a,openfold,1,results/2026-06-09-combine-8models-gpu/predictions/T1272s2/openfold/rank_001.pdb,true,0,62.57255149201956,62.57255149201956,1,,,,SHARED_MSA_A3M_FILE=results/2026-06-09-combine-8models-gpu/predictions/T1272s2/colabfold/tmp_colabfold/T1272s2_qc_Check_CASP16_9C3C_a_residue_25-350_seq_1-363_coverage_0.972393.a3m SHARED_MSA_DIR=results/2026-06-09-combine-8models-gpu/predictions/T1272s2/colabfold/tmp_colabfold SHARED_MSA_METADATA_FILE=results/2026-06-09-combine-8models-gpu/metadata/prediction_manifest.csv bash runners/run_openfold_shared_msa.sh results/2026-06-09-combine-8models-gpu/sequences/T1272s2.fasta results/2026-06-09-combine-8models-gpu/predictions/T1272s2/openfold 1,,true,colabfold_mmseqs2,mmseqs2_uniref_env,colabfold,/data/chen/protein_folding_databases/colabfold,false,false,true,,results/2026-06-09-combine-8models-gpu/predictions/T1272s2/colabfold/tmp_colabfold,results/2026-06-09-combine-8models-gpu/predictions/T1272s2/colabfold/tmp_colabfold_msa_search/T1272s2_qc_Check_CASP16_9C3C_a_residue_25-350_seq_1-363_coverage_0.972393.a3m,510,runner CodeCarbon output: results/2026-06-09-combine-8models-gpu/predictions/T1272s2/openfold/carbon/T1272s2_openfold_inference_emissions.csv; OpenFold reused the ColabFold A3M; MSA build time/carbon copied from the colabfold row.,,,,,,,572.5725514920196,10.110104892890881,0.021284431353454484,,,,,,true,offline,WORLD,world,constant,475.0,configurable_default_world_average,0.002016216363927552,2.016216363927552,0.004244666029321162,17.087421271112515,211.90915100058356,70.0,0.0001473484569360519,0.0034881844572116627,0.0006091331151734468,60.95178011804819,,
T1272s3,9C3C,b,openfold,1,results/2026-06-09-combine-8models-gpu/predictions/T1272s3/openfold/rank_001.pdb,true,0,51.65915359801147,51.65915359801147,1,,,,SHARED_MSA_A3M_FILE=results/2026-06-09-combine-8models-gpu/predictions/T1272s3/colabfold/tmp_colabfold/T1272s3_qc_Check_CASP16_9C3C_b_residue_57-318_seq_1-318_coverage_0.823899.a3m SHARED_MSA_DIR=results/2026-06-09-combine-8models-gpu/predictions/T1272s3/colabfold/tmp_colabfold SHARED_MSA_METADATA_FILE=results/2026-06-09-combine-8models-gpu/metadata/prediction_manifest.csv bash runners/run_openfold_shared_msa.sh results/2026-06-09-combine-8models-gpu/sequences/T1272s3.fasta results/2026-06-09-combine-8models-gpu/predictions/T1272s3/openfold 1,,true,colabfold_mmseqs2,mmseqs2_uniref_env,colabfold,/data/chen/protein_folding_databases/colabfold,false,false,true,,results/2026-06-09-combine-8models-gpu/predictions/T1272s3/colabfold/tmp_colabfold,results/2026-06-09-combine-8models-gpu/predictions/T1272s3/colabfold/tmp_colabfold_msa_search/T1272s3_qc_Check_CASP16_9C3C_b_residue_57-318_seq_1-318_coverage_0.823899.a3m,502,runner CodeCarbon output: results/2026-06-09-combine-8models-gpu/predictions/T1272s3/openfold/carbon/T1272s3_openfold_inference_emissions.csv; OpenFold reused the ColabFold A3M; MSA build time/carbon copied from the colabfold row.,,,,,,,553.6591535980115,9.61976307648735,0.02025213279260495,,,,,,true,offline,WORLD,world,constant,475.0,configurable_default_world_average,0.001636072605509563,1.636072605509563,0.0034443633800201323,17.678554316051024,208.61923255929443,70.0,0.0001282687336956482,0.0028090786361514297,0.0005070160101730533,50.036089625093155,,
T1272s4,9C3C,d,openfold,1,results/2026-06-09-combine-8models-gpu/predictions/T1272s4/openfold/rank_001.pdb,true,0,46.99368206807412,46.99368206807412,1,,,,SHARED_MSA_A3M_FILE=results/2026-06-09-combine-8models-gpu/predictions/T1272s4/colabfold/tmp_colabfold/T1272s4_qc_Check_CASP16_9C3C_d_residue_21-289_seq_1-289_coverage_0.930796.a3m SHARED_MSA_DIR=results/2026-06-09-combine-8models-gpu/predictions/T1272s4/colabfold/tmp_colabfold SHARED_MSA_METADATA_FILE=results/2026-06-09-combine-8models-gpu/metadata/prediction_manifest.csv bash runners/run_openfold_shared_msa.sh results/2026-06-09-combine-8models-gpu/sequences/T1272s4.fasta results/2026-06-09-combine-8models-gpu/predictions/T1272s4/openfold 1,,true,colabfold_mmseqs2,mmseqs2_uniref_env,colabfold,/data/chen/protein_folding_databases/colabfold,false,false,true,,results/2026-06-09-combine-8models-gpu/predictions/T1272s4/colabfold/tmp_colabfold,results/2026-06-09-combine-8models-gpu/predictions/T1272s4/colabfold/tmp_colabfold_msa_search/T1272s4_qc_Check_CASP16_9C3C_d_residue_21-289_seq_1-289_coverage_0.930796.a3m,508,runner CodeCarbon output: results/2026-06-09-combine-8models-gpu/predictions/T1272s4/openfold/carbon/T1272s4_openfold_inference_emissions.csv; OpenFold reused the ColabFold A3M; MSA build time/carbon copied from the colabfold row.,,,,,,,554.9936820680741,9.434051321364418,0.01986116067655667,,,,,,true,offline,WORLD,world,constant,475.0,configurable_default_world_average,0.0014302670077168806,1.4302670077168806,0.0030110884372986963,17.6299274589375,201.44728003567482,70.0,0.00011284220153184757,0.0024519639060134324,0.0004462823297534164,45.366799514042214,,
T1272s5,9C3C,g,openfold,1,results/2026-06-09-combine-8models-gpu/predictions/T1272s5/openfold/rank_001.pdb,true,0,47.35274493205361,47.35274493205361,1,,,,SHARED_MSA_A3M_FILE=results/2026-06-09-combine-8models-gpu/predictions/T1272s5/colabfold/tmp_colabfold/T1272s5_qc_Check_CASP16_9C3C_g_residue_28-291_seq_1-291_coverage_0.907216.a3m SHARED_MSA_DIR=results/2026-06-09-combine-8models-gpu/predictions/T1272s5/colabfold/tmp_colabfold SHARED_MSA_METADATA_FILE=results/2026-06-09-combine-8models-gpu/metadata/prediction_manifest.csv bash runners/run_openfold_shared_msa.sh results/2026-06-09-combine-8models-gpu/sequences/T1272s5.fasta results/2026-06-09-combine-8models-gpu/predictions/T1272s5/openfold 1,,true,colabfold_mmseqs2,mmseqs2_uniref_env,colabfold,/data/chen/protein_folding_databases/colabfold,false,false,true,,results/2026-06-09-combine-8models-gpu/predictions/T1272s5/colabfold/tmp_colabfold,results/2026-06-09-combine-8models-gpu/predictions/T1272s5/colabfold/tmp_colabfold_msa_search/T1272s5_qc_Check_CASP16_9C3C_g_residue_28-291_seq_1-291_coverage_0.907216.a3m,510,runner CodeCarbon output: results/2026-06-09-combine-8models-gpu/predictions/T1272s5/openfold/carbon/T1272s5_openfold_inference_emissions.csv; OpenFold reused the ColabFold A3M; MSA build time/carbon copied from the colabfold row.,,,,,,,557.3527449320536,9.529624465506283,0.0200623672958027,,,,,,true,offline,WORLD,world,constant,475.0,configurable_default_world_average,0.001466816350311863,1.466816350311863,0.0030880344217091853,17.599368700650007,203.1188935909395,70.0,0.00011668147899647174,0.002508648673583913,0.00046270426912880006,45.725957617978565,,
T1272s6,9C3C,A,openfold,1,results/2026-06-09-combine-8models-gpu/predictions/T1272s6/openfold/rank_001.pdb,true,0,193.09741554805078,193.09741554805078,1,,,,SHARED_MSA_A3M_FILE=results/2026-06-09-combine-8models-gpu/predictions/T1272s6/colabfold/tmp_colabfold/T1272s6_qc_Check_CASP16_9C3C_A_residue_63-653_seq_1-624_coverage_0.641026.a3m SHARED_MSA_DIR=results/2026-06-09-combine-8models-gpu/predictions/T1272s6/colabfold/tmp_colabfold SHARED_MSA_METADATA_FILE=results/2026-06-09-combine-8models-gpu/metadata/prediction_manifest.csv bash runners/run_openfold_shared_msa.sh results/2026-06-09-combine-8models-gpu/sequences/T1272s6.fasta results/2026-06-09-combine-8models-gpu/predictions/T1272s6/openfold 1,,true,colabfold_mmseqs2,mmseqs2_uniref_env,colabfold,/data/chen/protein_folding_databases/colabfold,false,false,true,,results/2026-06-09-combine-8models-gpu/predictions/T1272s6/colabfold/tmp_colabfold,results/2026-06-09-combine-8models-gpu/predictions/T1272s6/colabfold/tmp_colabfold_msa_search/T1272s6_qc_Check_CASP16_9C3C_A_residue_63-653_seq_1-624_coverage_0.641026.a3m,554,runner CodeCarbon output: results/2026-06-09-combine-8models-gpu/predictions/T1272s6/openfold/carbon/T1272s6_openfold_inference_emissions.csv; OpenFold reused the ColabFold A3M; MSA build time/carbon copied from the colabfold row.,,,,,,,747.0974155480508,15.22237184090887,0.03204709861243973,,,,,,true,offline,WORLD,world,constant,475.0,configurable_default_world_average,0.006458831276695132,6.458831276695132,0.013597539529884487,16.87756096667766,216.15536713398677,70.0,0.0004440233444769245,0.011315411552322185,0.001838104633085378,191.47099435795099,,
T1272s7,9C3C,B,openfold,1,results/2026-06-09-combine-8models-gpu/predictions/T1272s7/openfold/rank_001.pdb,true,0,37.63912644702941,37.63912644702941,1,,,,SHARED_MSA_A3M_FILE=results/2026-06-09-combine-8models-gpu/predictions/T1272s7/colabfold/tmp_colabfold/T1272s7_qc_No_CASP16_9C3C_B_residue_654-798_seq_1-242_coverage_1.000000.a3m SHARED_MSA_DIR=results/2026-06-09-combine-8models-gpu/predictions/T1272s7/colabfold/tmp_colabfold SHARED_MSA_METADATA_FILE=results/2026-06-09-combine-8models-gpu/metadata/prediction_manifest.csv bash runners/run_openfold_shared_msa.sh results/2026-06-09-combine-8models-gpu/sequences/T1272s7.fasta results/2026-06-09-combine-8models-gpu/predictions/T1272s7/openfold 1,,true,colabfold_mmseqs2,mmseqs2_uniref_env,colabfold,/data/chen/protein_folding_databases/colabfold,false,false,true,,results/2026-06-09-combine-8models-gpu/predictions/T1272s7/colabfold/tmp_colabfold,results/2026-06-09-combine-8models-gpu/predictions/T1272s7/colabfold/tmp_colabfold_msa_search/T1272s7_qc_No_CASP16_9C3C_B_residue_654-798_seq_1-242_coverage_1.000000.a3m,512,runner CodeCarbon output: results/2026-06-09-combine-8models-gpu/predictions/T1272s7/openfold/carbon/T1272s7_openfold_inference_emissions.csv; OpenFold reused the ColabFold A3M; MSA build time/carbon copied from the colabfold row.,,,,,,,549.6391264470294,9.149487793198364,0.019262079564628137,,,,,,true,offline,WORLD,world,constant,475.0,configurable_default_world_average,0.0011080815588982494,1.1080815588982493,0.0023328032818910513,17.710124530135715,195.34956849292467,70.0,9.206441329357741e-05,0.0018689745507334266,0.00037176431786404776,36.01518403599039,,
T1272s9,9C3C,n,openfold,1,results/2026-06-09-combine-8models-gpu/predictions/T1272s9/openfold/rank_001.pdb,true,0,37.14713814295828,37.14713814295828,1,,,,SHARED_MSA_A3M_FILE=results/2026-06-09-combine-8models-gpu/predictions/T1272s9/colabfold/tmp_colabfold/T1272s9_qc_Check_CASP16_9C3C_n_residue_42-216_seq_1-238_coverage_0.735294.a3m SHARED_MSA_DIR=results/2026-06-09-combine-8models-gpu/predictions/T1272s9/colabfold/tmp_colabfold SHARED_MSA_METADATA_FILE=results/2026-06-09-combine-8models-gpu/metadata/prediction_manifest.csv bash runners/run_openfold_shared_msa.sh results/2026-06-09-combine-8models-gpu/sequences/T1272s9.fasta results/2026-06-09-combine-8models-gpu/predictions/T1272s9/openfold 1,,true,colabfold_mmseqs2,mmseqs2_uniref_env,colabfold,/data/chen/protein_folding_databases/colabfold,false,false,true,,results/2026-06-09-combine-8models-gpu/predictions/T1272s9/colabfold/tmp_colabfold,results/2026-06-09-combine-8models-gpu/predictions/T1272s9/colabfold/tmp_colabfold_msa_search/T1272s9_qc_Check_CASP16_9C3C_n_residue_42-216_seq_1-238_coverage_0.735294.a3m,507,runner CodeCarbon output: results/2026-06-09-combine-8models-gpu/predictions/T1272s9/openfold/carbon/T1272s9_openfold_inference_emissions.csv; OpenFold reused the ColabFold A3M; MSA build time/carbon copied from the colabfold row.,,,,,,,544.1471381429583,9.08842050945755,0.019133516862015892,,,,,,true,offline,WORLD,world,constant,475.0,configurable_default_world_average,0.0010892067607802109,1.089206760780211,0.0022930668648004442,18.230126558713238,195.6993985880844,70.0,9.231287105857426e-05,0.0018468628663783626,0.00035389112736350706,35.52361299691256,,
T1280,9F5M,AAA,openfold,1,results/2026-06-09-combine-8models-gpu/predictions/T1280/openfold/rank_001.pdb,true,0,38.777008082019165,38.777008082019165,1,,,,SHARED_MSA_A3M_FILE=results/2026-06-09-combine-8models-gpu/predictions/T1280/colabfold/tmp_colabfold/T1280_qc_Check_CASP16_9F5M_AAA_residue_615-848_seq_1-237_coverage_0.995745.a3m SHARED_MSA_DIR=results/2026-06-09-combine-8models-gpu/predictions/T1280/colabfold/tmp_colabfold SHARED_MSA_METADATA_FILE=results/2026-06-09-combine-8models-gpu/metadata/prediction_manifest.csv bash runners/run_openfold_shared_msa.sh results/2026-06-09-combine-8models-gpu/sequences/T1280.fasta results/2026-06-09-combine-8models-gpu/predictions/T1280/openfold 1,,true,colabfold_mmseqs2,mmseqs2_uniref_env,colabfold,/data/chen/protein_folding_databases/colabfold,false,false,true,,results/2026-06-09-combine-8models-gpu/predictions/T1280/colabfold/tmp_colabfold,results/2026-06-09-combine-8models-gpu/predictions/T1280/colabfold/tmp_colabfold_msa_search/T1280_qc_Check_CASP16_9F5M_AAA_residue_615-848_seq_1-237_coverage_0.995745.a3m,536,runner CodeCarbon output: results/2026-06-09-combine-8models-gpu/predictions/T1280/openfold/carbon/T1280_openfold_inference_emissions.csv; OpenFold reused the ColabFold A3M; MSA build time/carbon copied from the colabfold row.,,,,,,,574.7770080820192,9.51771953053584,0.020037304274812293,,,,,,true,offline,WORLD,world,constant,475.0,configurable_default_world_average,0.0011199061007298708,1.1199061007298707,0.002357697054168149,18.5283603456875,191.15835367617805,70.0,9.698526861204344e-05,0.0018951173494254903,0.00036559443613061584,37.153845606022514,,
T1299,9FJL,A,openfold,1,results/2026-06-09-combine-8models-gpu/predictions/T1299/openfold/rank_001.pdb,true,0,27.16268241009675,27.16268241009675,1,,,,SHARED_MSA_A3M_FILE=results/2026-06-09-combine-8models-gpu/predictions/T1299/colabfold/tmp_colabfold/T1299_qc_Yes_CASP16_9FJL_A_residue_1-168_seq_1-168_coverage_1.000000.a3m SHARED_MSA_DIR=results/2026-06-09-combine-8models-gpu/predictions/T1299/colabfold/tmp_colabfold SHARED_MSA_METADATA_FILE=results/2026-06-09-combine-8models-gpu/metadata/prediction_manifest.csv bash runners/run_openfold_shared_msa.sh results/2026-06-09-combine-8models-gpu/sequences/T1299.fasta results/2026-06-09-combine-8models-gpu/predictions/T1299/openfold 1,,true,colabfold_mmseqs2,mmseqs2_uniref_env,colabfold,/data/chen/protein_folding_databases/colabfold,false,false,true,,results/2026-06-09-combine-8models-gpu/predictions/T1299/colabfold/tmp_colabfold,results/2026-06-09-combine-8models-gpu/predictions/T1299/colabfold/tmp_colabfold_msa_search/T1299_qc_Yes_CASP16_9FJL_A_residue_1-168_seq_1-168_coverage_1.000000.a3m,498,runner CodeCarbon output: results/2026-06-09-combine-8models-gpu/predictions/T1299/openfold/carbon/T1299_openfold_inference_emissions.csv; OpenFold reused the ColabFold A3M; MSA build time/carbon copied from the colabfold row.,,,,,,,525.1626824100967,8.621636898928172,0.01815081452405931,,,,,,true,offline,WORLD,world,constant,475.0,configurable_default_world_average,0.0007326862871561565,0.7326862871561565,0.00154249744664454,18.77194125345,172.4070825462055,70.0,7.189543627933695e-05,0.001202147906162132,0.00026845410420307114,25.53610591008328,,
T1104,7ROA,A,protenix,1,results/2026-06-09-combine-8models-gpu/predictions/T1104/protenix/rank_001.pdb,true,0,81.12402988492977,81.12402988492977,1,,,,SHARED_MSA_A3M_FILE=results/2026-06-09-combine-8models-gpu/predictions/T1104/colabfold/tmp_colabfold/T1104_qc_Yes_CASP15_7ROA_A_residue_58-189_seq_1-117_coverage_0.871212.a3m SHARED_MSA_DIR=results/2026-06-09-combine-8models-gpu/predictions/T1104/colabfold/tmp_colabfold SHARED_MSA_METADATA_FILE=results/2026-06-09-combine-8models-gpu/metadata/prediction_manifest.csv bash runners/run_protenix_shared_msa.sh results/2026-06-09-combine-8models-gpu/sequences/T1104.fasta results/2026-06-09-combine-8models-gpu/predictions/T1104/protenix 1,,true,colabfold_mmseqs2,mmseqs2_uniref_env,colabfold,/data/chen/protein_folding_databases/colabfold,false,false,true,,results/2026-06-09-combine-8models-gpu/predictions/T1104/colabfold/tmp_colabfold,results/2026-06-09-combine-8models-gpu/predictions/T1104/colabfold/tmp_colabfold_msa_search/T1104_qc_Yes_CASP15_7ROA_A_residue_58-189_seq_1-117_coverage_0.871212.a3m,482,runner CodeCarbon output: results/2026-06-09-combine-8models-gpu/predictions/T1104/protenix/carbon/T1104_protenix_inference_emissions.csv; Protenix reused the ColabFold A3M; MSA build time/carbon copied from the colabfold row.,,,,,,,563.1240298849298,8.563414524222651,0.018028241103626632,,,,,,true,offline,WORLD,world,constant,475.0,configurable_default_world_average,0.001212709616715177,1.212709616715177,0.0025530728772951094,16.67377746850962,73.47297978009797,70.0,0.00018421408418325407,0.0015956398876220135,0.0007732189054898402,79.51168170303572,,
T1106s1,7QIH,B,protenix,1,results/2026-06-09-combine-8models-gpu/predictions/T1106s1/protenix/rank_001.pdb,true,0,82.31329041300341,82.31329041300341,1,,,,SHARED_MSA_A3M_FILE=results/2026-06-09-combine-8models-gpu/predictions/T1106s1/colabfold/tmp_colabfold/T1106s1_qc_No_CASP15_7QIH_B_residue_50-120_seq_1-122_coverage_0.946667.a3m SHARED_MSA_DIR=results/2026-06-09-combine-8models-gpu/predictions/T1106s1/colabfold/tmp_colabfold SHARED_MSA_METADATA_FILE=results/2026-06-09-combine-8models-gpu/metadata/prediction_manifest.csv bash runners/run_protenix_shared_msa.sh results/2026-06-09-combine-8models-gpu/sequences/T1106s1.fasta results/2026-06-09-combine-8models-gpu/predictions/T1106s1/protenix 1,,true,colabfold_mmseqs2,mmseqs2_uniref_env,colabfold,/data/chen/protein_folding_databases/colabfold,false,false,true,,results/2026-06-09-combine-8models-gpu/predictions/T1106s1/colabfold/tmp_colabfold,results/2026-06-09-combine-8models-gpu/predictions/T1106s1/colabfold/tmp_colabfold_msa_search/T1106s1_qc_No_CASP15_7QIH_B_residue_50-120_seq_1-122_coverage_0.946667.a3m,495,runner CodeCarbon output: results/2026-06-09-combine-8models-gpu/predictions/T1106s1/protenix/carbon/T1106s1_protenix_inference_emissions.csv; Protenix reused the ColabFold A3M; MSA build time/carbon copied from the colabfold row.,,,,,,,577.3132904130034,8.96424751252704,0.018872100026372716,,,,,,true,offline,WORLD,world,constant,475.0,configurable_default_world_average,0.0012547042365522736,1.2547042365522736,0.0026414826032679444,16.665345048309383,75.95006832106641,70.0,0.00018962194410536513,0.001655512435519757,0.0007963482236428214,80.69927823694889,,
T1106s2,7QIH,A,protenix,1,results/2026-06-09-combine-8models-gpu/predictions/T1106s2/protenix/rank_001.pdb,true,0,82.32879552303348,82.32879552303348,1,,,,SHARED_MSA_A3M_FILE=results/2026-06-09-combine-8models-gpu/predictions/T1106s2/colabfold/tmp_colabfold/T1106s2_qc_Check_CASP15_7QIH_A_residue_2-112_seq_1-114_coverage_0.909836.a3m SHARED_MSA_DIR=results/2026-06-09-combine-8models-gpu/predictions/T1106s2/colabfold/tmp_colabfold SHARED_MSA_METADATA_FILE=results/2026-06-09-combine-8models-gpu/metadata/prediction_manifest.csv bash runners/run_protenix_shared_msa.sh results/2026-06-09-combine-8models-gpu/sequences/T1106s2.fasta results/2026-06-09-combine-8models-gpu/predictions/T1106s2/protenix 1,,true,colabfold_mmseqs2,mmseqs2_uniref_env,colabfold,/data/chen/protein_folding_databases/colabfold,false,false,true,,results/2026-06-09-combine-8models-gpu/predictions/T1106s2/colabfold/tmp_colabfold,results/2026-06-09-combine-8models-gpu/predictions/T1106s2/colabfold/tmp_colabfold_msa_search/T1106s2_qc_Check_CASP15_7QIH_A_residue_2-112_seq_1-114_coverage_0.909836.a3m,514,runner CodeCarbon output: results/2026-06-09-combine-8models-gpu/predictions/T1106s2/protenix/carbon/T1106s2_protenix_inference_emissions.csv; Protenix reused the ColabFold A3M; MSA build time/carbon copied from the colabfold row.,,,,,,,596.3287955230335,9.226528389365264,0.019424270293400558,,,,,,true,offline,WORLD,world,constant,475.0,configurable_default_world_average,0.0012447296485347896,1.2447296485347896,0.002620483470599557,16.467163451165625,74.41859901652181,70.0,0.00018663565275872762,0.0016378371436021055,0.0007960106742387225,80.71678742708173,,
T1112,8ORK,AAA,protenix,1,results/2026-06-09-combine-8models-gpu/predictions/T1112/protenix/rank_001.pdb,true,0,95.26378567190841,95.26378567190841,1,,,,SHARED_MSA_A3M_FILE=results/2026-06-09-combine-8models-gpu/predictions/T1112/colabfold/tmp_colabfold/T1112_qc_Check_CASP15_8ORK_AAA_residue_2-460_seq_1-460_coverage_0.973913.a3m SHARED_MSA_DIR=results/2026-06-09-combine-8models-gpu/predictions/T1112/colabfold/tmp_colabfold SHARED_MSA_METADATA_FILE=results/2026-06-09-combine-8models-gpu/metadata/prediction_manifest.csv bash runners/run_protenix_shared_msa.sh results/2026-06-09-combine-8models-gpu/sequences/T1112.fasta results/2026-06-09-combine-8models-gpu/predictions/T1112/protenix 1,,true,colabfold_mmseqs2,mmseqs2_uniref_env,colabfold,/data/chen/protein_folding_databases/colabfold,false,false,true,,results/2026-06-09-combine-8models-gpu/predictions/T1112/colabfold/tmp_colabfold,results/2026-06-09-combine-8models-gpu/predictions/T1112/colabfold/tmp_colabfold_msa_search/T1112_qc_Check_CASP15_8ORK_AAA_residue_2-460_seq_1-460_coverage_0.973913.a3m,503,runner CodeCarbon output: results/2026-06-09-combine-8models-gpu/predictions/T1112/protenix/carbon/T1112_protenix_inference_emissions.csv; Protenix reused the ColabFold A3M; MSA build time/carbon copied from the colabfold row.,,,,,,,598.2637856719084,9.873493395727689,0.0207863018857425,,,,,,true,offline,WORLD,world,constant,475.0,configurable_default_world_average,0.0017939052024381317,1.7939052024381317,0.003776642531448698,16.64573510804033,103.55194364080589,70.0,0.00021858534194107038,0.002639068500142283,0.0009189886893653445,93.65130959905218,,
T1114s1,7UTD,Q,protenix,1,results/2026-06-09-combine-8models-gpu/predictions/T1114s1/protenix/rank_001.pdb,true,0,82.368422608939,82.368422608939,1,,,,SHARED_MSA_A3M_FILE=results/2026-06-09-combine-8models-gpu/predictions/T1114s1/colabfold/tmp_colabfold/T1114s1_qc_No_CASP15_7UTD_Q_residue_20-78_seq_1-189_coverage_0.983333.a3m SHARED_MSA_DIR=results/2026-06-09-combine-8models-gpu/predictions/T1114s1/colabfold/tmp_colabfold SHARED_MSA_METADATA_FILE=results/2026-06-09-combine-8models-gpu/metadata/prediction_manifest.csv bash runners/run_protenix_shared_msa.sh results/2026-06-09-combine-8models-gpu/sequences/T1114s1.fasta results/2026-06-09-combine-8models-gpu/predictions/T1114s1/protenix 1,,true,colabfold_mmseqs2,mmseqs2_uniref_env,colabfold,/data/chen/protein_folding_databases/colabfold,false,false,true,,results/2026-06-09-combine-8models-gpu/predictions/T1114s1/colabfold/tmp_colabfold,results/2026-06-09-combine-8models-gpu/predictions/T1114s1/colabfold/tmp_colabfold_msa_search/T1114s1_qc_No_CASP15_7UTD_Q_residue_20-78_seq_1-189_coverage_0.983333.a3m,487,runner CodeCarbon output: results/2026-06-09-combine-8models-gpu/predictions/T1114s1/protenix/carbon/T1114s1_protenix_inference_emissions.csv; Protenix reused the ColabFold A3M; MSA build time/carbon copied from the colabfold row.,,,,,,,569.368422608939,8.972520933383647,0.018889517754491887,,,,,,true,offline,WORLD,world,constant,475.0,configurable_default_world_average,0.001277488508999492,1.277488508999492,0.0026894494926305097,16.47066511798126,77.53585429692116,70.0,0.00018680041416138822,0.0017053469198327065,0.0007973021586364161,80.75737857702188,,
T1114s2,7UTD,B,protenix,1,results/2026-06-09-combine-8models-gpu/predictions/T1114s2/protenix/rank_001.pdb,true,0,89.94213084201328,89.94213084201328,1,,,,SHARED_MSA_A3M_FILE=results/2026-06-09-combine-8models-gpu/predictions/T1114s2/colabfold/tmp_colabfold/T1114s2_qc_Check_CASP15_7UTD_B_residue_2-323_seq_1-369_coverage_0.872629.a3m SHARED_MSA_DIR=results/2026-06-09-combine-8models-gpu/predictions/T1114s2/colabfold/tmp_colabfold SHARED_MSA_METADATA_FILE=results/2026-06-09-combine-8models-gpu/metadata/prediction_manifest.csv bash runners/run_protenix_shared_msa.sh results/2026-06-09-combine-8models-gpu/sequences/T1114s2.fasta results/2026-06-09-combine-8models-gpu/predictions/T1114s2/protenix 1,,true,colabfold_mmseqs2,mmseqs2_uniref_env,colabfold,/data/chen/protein_folding_databases/colabfold,false,false,true,,results/2026-06-09-combine-8models-gpu/predictions/T1114s2/colabfold/tmp_colabfold,results/2026-06-09-combine-8models-gpu/predictions/T1114s2/colabfold/tmp_colabfold_msa_search/T1114s2_qc_Check_CASP15_7UTD_B_residue_2-323_seq_1-369_coverage_0.872629.a3m,494,runner CodeCarbon output: results/2026-06-09-combine-8models-gpu/predictions/T1114s2/protenix/carbon/T1114s2_protenix_inference_emissions.csv; Protenix reused the ColabFold A3M; MSA build time/carbon copied from the colabfold row.,,,,,,,583.9421308420133,9.413671916243283,0.019818256665775334,,,,,,true,offline,WORLD,world,constant,475.0,configurable_default_world_average,0.0015761146337568489,1.5761146337568488,0.00331813607106705,16.65571445658621,93.80273722873538,70.0,0.00020357139839550018,0.0022592740296398794,0.0008552906430316704,88.33435942605138,,
T1114s3,7UTD,A,protenix,1,results/2026-06-09-combine-8models-gpu/predictions/T1114s3/protenix/rank_001.pdb,true,0,110.24890143296216,110.24890143296216,1,,,,SHARED_MSA_A3M_FILE=results/2026-06-09-combine-8models-gpu/predictions/T1114s3/colabfold/tmp_colabfold/T1114s3_qc_Check_CASP15_7UTD_A_residue_4-516_seq_1-535_coverage_0.998051.a3m SHARED_MSA_DIR=results/2026-06-09-combine-8models-gpu/predictions/T1114s3/colabfold/tmp_colabfold SHARED_MSA_METADATA_FILE=results/2026-06-09-combine-8models-gpu/metadata/prediction_manifest.csv bash runners/run_protenix_shared_msa.sh results/2026-06-09-combine-8models-gpu/sequences/T1114s3.fasta results/2026-06-09-combine-8models-gpu/predictions/T1114s3/protenix 1,,true,colabfold_mmseqs2,mmseqs2_uniref_env,colabfold,/data/chen/protein_folding_databases/colabfold,false,false,true,,results/2026-06-09-combine-8models-gpu/predictions/T1114s3/colabfold/tmp_colabfold,results/2026-06-09-combine-8models-gpu/predictions/T1114s3/colabfold/tmp_colabfold_msa_search/T1114s3_qc_Check_CASP15_7UTD_A_residue_4-516_seq_1-535_coverage_0.998051.a3m,512,runner CodeCarbon output: results/2026-06-09-combine-8models-gpu/predictions/T1114s3/protenix/carbon/T1114s3_protenix_inference_emissions.csv; Protenix reused the ColabFold A3M; MSA build time/carbon copied from the colabfold row.,,,,,,,622.2489014329622,10.42648743684246,0.02195049986703676,,,,,,true,offline,WORLD,world,constant,475.0,configurable_default_world_average,0.0022221594348371607,2.2221594348371605,0.004678230389130864,16.648719903749996,112.69091570574645,70.0,0.0002526870844509539,0.003363403524054842,0.001062139780625068,108.6172638599528,,
T1120,7QVB,B,protenix,1,results/2026-06-09-combine-8models-gpu/predictions/T1120/protenix/rank_001.pdb,true,0,88.07998579193372,88.07998579193372,1,,,,SHARED_MSA_A3M_FILE=results/2026-06-09-combine-8models-gpu/predictions/T1120/colabfold/tmp_colabfold/T1120_qc_Check_CASP15_7QVB_B_residue_4-231_seq_1-235_coverage_0.970213.a3m SHARED_MSA_DIR=results/2026-06-09-combine-8models-gpu/predictions/T1120/colabfold/tmp_colabfold SHARED_MSA_METADATA_FILE=results/2026-06-09-combine-8models-gpu/metadata/prediction_manifest.csv bash runners/run_protenix_shared_msa.sh results/2026-06-09-combine-8models-gpu/sequences/T1120.fasta results/2026-06-09-combine-8models-gpu/predictions/T1120/protenix 1,,true,colabfold_mmseqs2,mmseqs2_uniref_env,colabfold,/data/chen/protein_folding_databases/colabfold,false,false,true,,results/2026-06-09-combine-8models-gpu/predictions/T1120/colabfold/tmp_colabfold,results/2026-06-09-combine-8models-gpu/predictions/T1120/colabfold/tmp_colabfold_msa_search/T1120_qc_Check_CASP15_7QVB_B_residue_4-231_seq_1-235_coverage_0.970213.a3m,500,runner CodeCarbon output: results/2026-06-09-combine-8models-gpu/predictions/T1120/protenix/carbon/T1120_protenix_inference_emissions.csv; Protenix reused the ColabFold A3M; MSA build time/carbon copied from the colabfold row.,,,,,,,588.0799857919337,9.25893959530383,0.019492504411165956,,,,,,true,offline,WORLD,world,constant,475.0,configurable_default_world_average,0.001379966241297617,1.379966241297617,0.0029051920869423518,16.69098335723823,79.39736149052621,70.0,0.00019968275015690143,0.0018682489945969216,0.0008372603421885289,86.37784848304,,
T1122,8BBT,A,protenix,1,results/2026-06-09-combine-8models-gpu/predictions/T1122/protenix/rank_001.pdb,true,0,83.9205211000517,83.9205211000517,1,,,,SHARED_MSA_A3M_FILE=results/2026-06-09-combine-8models-gpu/predictions/T1122/colabfold/tmp_colabfold/T1122_qc_Yes_CASP15_8BBT_A_residue_4-237_seq_1-241_coverage_0.954357.a3m SHARED_MSA_DIR=results/2026-06-09-combine-8models-gpu/predictions/T1122/colabfold/tmp_colabfold SHARED_MSA_METADATA_FILE=results/2026-06-09-combine-8models-gpu/metadata/prediction_manifest.csv bash runners/run_protenix_shared_msa.sh results/2026-06-09-combine-8models-gpu/sequences/T1122.fasta results/2026-06-09-combine-8models-gpu/predictions/T1122/protenix 1,,true,colabfold_mmseqs2,mmseqs2_uniref_env,colabfold,/data/chen/protein_folding_databases/colabfold,false,false,true,,results/2026-06-09-combine-8models-gpu/predictions/T1122/colabfold/tmp_colabfold,results/2026-06-09-combine-8models-gpu/predictions/T1122/colabfold/tmp_colabfold_msa_search/T1122_qc_Yes_CASP15_8BBT_A_residue_4-237_seq_1-241_coverage_0.954357.a3m,506,runner CodeCarbon output: results/2026-06-09-combine-8models-gpu/predictions/T1122/protenix/carbon/T1122_protenix_inference_emissions.csv; Protenix reused the ColabFold A3M; MSA build time/carbon copied from the colabfold row.,,,,,,,589.9205211000517,9.329372178611479,0.019640783533918904,,,,,,true,offline,WORLD,world,constant,475.0,configurable_default_world_average,0.001326892258181896,1.326892258181896,0.002793457385646097,16.670441270999998,80.43572960846322,70.0,0.0001900944830841182,0.0018053517220586457,0.000798011180503333,82.28927622106858,,
T1129s2,8A8C,B,protenix,1,results/2026-06-09-combine-8models-gpu/predictions/T1129s2/protenix/rank_001.pdb,true,0,117.39841918204911,117.39841918204911,1,,,,SHARED_MSA_A3M_FILE=results/2026-06-09-combine-8models-gpu/predictions/T1129s2/colabfold/tmp_colabfold/T1129s2_qc_Yes_CASP15_8A8C_B_residue_41-640_seq_1-640_coverage_0.825000.a3m SHARED_MSA_DIR=results/2026-06-09-combine-8models-gpu/predictions/T1129s2/colabfold/tmp_colabfold SHARED_MSA_METADATA_FILE=results/2026-06-09-combine-8models-gpu/metadata/prediction_manifest.csv bash runners/run_protenix_shared_msa.sh results/2026-06-09-combine-8models-gpu/sequences/T1129s2.fasta results/2026-06-09-combine-8models-gpu/predictions/T1129s2/protenix 1,,true,colabfold_mmseqs2,mmseqs2_uniref_env,colabfold,/data/chen/protein_folding_databases/colabfold,false,false,true,,results/2026-06-09-combine-8models-gpu/predictions/T1129s2/colabfold/tmp_colabfold,results/2026-06-09-combine-8models-gpu/predictions/T1129s2/colabfold/tmp_colabfold_msa_search/T1129s2_qc_Yes_CASP15_8A8C_B_residue_41-640_seq_1-640_coverage_0.825000.a3m,494,runner CodeCarbon output: results/2026-06-09-combine-8models-gpu/predictions/T1129s2/protenix/carbon/T1129s2_protenix_inference_emissions.csv; Protenix reused the ColabFold A3M; MSA build time/carbon copied from the colabfold row.,,,,,,,611.3984191820491,10.611425547516117,0.022339843257928666,,,,,,true,offline,WORLD,world,constant,475.0,configurable_default_world_average,0.002596441015519808,2.596441015519808,0.005466191611620649,16.628621430371744,128.63621262540545,70.0,0.00026893631192290694,0.0040654399190160895,0.0011318153806816552,115.7846806870075,,
T1133,8DYS,A,protenix,1,results/2026-06-09-combine-8models-gpu/predictions/T1133/protenix/rank_001.pdb,true,0,110.41018849494867,110.41018849494867,1,,,,SHARED_MSA_A3M_FILE=results/2026-06-09-combine-8models-gpu/predictions/T1133/colabfold/tmp_colabfold/T1133_qc_Check_CASP15_8DYS_A_residue_4-427_seq_1-585_coverage_0.699145.a3m SHARED_MSA_DIR=results/2026-06-09-combine-8models-gpu/predictions/T1133/colabfold/tmp_colabfold SHARED_MSA_METADATA_FILE=results/2026-06-09-combine-8models-gpu/metadata/prediction_manifest.csv bash runners/run_protenix_shared_msa.sh results/2026-06-09-combine-8models-gpu/sequences/T1133.fasta results/2026-06-09-combine-8models-gpu/predictions/T1133/protenix 1,,true,colabfold_mmseqs2,mmseqs2_uniref_env,colabfold,/data/chen/protein_folding_databases/colabfold,false,false,true,,results/2026-06-09-combine-8models-gpu/predictions/T1133/colabfold/tmp_colabfold,results/2026-06-09-combine-8models-gpu/predictions/T1133/colabfold/tmp_colabfold_msa_search/T1133_qc_Check_CASP15_8DYS_A_residue_4-427_seq_1-585_coverage_0.699145.a3m,538,runner CodeCarbon output: results/2026-06-09-combine-8models-gpu/predictions/T1133/protenix/carbon/T1133_protenix_inference_emissions.csv; Protenix reused the ColabFold A3M; MSA build time/carbon copied from the colabfold row.,,,,,,,648.4101884949487,10.864524638470094,0.02287268344941072,,,,,,true,offline,WORLD,world,constant,475.0,configurable_default_world_average,0.0023313409646585417,2.331340964658542,0.004908086241386404,16.625633687208342,120.8143040053047,70.0,0.00025301482402790616,0.003590091483181901,0.0010649799341765985,108.7735324340174,,
T1134s1,7UBZ,A,protenix,1,results/2026-06-09-combine-8models-gpu/predictions/T1134s1/protenix/rank_001.pdb,true,0,81.86180328193586,81.86180328193586,1,,,,SHARED_MSA_A3M_FILE=results/2026-06-09-combine-8models-gpu/predictions/T1134s1/colabfold/tmp_colabfold/T1134s1_qc_Check_CASP15_7UBZ_A_residue_1-230_seq_1-230_coverage_1.000000.a3m SHARED_MSA_DIR=results/2026-06-09-combine-8models-gpu/predictions/T1134s1/colabfold/tmp_colabfold SHARED_MSA_METADATA_FILE=results/2026-06-09-combine-8models-gpu/metadata/prediction_manifest.csv bash runners/run_protenix_shared_msa.sh results/2026-06-09-combine-8models-gpu/sequences/T1134s1.fasta results/2026-06-09-combine-8models-gpu/predictions/T1134s1/protenix 1,,true,colabfold_mmseqs2,mmseqs2_uniref_env,colabfold,/data/chen/protein_folding_databases/colabfold,false,false,true,,results/2026-06-09-combine-8models-gpu/predictions/T1134s1/colabfold/tmp_colabfold,results/2026-06-09-combine-8models-gpu/predictions/T1134s1/colabfold/tmp_colabfold_msa_search/T1134s1_qc_Check_CASP15_7UBZ_A_residue_1-230_seq_1-230_coverage_1.000000.a3m,509,runner CodeCarbon output: results/2026-06-09-combine-8models-gpu/predictions/T1134s1/protenix/carbon/T1134s1_protenix_inference_emissions.csv; Protenix reused the ColabFold A3M; MSA build time/carbon copied from the colabfold row.,,,,,,,590.8618032819359,9.319444216654363,0.019619882561377606,,,,,,true,offline,WORLD,world,constant,475.0,configurable_default_world_average,0.001296104028846874,1.2961040288468741,0.002728640060730261,16.709607686088614,81.00494581261803,70.0,0.00018515053685023362,0.0017675772473930706,0.0007759122764869567,80.17878004605882,,
T1134s2,7UBZ,D,protenix,1,results/2026-06-09-combine-8models-gpu/predictions/T1134s2/protenix/rank_001.pdb,true,0,85.70625622093212,85.70625622093212,1,,,,SHARED_MSA_A3M_FILE=results/2026-06-09-combine-8models-gpu/predictions/T1134s2/colabfold/tmp_colabfold/T1134s2_qc_Check_CASP15_7UBZ_D_residue_168-472_seq_1-313_coverage_0.645367.a3m SHARED_MSA_DIR=results/2026-06-09-combine-8models-gpu/predictions/T1134s2/colabfold/tmp_colabfold SHARED_MSA_METADATA_FILE=results/2026-06-09-combine-8models-gpu/metadata/prediction_manifest.csv bash runners/run_protenix_shared_msa.sh results/2026-06-09-combine-8models-gpu/sequences/T1134s2.fasta results/2026-06-09-combine-8models-gpu/predictions/T1134s2/protenix 1,,true,colabfold_mmseqs2,mmseqs2_uniref_env,colabfold,/data/chen/protein_folding_databases/colabfold,false,false,true,,results/2026-06-09-combine-8models-gpu/predictions/T1134s2/colabfold/tmp_colabfold,results/2026-06-09-combine-8models-gpu/predictions/T1134s2/colabfold/tmp_colabfold_msa_search/T1134s2_qc_Check_CASP15_7UBZ_D_residue_168-472_seq_1-313_coverage_0.645367.a3m,504,runner CodeCarbon output: results/2026-06-09-combine-8models-gpu/predictions/T1134s2/protenix/carbon/T1134s2_protenix_inference_emissions.csv; Protenix reused the ColabFold A3M; MSA build time/carbon copied from the colabfold row.,,,,,,,589.7062562209321,9.332328973684433,0.01964700836565144,,,,,,true,offline,WORLD,world,constant,475.0,configurable_default_world_average,0.0014285901319452123,1.4285901319452123,0.0030075581725162366,16.70131216636446,87.3858183635022,70.0,0.00019397434022030966,0.0020002204890641195,0.0008133633432318068,84.09501605597325,,
T1137s1,8FEF,A,protenix,1,results/2026-06-09-combine-8models-gpu/predictions/T1137s1/protenix/rank_001.pdb,true,0,91.73223727603909,91.73223727603909,1,,,,SHARED_MSA_A3M_FILE=results/2026-06-09-combine-8models-gpu/predictions/T1137s1/colabfold/tmp_colabfold/T1137s1_qc_Yes_CASP15_8FEF_A_residue_18-409_seq_1-409_coverage_0.958435.a3m SHARED_MSA_DIR=results/2026-06-09-combine-8models-gpu/predictions/T1137s1/colabfold/tmp_colabfold SHARED_MSA_METADATA_FILE=results/2026-06-09-combine-8models-gpu/metadata/prediction_manifest.csv bash runners/run_protenix_shared_msa.sh results/2026-06-09-combine-8models-gpu/sequences/T1137s1.fasta results/2026-06-09-combine-8models-gpu/predictions/T1137s1/protenix 1,,true,colabfold_mmseqs2,mmseqs2_uniref_env,colabfold,/data/chen/protein_folding_databases/colabfold,false,false,true,,results/2026-06-09-combine-8models-gpu/predictions/T1137s1/colabfold/tmp_colabfold,results/2026-06-09-combine-8models-gpu/predictions/T1137s1/colabfold/tmp_colabfold_msa_search/T1137s1_qc_Yes_CASP15_8FEF_A_residue_18-409_seq_1-409_coverage_0.958435.a3m,518,runner CodeCarbon output: results/2026-06-09-combine-8models-gpu/predictions/T1137s1/protenix/carbon/T1137s1_protenix_inference_emissions.csv; Protenix reused the ColabFold A3M; MSA build time/carbon copied from the colabfold row.,,,,,,,609.7322372760391,9.925836303557668,0.020896497481174038,,,,,,true,offline,WORLD,world,constant,475.0,configurable_default_world_average,0.0016533145559347573,1.6533145559347573,0.0034806622230205415,16.689962062078653,98.04569610841217,70.0,0.0002076449602312332,0.002402372755228921,0.0008706445075603872,90.10538237995934,,
T1137s2,8FEF,B,protenix,1,results/2026-06-09-combine-8models-gpu/predictions/T1137s2/protenix/rank_001.pdb,true,0,88.26466016098857,88.26466016098857,1,,,,SHARED_MSA_A3M_FILE=results/2026-06-09-combine-8models-gpu/predictions/T1137s2/colabfold/tmp_colabfold/T1137s2_qc_Yes_CASP15_8FEF_B_residue_2-343_seq_1-343_coverage_0.976676.a3m SHARED_MSA_DIR=results/2026-06-09-combine-8models-gpu/predictions/T1137s2/colabfold/tmp_colabfold SHARED_MSA_METADATA_FILE=results/2026-06-09-combine-8models-gpu/metadata/prediction_manifest.csv bash runners/run_protenix_shared_msa.sh results/2026-06-09-combine-8models-gpu/sequences/T1137s2.fasta results/2026-06-09-combine-8models-gpu/predictions/T1137s2/protenix 1,,true,colabfold_mmseqs2,mmseqs2_uniref_env,colabfold,/data/chen/protein_folding_databases/colabfold,false,false,true,,results/2026-06-09-combine-8models-gpu/predictions/T1137s2/colabfold/tmp_colabfold,results/2026-06-09-combine-8models-gpu/predictions/T1137s2/colabfold/tmp_colabfold_msa_search/T1137s2_qc_Yes_CASP15_8FEF_B_residue_2-343_seq_1-343_coverage_0.976676.a3m,525,runner CodeCarbon output: results/2026-06-09-combine-8models-gpu/predictions/T1137s2/protenix/carbon/T1137s2_protenix_inference_emissions.csv; Protenix reused the ColabFold A3M; MSA build time/carbon copied from the colabfold row.,,,,,,,613.2646601609886,9.826519500860524,0.020687409475495838,,,,,,true,offline,WORLD,world,constant,475.0,configurable_default_world_average,0.0015108026115778135,1.5108026115778135,0.003180637077005923,16.467300120226756,90.03775439214543,70.0,0.00020023076031560466,0.002128081702463369,0.0008523246142269475,86.65032196498942,,
T1137s3,8FEF,C,protenix,1,results/2026-06-09-combine-8models-gpu/predictions/T1137s3/protenix/rank_001.pdb,true,0,103.9738433540333,103.9738433540333,1,,,,SHARED_MSA_A3M_FILE=results/2026-06-09-combine-8models-gpu/predictions/T1137s3/colabfold/tmp_colabfold/T1137s3_qc_Check_CASP15_8FEF_C_residue_1-310_seq_1-524_coverage_0.591603.a3m SHARED_MSA_DIR=results/2026-06-09-combine-8models-gpu/predictions/T1137s3/colabfold/tmp_colabfold SHARED_MSA_METADATA_FILE=results/2026-06-09-combine-8models-gpu/metadata/prediction_manifest.csv bash runners/run_protenix_shared_msa.sh results/2026-06-09-combine-8models-gpu/sequences/T1137s3.fasta results/2026-06-09-combine-8models-gpu/predictions/T1137s3/protenix 1,,true,colabfold_mmseqs2,mmseqs2_uniref_env,colabfold,/data/chen/protein_folding_databases/colabfold,false,false,true,,results/2026-06-09-combine-8models-gpu/predictions/T1137s3/colabfold/tmp_colabfold,results/2026-06-09-combine-8models-gpu/predictions/T1137s3/colabfold/tmp_colabfold_msa_search/T1137s3_qc_Check_CASP15_8FEF_C_residue_1-310_seq_1-524_coverage_0.591603.a3m,531,runner CodeCarbon output: results/2026-06-09-combine-8models-gpu/predictions/T1137s3/protenix/carbon/T1137s3_protenix_inference_emissions.csv; Protenix reused the ColabFold A3M; MSA build time/carbon copied from the colabfold row.,,,,,,,634.9738433540333,10.514324003672044,0.02213541895509904,,,,,,true,offline,WORLD,world,constant,475.0,configurable_default_world_average,0.0020947098207842437,2.0947098207842436,0.004409915412177355,16.639802376319317,114.13702712296913,70.0,0.0002353690257273504,0.0031847578255819187,0.0009897885608680856,102.35899931401946,,
T1137s4,8FEF,D,protenix,1,results/2026-06-09-combine-8models-gpu/predictions/T1137s4/protenix/rank_001.pdb,true,0,106.54349866404664,106.54349866404664,1,,,,SHARED_MSA_A3M_FILE=results/2026-06-09-combine-8models-gpu/predictions/T1137s4/colabfold/tmp_colabfold/T1137s4_qc_Check_CASP15_8FEF_D_residue_42-468_seq_1-547_coverage_0.703839.a3m SHARED_MSA_DIR=results/2026-06-09-combine-8models-gpu/predictions/T1137s4/colabfold/tmp_colabfold SHARED_MSA_METADATA_FILE=results/2026-06-09-combine-8models-gpu/metadata/prediction_manifest.csv bash runners/run_protenix_shared_msa.sh results/2026-06-09-combine-8models-gpu/sequences/T1137s4.fasta results/2026-06-09-combine-8models-gpu/predictions/T1137s4/protenix 1,,true,colabfold_mmseqs2,mmseqs2_uniref_env,colabfold,/data/chen/protein_folding_databases/colabfold,false,false,true,,results/2026-06-09-combine-8models-gpu/predictions/T1137s4/colabfold/tmp_colabfold,results/2026-06-09-combine-8models-gpu/predictions/T1137s4/colabfold/tmp_colabfold_msa_search/T1137s4_qc_Check_CASP15_8FEF_D_residue_42-468_seq_1-547_coverage_0.703839.a3m,536,runner CodeCarbon output: results/2026-06-09-combine-8models-gpu/predictions/T1137s4/protenix/carbon/T1137s4_protenix_inference_emissions.csv; Protenix reused the ColabFold A3M; MSA build time/carbon copied from the colabfold row.,,,,,,,642.5434986640466,10.718102375142008,0.02256442605293054,,,,,,true,offline,WORLD,world,constant,475.0,configurable_default_world_average,0.0021875885028740244,2.1875885028740245,0.0046054494797347885,16.67117311422117,116.30605485652008,70.0,0.0002454371244632119,0.0033304279421191296,0.0010295844131524468,104.92713865404949,,
T1137s5,8FEF,E,protenix,1,results/2026-06-09-combine-8models-gpu/predictions/T1137s5/protenix/rank_001.pdb,true,0,90.4783271739725,90.4783271739725,1,,,,SHARED_MSA_A3M_FILE=results/2026-06-09-combine-8models-gpu/predictions/T1137s5/colabfold/tmp_colabfold/T1137s5_qc_Yes_CASP15_8FEF_E_residue_33-390_seq_1-390_coverage_0.917949.a3m SHARED_MSA_DIR=results/2026-06-09-combine-8models-gpu/predictions/T1137s5/colabfold/tmp_colabfold SHARED_MSA_METADATA_FILE=results/2026-06-09-combine-8models-gpu/metadata/prediction_manifest.csv bash runners/run_protenix_shared_msa.sh results/2026-06-09-combine-8models-gpu/sequences/T1137s5.fasta results/2026-06-09-combine-8models-gpu/predictions/T1137s5/protenix 1,,true,colabfold_mmseqs2,mmseqs2_uniref_env,colabfold,/data/chen/protein_folding_databases/colabfold,false,false,true,,results/2026-06-09-combine-8models-gpu/predictions/T1137s5/colabfold/tmp_colabfold,results/2026-06-09-combine-8models-gpu/predictions/T1137s5/colabfold/tmp_colabfold_msa_search/T1137s5_qc_Yes_CASP15_8FEF_E_residue_33-390_seq_1-390_coverage_0.917949.a3m,532,runner CodeCarbon output: results/2026-06-09-combine-8models-gpu/predictions/T1137s5/protenix/carbon/T1137s5_protenix_inference_emissions.csv; Protenix reused the ColabFold A3M; MSA build time/carbon copied from the colabfold row.,,,,,,,622.4783271739725,10.035210321648206,0.02112675857189096,,,,,,true,offline,WORLD,world,constant,475.0,configurable_default_world_average,0.0016109777516271878,1.6109777516271877,0.0033915321086888162,16.691325818531254,95.55525610609892,70.0,0.0002090827766215211,0.0023063476784104253,0.0008761016536568704,88.86107089102734,,
T1137s6,8FEF,F,protenix,1,results/2026-06-09-combine-8models-gpu/predictions/T1137s6/protenix/rank_001.pdb,true,0,105.4403601809172,105.4403601809172,1,,,,SHARED_MSA_A3M_FILE=results/2026-06-09-combine-8models-gpu/predictions/T1137s6/colabfold/tmp_colabfold/T1137s6_qc_Check_CASP15_8FEF_F_residue_1-399_seq_1-518_coverage_0.770270.a3m SHARED_MSA_DIR=results/2026-06-09-combine-8models-gpu/predictions/T1137s6/colabfold/tmp_colabfold SHARED_MSA_METADATA_FILE=results/2026-06-09-combine-8models-gpu/metadata/prediction_manifest.csv bash runners/run_protenix_shared_msa.sh results/2026-06-09-combine-8models-gpu/sequences/T1137s6.fasta results/2026-06-09-combine-8models-gpu/predictions/T1137s6/protenix 1,,true,colabfold_mmseqs2,mmseqs2_uniref_env,colabfold,/data/chen/protein_folding_databases/colabfold,false,false,true,,results/2026-06-09-combine-8models-gpu/predictions/T1137s6/colabfold/tmp_colabfold,results/2026-06-09-combine-8models-gpu/predictions/T1137s6/colabfold/tmp_colabfold_msa_search/T1137s6_qc_Check_CASP15_8FEF_F_residue_1-399_seq_1-518_coverage_0.770270.a3m,520,runner CodeCarbon output: results/2026-06-09-combine-8models-gpu/predictions/T1137s6/protenix/carbon/T1137s6_protenix_inference_emissions.csv; Protenix reused the ColabFold A3M; MSA build time/carbon copied from the colabfold row.,,,,,,,625.4403601809172,10.451238734303587,0.02200260786169176,,,,,,true,offline,WORLD,world,constant,475.0,configurable_default_world_average,0.0021393031488335826,2.1393031488335827,0.004503796102807543,16.63073191444662,114.94889769689352,70.0,0.000241904992503627,0.0032440345396702597,0.001017856570633659,103.81965022394434,,
T1137s7,8FEF,G,protenix,1,results/2026-06-09-combine-8models-gpu/predictions/T1137s7/protenix/rank_001.pdb,true,0,124.59804786799941,124.59804786799941,1,,,,SHARED_MSA_A3M_FILE=results/2026-06-09-combine-8models-gpu/predictions/T1137s7/colabfold/tmp_colabfold/T1137s7_qc_Check_CASP15_8FEF_G_residue_2-325_seq_1-653_coverage_0.457887.a3m SHARED_MSA_DIR=results/2026-06-09-combine-8models-gpu/predictions/T1137s7/colabfold/tmp_colabfold SHARED_MSA_METADATA_FILE=results/2026-06-09-combine-8models-gpu/metadata/prediction_manifest.csv bash runners/run_protenix_shared_msa.sh results/2026-06-09-combine-8models-gpu/sequences/T1137s7.fasta results/2026-06-09-combine-8models-gpu/predictions/T1137s7/protenix 1,,true,colabfold_mmseqs2,mmseqs2_uniref_env,colabfold,/data/chen/protein_folding_databases/colabfold,false,false,true,,results/2026-06-09-combine-8models-gpu/predictions/T1137s7/colabfold/tmp_colabfold,results/2026-06-09-combine-8models-gpu/predictions/T1137s7/colabfold/tmp_colabfold_msa_search/T1137s7_qc_Check_CASP15_8FEF_G_residue_2-325_seq_1-653_coverage_0.457887.a3m,760,runner CodeCarbon output: results/2026-06-09-combine-8models-gpu/predictions/T1137s7/protenix/carbon/T1137s7_protenix_inference_emissions.csv; Protenix reused the ColabFold A3M; MSA build time/carbon copied from the colabfold row.,,,,,,,884.5980478679994,14.336736329154256,0.030182602798219486,,,,,,true,offline,WORLD,world,constant,475.0,configurable_default_world_average,0.0028017754511517855,2.8017754511517854,0.005898474634003759,16.647149672256162,131.26489446085287,70.0,0.00028624451380222484,0.004409833250086148,0.001202396870115384,122.98716057301499,,
T1137s8,8FEF,I,protenix,1,results/2026-06-09-combine-8models-gpu/predictions/T1137s8/protenix/rank_001.pdb,true,0,84.84409228491131,84.84409228491131,1,,,,SHARED_MSA_A3M_FILE=results/2026-06-09-combine-8models-gpu/predictions/T1137s8/colabfold/tmp_colabfold/T1137s8_qc_Yes_CASP15_8FEF_I_residue_14-266_seq_1-266_coverage_0.951128.a3m SHARED_MSA_DIR=results/2026-06-09-combine-8models-gpu/predictions/T1137s8/colabfold/tmp_colabfold SHARED_MSA_METADATA_FILE=results/2026-06-09-combine-8models-gpu/metadata/prediction_manifest.csv bash runners/run_protenix_shared_msa.sh results/2026-06-09-combine-8models-gpu/sequences/T1137s8.fasta results/2026-06-09-combine-8models-gpu/predictions/T1137s8/protenix 1,,true,colabfold_mmseqs2,mmseqs2_uniref_env,colabfold,/data/chen/protein_folding_databases/colabfold,false,false,true,,results/2026-06-09-combine-8models-gpu/predictions/T1137s8/colabfold/tmp_colabfold,results/2026-06-09-combine-8models-gpu/predictions/T1137s8/colabfold/tmp_colabfold_msa_search/T1137s8_qc_Yes_CASP15_8FEF_I_residue_14-266_seq_1-266_coverage_0.951128.a3m,507,runner CodeCarbon output: results/2026-06-09-combine-8models-gpu/predictions/T1137s8/protenix/carbon/T1137s8_protenix_inference_emissions.csv; Protenix reused the ColabFold A3M; MSA build time/carbon copied from the colabfold row.,,,,,,,591.8440922849113,9.398149077550412,0.01978557700536929,,,,,,true,offline,WORLD,world,constant,475.0,configurable_default_world_average,0.0013821836199096097,1.3821836199096096,0.0029098602524412834,16.692406974777448,84.36512377036695,70.0,0.00019218883693038473,0.0019116779182297705,0.0008059934972811285,83.22710579202976,,
T1137s9,8FEF,J,protenix,1,results/2026-06-09-combine-8models-gpu/predictions/T1137s9/protenix/rank_001.pdb,true,0,85.1377299069427,85.1377299069427,1,,,,SHARED_MSA_A3M_FILE=results/2026-06-09-combine-8models-gpu/predictions/T1137s9/colabfold/tmp_colabfold/T1137s9_qc_Yes_CASP15_8FEF_J_residue_27-289_seq_1-289_coverage_0.910035.a3m SHARED_MSA_DIR=results/2026-06-09-combine-8models-gpu/predictions/T1137s9/colabfold/tmp_colabfold SHARED_MSA_METADATA_FILE=results/2026-06-09-combine-8models-gpu/metadata/prediction_manifest.csv bash runners/run_protenix_shared_msa.sh results/2026-06-09-combine-8models-gpu/sequences/T1137s9.fasta results/2026-06-09-combine-8models-gpu/predictions/T1137s9/protenix 1,,true,colabfold_mmseqs2,mmseqs2_uniref_env,colabfold,/data/chen/protein_folding_databases/colabfold,false,false,true,,results/2026-06-09-combine-8models-gpu/predictions/T1137s9/colabfold/tmp_colabfold,results/2026-06-09-combine-8models-gpu/predictions/T1137s9/colabfold/tmp_colabfold_msa_search/T1137s9_qc_Yes_CASP15_8FEF_J_residue_27-289_seq_1-289_coverage_0.910035.a3m,505,runner CodeCarbon output: results/2026-06-09-combine-8models-gpu/predictions/T1137s9/protenix/carbon/T1137s9_protenix_inference_emissions.csv; Protenix reused the ColabFold A3M; MSA build time/carbon copied from the colabfold row.,,,,,,,590.1377299069427,9.295975916872862,0.019570475614469184,,,,,,true,offline,WORLD,world,constant,475.0,configurable_default_world_average,0.0014107489858280807,1.4107489858280806,0.0029699978649012225,16.665545699268296,86.1769738292932,70.0,0.00019323079276259,0.0019653429611610207,0.0008114241109776133,83.51049235695973,,
T1145,7UWW,A,protenix,1,results/2026-06-09-combine-8models-gpu/predictions/T1145/protenix/rank_001.pdb,true,0,117.25000947504304,117.25000947504304,1,,,,SHARED_MSA_A3M_FILE=results/2026-06-09-combine-8models-gpu/predictions/T1145/colabfold/tmp_colabfold/T1145_qc_Check_CASP15_7UWW_A_residue_34-665_seq_1-635_coverage_0.995276.a3m SHARED_MSA_DIR=results/2026-06-09-combine-8models-gpu/predictions/T1145/colabfold/tmp_colabfold SHARED_MSA_METADATA_FILE=results/2026-06-09-combine-8models-gpu/metadata/prediction_manifest.csv bash runners/run_protenix_shared_msa.sh results/2026-06-09-combine-8models-gpu/sequences/T1145.fasta results/2026-06-09-combine-8models-gpu/predictions/T1145/protenix 1,,true,colabfold_mmseqs2,mmseqs2_uniref_env,colabfold,/data/chen/protein_folding_databases/colabfold,false,false,true,,results/2026-06-09-combine-8models-gpu/predictions/T1145/colabfold/tmp_colabfold,results/2026-06-09-combine-8models-gpu/predictions/T1145/colabfold/tmp_colabfold_msa_search/T1145_qc_Check_CASP15_7UWW_A_residue_34-665_seq_1-635_coverage_0.995276.a3m,533,runner CodeCarbon output: results/2026-06-09-combine-8models-gpu/predictions/T1145/protenix/carbon/T1145_protenix_inference_emissions.csv; Protenix reused the ColabFold A3M; MSA build time/carbon copied from the colabfold row.,,,,,,,650.250009475043,11.060692359814668,0.02328566812592562,,,,,,true,offline,WORLD,world,constant,475.0,configurable_default_world_average,0.002550150564536761,2.550150564536761,0.005368738030603707,16.621249048871746,124.70638456693207,70.0,0.00026817463177254735,0.003971521788326271,0.0011290416105048896,115.63113676791545,,
T1147,8EM5,A,protenix,1,results/2026-06-09-combine-8models-gpu/predictions/T1147/protenix/rank_001.pdb,true,0,81.72204845701344,81.72204845701344,1,,,,SHARED_MSA_A3M_FILE=results/2026-06-09-combine-8models-gpu/predictions/T1147/colabfold/tmp_colabfold/T1147_qc_Check_CASP15_8EM5_A_residue_12-103_seq_1-103_coverage_0.893204.a3m SHARED_MSA_DIR=results/2026-06-09-combine-8models-gpu/predictions/T1147/colabfold/tmp_colabfold SHARED_MSA_METADATA_FILE=results/2026-06-09-combine-8models-gpu/metadata/prediction_manifest.csv bash runners/run_protenix_shared_msa.sh results/2026-06-09-combine-8models-gpu/sequences/T1147.fasta results/2026-06-09-combine-8models-gpu/predictions/T1147/protenix 1,,true,colabfold_mmseqs2,mmseqs2_uniref_env,colabfold,/data/chen/protein_folding_databases/colabfold,false,false,true,,results/2026-06-09-combine-8models-gpu/predictions/T1147/colabfold/tmp_colabfold,results/2026-06-09-combine-8models-gpu/predictions/T1147/colabfold/tmp_colabfold_msa_search/T1147_qc_Check_CASP15_8EM5_A_residue_12-103_seq_1-103_coverage_0.893204.a3m,505,runner CodeCarbon output: results/2026-06-09-combine-8models-gpu/predictions/T1147/protenix/carbon/T1147_protenix_inference_emissions.csv; Protenix reused the ColabFold A3M; MSA build time/carbon copied from the colabfold row.,,,,,,,586.7220484570134,9.10538539842598,0.019169232417738907,,,,,,true,offline,WORLD,world,constant,475.0,configurable_default_world_average,0.0012262348553578942,1.2262348553578941,0.002581547063911356,16.69632724587343,74.48810604227653,70.0,0.00018474045982100145,0.0016219360197688992,0.0007748705843214537,80.1056857079966,,
T1151s2,8D5V,A,protenix,1,results/2026-06-09-combine-8models-gpu/predictions/T1151s2/protenix/rank_001.pdb,true,0,80.53788404993247,80.53788404993247,1,,,,SHARED_MSA_A3M_FILE=results/2026-06-09-combine-8models-gpu/predictions/T1151s2/colabfold/tmp_colabfold/T1151s2_qc_Check_CASP15_8D5V_A_residue_8-91_seq_1-116_coverage_0.724138.a3m SHARED_MSA_DIR=results/2026-06-09-combine-8models-gpu/predictions/T1151s2/colabfold/tmp_colabfold SHARED_MSA_METADATA_FILE=results/2026-06-09-combine-8models-gpu/metadata/prediction_manifest.csv bash runners/run_protenix_shared_msa.sh results/2026-06-09-combine-8models-gpu/sequences/T1151s2.fasta results/2026-06-09-combine-8models-gpu/predictions/T1151s2/protenix 1,,true,colabfold_mmseqs2,mmseqs2_uniref_env,colabfold,/data/chen/protein_folding_databases/colabfold,false,false,true,,results/2026-06-09-combine-8models-gpu/predictions/T1151s2/colabfold/tmp_colabfold,results/2026-06-09-combine-8models-gpu/predictions/T1151s2/colabfold/tmp_colabfold_msa_search/T1151s2_qc_Check_CASP15_8D5V_A_residue_8-91_seq_1-116_coverage_0.724138.a3m,505,runner CodeCarbon output: results/2026-06-09-combine-8models-gpu/predictions/T1151s2/protenix/carbon/T1151s2_protenix_inference_emissions.csv; Protenix reused the ColabFold A3M; MSA build time/carbon copied from the colabfold row.,,,,,,,585.5378840499325,9.094706957935095,0.019146751490389673,,,,,,true,offline,WORLD,world,constant,475.0,configurable_default_world_average,0.0012312573681551352,1.2312573681551353,0.002592120775063443,16.491731446173088,75.87407376383076,70.0,0.00018261917277178572,0.0016278432467178305,0.0007816583555738258,78.91676257993095,,
T1155,8PBV,A,protenix,1,results/2026-06-09-combine-8models-gpu/predictions/T1155/protenix/rank_001.pdb,true,0,81.29008776694536,81.29008776694536,1,,,,SHARED_MSA_A3M_FILE=results/2026-06-09-combine-8models-gpu/predictions/T1155/colabfold/tmp_colabfold/T1155_qc_Yes_CASP15_8PBV_A_residue_1-116_seq_1-116_coverage_1.000000.a3m SHARED_MSA_DIR=results/2026-06-09-combine-8models-gpu/predictions/T1155/colabfold/tmp_colabfold SHARED_MSA_METADATA_FILE=results/2026-06-09-combine-8models-gpu/metadata/prediction_manifest.csv bash runners/run_protenix_shared_msa.sh results/2026-06-09-combine-8models-gpu/sequences/T1155.fasta results/2026-06-09-combine-8models-gpu/predictions/T1155/protenix 1,,true,colabfold_mmseqs2,mmseqs2_uniref_env,colabfold,/data/chen/protein_folding_databases/colabfold,false,false,true,,results/2026-06-09-combine-8models-gpu/predictions/T1155/colabfold/tmp_colabfold,results/2026-06-09-combine-8models-gpu/predictions/T1155/colabfold/tmp_colabfold_msa_search/T1155_qc_Yes_CASP15_8PBV_A_residue_1-116_seq_1-116_coverage_1.000000.a3m,501,runner CodeCarbon output: results/2026-06-09-combine-8models-gpu/predictions/T1155/protenix/carbon/T1155_protenix_inference_emissions.csv; Protenix reused the ColabFold A3M; MSA build time/carbon copied from the colabfold row.,,,,,,,582.2900877669454,9.032750930593757,0.019016317748618436,,,,,,true,offline,WORLD,world,constant,475.0,configurable_default_world_average,0.0012298050784623703,1.2298050784623704,0.0025890633230786744,16.464236041765833,74.75952333040975,70.0,0.00018444087575131008,0.0016187674061236557,0.0007858550412037102,79.67161445203237,,
T1157s2,8PKO,B,protenix,1,results/2026-06-09-combine-8models-gpu/predictions/T1157s2/protenix/rank_001.pdb,true,0,102.46944003901444,102.46944003901444,1,,,,SHARED_MSA_A3M_FILE=results/2026-06-09-combine-8models-gpu/predictions/T1157s2/colabfold/tmp_colabfold/T1157s2_qc_Yes_CASP15_8PKO_B_residue_21-484_seq_1-495_coverage_0.937374.a3m SHARED_MSA_DIR=results/2026-06-09-combine-8models-gpu/predictions/T1157s2/colabfold/tmp_colabfold SHARED_MSA_METADATA_FILE=results/2026-06-09-combine-8models-gpu/metadata/prediction_manifest.csv bash runners/run_protenix_shared_msa.sh results/2026-06-09-combine-8models-gpu/sequences/T1157s2.fasta results/2026-06-09-combine-8models-gpu/predictions/T1157s2/protenix 1,,true,colabfold_mmseqs2,mmseqs2_uniref_env,colabfold,/data/chen/protein_folding_databases/colabfold,false,false,true,,results/2026-06-09-combine-8models-gpu/predictions/T1157s2/colabfold/tmp_colabfold,results/2026-06-09-combine-8models-gpu/predictions/T1157s2/colabfold/tmp_colabfold_msa_search/T1157s2_qc_Yes_CASP15_8PKO_B_residue_21-484_seq_1-495_coverage_0.937374.a3m,574,runner CodeCarbon output: results/2026-06-09-combine-8models-gpu/predictions/T1157s2/protenix/carbon/T1157s2_protenix_inference_emissions.csv; Protenix reused the ColabFold A3M; MSA build time/carbon copied from the colabfold row.,,,,,,,676.4694400390144,11.009747324544426,0.02317841542009353,,,,,,true,offline,WORLD,world,constant,475.0,configurable_default_world_average,0.0020064735953165447,2.0064735953165447,0.004224154937508515,16.651283080327513,109.20115507444324,70.0,0.00023566848180668886,0.002998223509687481,0.0009902629460143441,100.84890117309988,,
T1159,7PZT,A,protenix,1,results/2026-06-09-combine-8models-gpu/predictions/T1159/protenix/rank_001.pdb,true,0,81.59585086605512,81.59585086605512,1,,,,SHARED_MSA_A3M_FILE=results/2026-06-09-combine-8models-gpu/predictions/T1159/colabfold/tmp_colabfold/T1159_qc_Check_CASP15_7PZT_A_residue_1-160_seq_1-160_coverage_1.000000.a3m SHARED_MSA_DIR=results/2026-06-09-combine-8models-gpu/predictions/T1159/colabfold/tmp_colabfold SHARED_MSA_METADATA_FILE=results/2026-06-09-combine-8models-gpu/metadata/prediction_manifest.csv bash runners/run_protenix_shared_msa.sh results/2026-06-09-combine-8models-gpu/sequences/T1159.fasta results/2026-06-09-combine-8models-gpu/predictions/T1159/protenix 1,,true,colabfold_mmseqs2,mmseqs2_uniref_env,colabfold,/data/chen/protein_folding_databases/colabfold,false,false,true,,results/2026-06-09-combine-8models-gpu/predictions/T1159/colabfold/tmp_colabfold,results/2026-06-09-combine-8models-gpu/predictions/T1159/colabfold/tmp_colabfold_msa_search/T1159_qc_Check_CASP15_7PZT_A_residue_1-160_seq_1-160_coverage_1.000000.a3m,505,runner CodeCarbon output: results/2026-06-09-combine-8models-gpu/predictions/T1159/protenix/carbon/T1159_protenix_inference_emissions.csv; Protenix reused the ColabFold A3M; MSA build time/carbon copied from the colabfold row.,,,,,,,586.5958508660551,9.153997402728034,0.01927157347942744,,,,,,true,offline,WORLD,world,constant,475.0,configurable_default_world_average,0.001255890291824664,1.255890291824664,0.0026439795617361345,16.492011544110767,76.59308429489509,70.0,0.00018467317844871,0.0016677105008335857,0.0007915958824538392,79.97846680204384,,
T1183,8IFX,B,protenix,1,results/2026-06-09-combine-8models-gpu/predictions/T1183/protenix/rank_001.pdb,true,0,81.8270315049449,81.8270315049449,1,,,,SHARED_MSA_A3M_FILE=results/2026-06-09-combine-8models-gpu/predictions/T1183/colabfold/tmp_colabfold/T1183_qc_Yes_CASP15_8IFX_B_residue_1-195_seq_1-200_coverage_0.975000.a3m SHARED_MSA_DIR=results/2026-06-09-combine-8models-gpu/predictions/T1183/colabfold/tmp_colabfold SHARED_MSA_METADATA_FILE=results/2026-06-09-combine-8models-gpu/metadata/prediction_manifest.csv bash runners/run_protenix_shared_msa.sh results/2026-06-09-combine-8models-gpu/sequences/T1183.fasta results/2026-06-09-combine-8models-gpu/predictions/T1183/protenix 1,,true,colabfold_mmseqs2,mmseqs2_uniref_env,colabfold,/data/chen/protein_folding_databases/colabfold,false,false,true,,results/2026-06-09-combine-8models-gpu/predictions/T1183/colabfold/tmp_colabfold,results/2026-06-09-combine-8models-gpu/predictions/T1183/colabfold/tmp_colabfold_msa_search/T1183_qc_Yes_CASP15_8IFX_B_residue_1-195_seq_1-200_coverage_0.975000.a3m,521,runner CodeCarbon output: results/2026-06-09-combine-8models-gpu/predictions/T1183/protenix/carbon/T1183_protenix_inference_emissions.csv; Protenix reused the ColabFold A3M; MSA build time/carbon copied from the colabfold row.,,,,,,,602.8270315049449,9.396719266341082,0.01978256687650754,,,,,,true,offline,WORLD,world,constant,475.0,configurable_default_world_average,0.0012656022156519956,1.2656022156519957,0.0026644257171620964,16.700513110927222,78.14152503760252,70.0,0.0001850624506626247,0.0017033171959863758,0.0007760460705130953,80.12923483399209,,
T1185s1,8OUY,A,protenix,1,results/2026-06-09-combine-8models-gpu/predictions/T1185s1/protenix/rank_001.pdb,true,0,88.3897415389074,88.3897415389074,1,,,,SHARED_MSA_A3M_FILE=results/2026-06-09-combine-8models-gpu/predictions/T1185s1/colabfold/tmp_colabfold/T1185s1_qc_Check_CASP15_8OUY_A_residue_4-73_seq_1-350_coverage_0.200000.a3m SHARED_MSA_DIR=results/2026-06-09-combine-8models-gpu/predictions/T1185s1/colabfold/tmp_colabfold SHARED_MSA_METADATA_FILE=results/2026-06-09-combine-8models-gpu/metadata/prediction_manifest.csv bash runners/run_protenix_shared_msa.sh results/2026-06-09-combine-8models-gpu/sequences/T1185s1.fasta results/2026-06-09-combine-8models-gpu/predictions/T1185s1/protenix 1,,true,colabfold_mmseqs2,mmseqs2_uniref_env,colabfold,/data/chen/protein_folding_databases/colabfold,false,false,true,,results/2026-06-09-combine-8models-gpu/predictions/T1185s1/colabfold/tmp_colabfold,results/2026-06-09-combine-8models-gpu/predictions/T1185s1/colabfold/tmp_colabfold_msa_search/T1185s1_qc_Check_CASP15_8OUY_A_residue_4-73_seq_1-350_coverage_0.200000.a3m,534,runner CodeCarbon output: results/2026-06-09-combine-8models-gpu/predictions/T1185s1/protenix/carbon/T1185s1_protenix_inference_emissions.csv; Protenix reused the ColabFold A3M; MSA build time/carbon copied from the colabfold row.,,,,,,,622.3897415389074,9.904273297892887,0.020851101679774497,,,,,,true,offline,WORLD,world,constant,475.0,configurable_default_world_average,0.0015153472843210754,1.5153472843210753,0.0031902048090970006,16.662299782962215,90.23479186247373,70.0,0.00020361012474771643,0.002131363371756123,0.0008552313125931604,86.77460135798901,,
T1185s2,8OUY,B,protenix,1,results/2026-06-09-combine-8models-gpu/predictions/T1185s2/protenix/rank_001.pdb,true,0,89.11400939396117,89.11400939396117,1,,,,SHARED_MSA_A3M_FILE=results/2026-06-09-combine-8models-gpu/predictions/T1185s2/colabfold/tmp_colabfold/T1185s2_qc_Yes_CASP15_8OUY_B_residue_10-349_seq_1-376_coverage_0.832447.a3m SHARED_MSA_DIR=results/2026-06-09-combine-8models-gpu/predictions/T1185s2/colabfold/tmp_colabfold SHARED_MSA_METADATA_FILE=results/2026-06-09-combine-8models-gpu/metadata/prediction_manifest.csv bash runners/run_protenix_shared_msa.sh results/2026-06-09-combine-8models-gpu/sequences/T1185s2.fasta results/2026-06-09-combine-8models-gpu/predictions/T1185s2/protenix 1,,true,colabfold_mmseqs2,mmseqs2_uniref_env,colabfold,/data/chen/protein_folding_databases/colabfold,false,false,true,,results/2026-06-09-combine-8models-gpu/predictions/T1185s2/colabfold/tmp_colabfold,results/2026-06-09-combine-8models-gpu/predictions/T1185s2/colabfold/tmp_colabfold_msa_search/T1185s2_qc_Yes_CASP15_8OUY_B_residue_10-349_seq_1-376_coverage_0.832447.a3m,539,runner CodeCarbon output: results/2026-06-09-combine-8models-gpu/predictions/T1185s2/protenix/carbon/T1185s2_protenix_inference_emissions.csv; Protenix reused the ColabFold A3M; MSA build time/carbon copied from the colabfold row.,,,,,,,628.1140093939612,10.061091746945452,0.02118124578304306,,,,,,true,offline,WORLD,world,constant,475.0,configurable_default_world_average,0.001552863765186373,1.552863765186373,0.003269186874076575,16.67225493948839,93.01191627292557,70.0,0.0002023684568999645,0.002217379551680221,0.0008494388654963889,87.49114873202052,,
T1185s4,8OUY,D,protenix,1,results/2026-06-09-combine-8models-gpu/predictions/T1185s4/protenix/rank_001.pdb,true,0,83.4260421450017,83.4260421450017,1,,,,SHARED_MSA_A3M_FILE=results/2026-06-09-combine-8models-gpu/predictions/T1185s4/colabfold/tmp_colabfold/T1185s4_qc_Yes_CASP15_8OUY_D_residue_20-280_seq_1-280_coverage_0.838710.a3m SHARED_MSA_DIR=results/2026-06-09-combine-8models-gpu/predictions/T1185s4/colabfold/tmp_colabfold SHARED_MSA_METADATA_FILE=results/2026-06-09-combine-8models-gpu/metadata/prediction_manifest.csv bash runners/run_protenix_shared_msa.sh results/2026-06-09-combine-8models-gpu/sequences/T1185s4.fasta results/2026-06-09-combine-8models-gpu/predictions/T1185s4/protenix 1,,true,colabfold_mmseqs2,mmseqs2_uniref_env,colabfold,/data/chen/protein_folding_databases/colabfold,false,false,true,,results/2026-06-09-combine-8models-gpu/predictions/T1185s4/colabfold/tmp_colabfold,results/2026-06-09-combine-8models-gpu/predictions/T1185s4/colabfold/tmp_colabfold_msa_search/T1185s4_qc_Yes_CASP15_8OUY_D_residue_20-280_seq_1-280_coverage_0.838710.a3m,526,runner CodeCarbon output: results/2026-06-09-combine-8models-gpu/predictions/T1185s4/protenix/carbon/T1185s4_protenix_inference_emissions.csv; Protenix reused the ColabFold A3M; MSA build time/carbon copied from the colabfold row.,,,,,,,609.4260421450017,9.644588317375177,0.02030439645763195,,,,,,true,offline,WORLD,world,constant,475.0,configurable_default_world_average,0.0013582739555178674,1.3582739555178673,0.0028595241168797208,16.677120091194457,84.09123166189072,70.0,0.0001919884113329946,0.0018617853783147176,0.0008057503272320092,81.72487701498903,,
T1194,8OKH,A,protenix,1,results/2026-06-09-combine-8models-gpu/predictions/T1194/protenix/rank_001.pdb,true,0,83.03511042299215,83.03511042299215,1,,,,SHARED_MSA_A3M_FILE=results/2026-06-09-combine-8models-gpu/predictions/T1194/colabfold/tmp_colabfold/T1194_qc_Check_CASP15_8OKH_A_residue_22-185_seq_1-168_coverage_0.982036.a3m SHARED_MSA_DIR=results/2026-06-09-combine-8models-gpu/predictions/T1194/colabfold/tmp_colabfold SHARED_MSA_METADATA_FILE=results/2026-06-09-combine-8models-gpu/metadata/prediction_manifest.csv bash runners/run_protenix_shared_msa.sh results/2026-06-09-combine-8models-gpu/sequences/T1194.fasta results/2026-06-09-combine-8models-gpu/predictions/T1194/protenix 1,,true,colabfold_mmseqs2,mmseqs2_uniref_env,colabfold,/data/chen/protein_folding_databases/colabfold,false,false,true,,results/2026-06-09-combine-8models-gpu/predictions/T1194/colabfold/tmp_colabfold,results/2026-06-09-combine-8models-gpu/predictions/T1194/colabfold/tmp_colabfold_msa_search/T1194_qc_Check_CASP15_8OKH_A_residue_22-185_seq_1-168_coverage_0.982036.a3m,509,runner CodeCarbon output: results/2026-06-09-combine-8models-gpu/predictions/T1194/protenix/carbon/T1194_protenix_inference_emissions.csv; Protenix reused the ColabFold A3M; MSA build time/carbon copied from the colabfold row.,,,,,,,592.0351104229921,9.253785641369205,0.019481653981829907,,,,,,true,offline,WORLD,world,constant,475.0,configurable_default_world_average,0.0012740391489129469,1.2740391489129468,0.002682187681921993,16.67354123325001,76.79641057398568,70.0,0.00018795938923281592,0.0017053146975838374,0.0007889135951053404,81.34400291799102,,
T1212,9B0L,P,protenix,1,results/2026-06-09-combine-8models-gpu/predictions/T1212/protenix/rank_001.pdb,true,0,98.14422930998262,98.14422930998262,1,,,,SHARED_MSA_A3M_FILE=results/2026-06-09-combine-8models-gpu/predictions/T1212/colabfold/tmp_colabfold/T1212_qc_Check_CASP16_9B0L_P_residue_53-518_seq_1-466_coverage_1.000000.a3m SHARED_MSA_DIR=results/2026-06-09-combine-8models-gpu/predictions/T1212/colabfold/tmp_colabfold SHARED_MSA_METADATA_FILE=results/2026-06-09-combine-8models-gpu/metadata/prediction_manifest.csv bash runners/run_protenix_shared_msa.sh results/2026-06-09-combine-8models-gpu/sequences/T1212.fasta results/2026-06-09-combine-8models-gpu/predictions/T1212/protenix 1,,true,colabfold_mmseqs2,mmseqs2_uniref_env,colabfold,/data/chen/protein_folding_databases/colabfold,false,false,true,,results/2026-06-09-combine-8models-gpu/predictions/T1212/colabfold/tmp_colabfold,results/2026-06-09-combine-8models-gpu/predictions/T1212/colabfold/tmp_colabfold_msa_search/T1212_qc_Check_CASP16_9B0L_P_residue_53-518_seq_1-466_coverage_1.000000.a3m,531,runner CodeCarbon output: results/2026-06-09-combine-8models-gpu/predictions/T1212/protenix/carbon/T1212_protenix_inference_emissions.csv; Protenix reused the ColabFold A3M; MSA build time/carbon copied from the colabfold row.,,,,,,,629.1442293099826,10.296760460358584,0.021677390442860177,,,,,,true,offline,WORLD,world,constant,475.0,configurable_default_world_average,0.001861122403138871,1.8611224031388711,0.003918152427660781,16.643964666710538,104.64482689584749,70.0,0.0002226752045390653,0.0027592169295931335,0.0009362602935285798,96.52741337101907,,
T1227s1,9N8W,A,protenix,1,results/2026-06-09-combine-8models-gpu/predictions/T1227s1/protenix/rank_001.pdb,true,0,92.56986814702395,92.56986814702395,1,,,,SHARED_MSA_A3M_FILE=results/2026-06-09-combine-8models-gpu/predictions/T1227s1/colabfold/tmp_colabfold/T1227s1_qc_Yes_CASP16_9N8W_A_residue_27-418_seq_1-427_coverage_0.918033.a3m SHARED_MSA_DIR=results/2026-06-09-combine-8models-gpu/predictions/T1227s1/colabfold/tmp_colabfold SHARED_MSA_METADATA_FILE=results/2026-06-09-combine-8models-gpu/metadata/prediction_manifest.csv bash runners/run_protenix_shared_msa.sh results/2026-06-09-combine-8models-gpu/sequences/T1227s1.fasta results/2026-06-09-combine-8models-gpu/predictions/T1227s1/protenix 1,,true,colabfold_mmseqs2,mmseqs2_uniref_env,colabfold,/data/chen/protein_folding_databases/colabfold,false,false,true,,results/2026-06-09-combine-8models-gpu/predictions/T1227s1/colabfold/tmp_colabfold,results/2026-06-09-combine-8models-gpu/predictions/T1227s1/colabfold/tmp_colabfold_msa_search/T1227s1_qc_Yes_CASP16_9N8W_A_residue_27-418_seq_1-427_coverage_0.918033.a3m,508,runner CodeCarbon output: results/2026-06-09-combine-8models-gpu/predictions/T1227s1/protenix/carbon/T1227s1_protenix_inference_emissions.csv; Protenix reused the ColabFold A3M; MSA build time/carbon copied from the colabfold row.,,,,,,,600.569868147024,9.842059662951188,0.020720125606213027,,,,,,true,offline,WORLD,world,constant,475.0,configurable_default_world_average,0.0017030522865272854,1.7030522865272855,0.0035853732347942853,16.691891522900015,100.03081559199555,70.0,0.00021390246066506024,0.002475418091444581,0.000896052682684644,90.94170143792871,,
T1266,8QFB,A,protenix,1,results/2026-06-09-combine-8models-gpu/predictions/T1266/protenix/rank_001.pdb,true,0,87.28069665294606,87.28069665294606,1,,,,SHARED_MSA_A3M_FILE=results/2026-06-09-combine-8models-gpu/predictions/T1266/colabfold/tmp_colabfold/T1266_qc_Check_CASP16_8QFB_A_residue_563-860_seq_1-336_coverage_0.886905.a3m SHARED_MSA_DIR=results/2026-06-09-combine-8models-gpu/predictions/T1266/colabfold/tmp_colabfold SHARED_MSA_METADATA_FILE=results/2026-06-09-combine-8models-gpu/metadata/prediction_manifest.csv bash runners/run_protenix_shared_msa.sh results/2026-06-09-combine-8models-gpu/sequences/T1266.fasta results/2026-06-09-combine-8models-gpu/predictions/T1266/protenix 1,,true,colabfold_mmseqs2,mmseqs2_uniref_env,colabfold,/data/chen/protein_folding_databases/colabfold,false,false,true,,results/2026-06-09-combine-8models-gpu/predictions/T1266/colabfold/tmp_colabfold,results/2026-06-09-combine-8models-gpu/predictions/T1266/colabfold/tmp_colabfold_msa_search/T1266_qc_Check_CASP16_8QFB_A_residue_563-860_seq_1-336_coverage_0.886905.a3m,539,runner CodeCarbon output: results/2026-06-09-combine-8models-gpu/predictions/T1266/protenix/carbon/T1266_protenix_inference_emissions.csv; Protenix reused the ColabFold A3M; MSA build time/carbon copied from the colabfold row.,,,,,,,626.2806966529461,9.980056771071332,0.02101064583383438,,,,,,true,offline,WORLD,world,constant,475.0,configurable_default_world_average,0.0014730732952924557,1.4730732952924557,0.0031012069374578015,16.465357557582358,88.38825685084169,70.0,0.00019775177080384496,0.002061169426712084,0.0008422857399418717,85.66621286899317,,
T1272s2,9C3C,a,protenix,1,results/2026-06-09-combine-8models-gpu/predictions/T1272s2/protenix/rank_001.pdb,true,0,88.02971630496904,88.02971630496904,1,,,,SHARED_MSA_A3M_FILE=results/2026-06-09-combine-8models-gpu/predictions/T1272s2/colabfold/tmp_colabfold/T1272s2_qc_Check_CASP16_9C3C_a_residue_25-350_seq_1-363_coverage_0.972393.a3m SHARED_MSA_DIR=results/2026-06-09-combine-8models-gpu/predictions/T1272s2/colabfold/tmp_colabfold SHARED_MSA_METADATA_FILE=results/2026-06-09-combine-8models-gpu/metadata/prediction_manifest.csv bash runners/run_protenix_shared_msa.sh results/2026-06-09-combine-8models-gpu/sequences/T1272s2.fasta results/2026-06-09-combine-8models-gpu/predictions/T1272s2/protenix 1,,true,colabfold_mmseqs2,mmseqs2_uniref_env,colabfold,/data/chen/protein_folding_databases/colabfold,false,false,true,,results/2026-06-09-combine-8models-gpu/predictions/T1272s2/colabfold/tmp_colabfold,results/2026-06-09-combine-8models-gpu/predictions/T1272s2/colabfold/tmp_colabfold_msa_search/T1272s2_qc_Check_CASP16_9C3C_a_residue_25-350_seq_1-363_coverage_0.972393.a3m,510,runner CodeCarbon output: results/2026-06-09-combine-8models-gpu/predictions/T1272s2/protenix/carbon/T1272s2_protenix_inference_emissions.csv; Protenix reused the ColabFold A3M; MSA build time/carbon copied from the colabfold row.,,,,,,,598.029716304969,9.605553570113042,0.020222218042343244,,,,,,true,offline,WORLD,world,constant,475.0,configurable_default_world_average,0.0015116650411497127,1.5116650411497128,0.0031824527182099218,16.65762359686766,91.13802260994649,70.0,0.00019950861220912897,0.002144800604726882,0.0008381435012739126,86.40913460194133,,
T1272s3,9C3C,b,protenix,1,results/2026-06-09-combine-8models-gpu/predictions/T1272s3/protenix/rank_001.pdb,true,0,86.9946009729756,86.9946009729756,1,,,,SHARED_MSA_A3M_FILE=results/2026-06-09-combine-8models-gpu/predictions/T1272s3/colabfold/tmp_colabfold/T1272s3_qc_Check_CASP16_9C3C_b_residue_57-318_seq_1-318_coverage_0.823899.a3m SHARED_MSA_DIR=results/2026-06-09-combine-8models-gpu/predictions/T1272s3/colabfold/tmp_colabfold SHARED_MSA_METADATA_FILE=results/2026-06-09-combine-8models-gpu/metadata/prediction_manifest.csv bash runners/run_protenix_shared_msa.sh results/2026-06-09-combine-8models-gpu/sequences/T1272s3.fasta results/2026-06-09-combine-8models-gpu/predictions/T1272s3/protenix 1,,true,colabfold_mmseqs2,mmseqs2_uniref_env,colabfold,/data/chen/protein_folding_databases/colabfold,false,false,true,,results/2026-06-09-combine-8models-gpu/predictions/T1272s3/colabfold/tmp_colabfold,results/2026-06-09-combine-8models-gpu/predictions/T1272s3/colabfold/tmp_colabfold_msa_search/T1272s3_qc_Check_CASP16_9C3C_b_residue_57-318_seq_1-318_coverage_0.823899.a3m,502,runner CodeCarbon output: results/2026-06-09-combine-8models-gpu/predictions/T1272s3/protenix/carbon/T1272s3_protenix_inference_emissions.csv; Protenix reused the ColabFold A3M; MSA build time/carbon copied from the colabfold row.,,,,,,,588.9946009729756,9.423421387829542,0.019838781869114825,,,,,,true,offline,WORLD,world,constant,475.0,configurable_default_world_average,0.0014397309168517538,1.4397309168517538,0.003031012456530008,16.664288707098223,86.2194968269379,70.0,0.00019711257032539365,0.002006164660485421,0.000827735225719193,85.37519014894497,,
T1272s4,9C3C,d,protenix,1,results/2026-06-09-combine-8models-gpu/predictions/T1272s4/protenix/rank_001.pdb,true,0,83.404880492948,83.404880492948,1,,,,SHARED_MSA_A3M_FILE=results/2026-06-09-combine-8models-gpu/predictions/T1272s4/colabfold/tmp_colabfold/T1272s4_qc_Check_CASP16_9C3C_d_residue_21-289_seq_1-289_coverage_0.930796.a3m SHARED_MSA_DIR=results/2026-06-09-combine-8models-gpu/predictions/T1272s4/colabfold/tmp_colabfold SHARED_MSA_METADATA_FILE=results/2026-06-09-combine-8models-gpu/metadata/prediction_manifest.csv bash runners/run_protenix_shared_msa.sh results/2026-06-09-combine-8models-gpu/sequences/T1272s4.fasta results/2026-06-09-combine-8models-gpu/predictions/T1272s4/protenix 1,,true,colabfold_mmseqs2,mmseqs2_uniref_env,colabfold,/data/chen/protein_folding_databases/colabfold,false,false,true,,results/2026-06-09-combine-8models-gpu/predictions/T1272s4/colabfold/tmp_colabfold,results/2026-06-09-combine-8models-gpu/predictions/T1272s4/colabfold/tmp_colabfold_msa_search/T1272s4_qc_Check_CASP16_9C3C_d_residue_21-289_seq_1-289_coverage_0.930796.a3m,508,runner CodeCarbon output: results/2026-06-09-combine-8models-gpu/predictions/T1272s4/protenix/carbon/T1272s4_protenix_inference_emissions.csv; Protenix reused the ColabFold A3M; MSA build time/carbon copied from the colabfold row.,,,,,,,591.404880492948,9.369813338385148,0.019725922817652945,,,,,,true,offline,WORLD,world,constant,475.0,configurable_default_world_average,0.0013660290247376108,1.3660290247376108,0.00287585057839497,16.674606997888894,84.46921770958677,70.0,0.00019240562354349967,0.0018759565007644419,0.0008074884540870297,81.78454120294191,,
T1272s5,9C3C,g,protenix,1,results/2026-06-09-combine-8models-gpu/predictions/T1272s5/protenix/rank_001.pdb,true,0,85.25572486803867,85.25572486803867,1,,,,SHARED_MSA_A3M_FILE=results/2026-06-09-combine-8models-gpu/predictions/T1272s5/colabfold/tmp_colabfold/T1272s5_qc_Check_CASP16_9C3C_g_residue_28-291_seq_1-291_coverage_0.907216.a3m SHARED_MSA_DIR=results/2026-06-09-combine-8models-gpu/predictions/T1272s5/colabfold/tmp_colabfold SHARED_MSA_METADATA_FILE=results/2026-06-09-combine-8models-gpu/metadata/prediction_manifest.csv bash runners/run_protenix_shared_msa.sh results/2026-06-09-combine-8models-gpu/sequences/T1272s5.fasta results/2026-06-09-combine-8models-gpu/predictions/T1272s5/protenix 1,,true,colabfold_mmseqs2,mmseqs2_uniref_env,colabfold,/data/chen/protein_folding_databases/colabfold,false,false,true,,results/2026-06-09-combine-8models-gpu/predictions/T1272s5/colabfold/tmp_colabfold,results/2026-06-09-combine-8models-gpu/predictions/T1272s5/colabfold/tmp_colabfold_msa_search/T1272s5_qc_Check_CASP16_9C3C_g_residue_28-291_seq_1-291_coverage_0.907216.a3m,510,runner CodeCarbon output: results/2026-06-09-combine-8models-gpu/predictions/T1272s5/protenix/carbon/T1272s5_protenix_inference_emissions.csv; Protenix reused the ColabFold A3M; MSA build time/carbon copied from the colabfold row.,,,,,,,595.2557248680387,9.45939465516817,0.019914515063511936,,,,,,true,offline,WORLD,world,constant,475.0,configurable_default_world_average,0.0013965865399737502,1.3965865399737503,0.0029401821894184214,16.45618039734941,85.19280088906724,70.0,0.000193365704439248,0.0019236254277870124,0.0008231910571921616,83.63196544407401,,
T1272s6,9C3C,A,protenix,1,results/2026-06-09-combine-8models-gpu/predictions/T1272s6/protenix/rank_001.pdb,true,0,116.41430995799601,116.41430995799601,1,,,,SHARED_MSA_A3M_FILE=results/2026-06-09-combine-8models-gpu/predictions/T1272s6/colabfold/tmp_colabfold/T1272s6_qc_Check_CASP16_9C3C_A_residue_63-653_seq_1-624_coverage_0.641026.a3m SHARED_MSA_DIR=results/2026-06-09-combine-8models-gpu/predictions/T1272s6/colabfold/tmp_colabfold SHARED_MSA_METADATA_FILE=results/2026-06-09-combine-8models-gpu/metadata/prediction_manifest.csv bash runners/run_protenix_shared_msa.sh results/2026-06-09-combine-8models-gpu/sequences/T1272s6.fasta results/2026-06-09-combine-8models-gpu/predictions/T1272s6/protenix 1,,true,colabfold_mmseqs2,mmseqs2_uniref_env,colabfold,/data/chen/protein_folding_databases/colabfold,false,false,true,,results/2026-06-09-combine-8models-gpu/predictions/T1272s6/colabfold/tmp_colabfold,results/2026-06-09-combine-8models-gpu/predictions/T1272s6/colabfold/tmp_colabfold_msa_search/T1272s6_qc_Check_CASP16_9C3C_A_residue_63-653_seq_1-624_coverage_0.641026.a3m,554,runner CodeCarbon output: results/2026-06-09-combine-8models-gpu/predictions/T1272s6/protenix/carbon/T1272s6_protenix_inference_emissions.csv; Protenix reused the ColabFold A3M; MSA build time/carbon copied from the colabfold row.,,,,,,,670.414309957996,11.298125753103381,0.023785527901270274,,,,,,true,offline,WORLD,world,constant,475.0,configurable_default_world_average,0.002534585188889641,2.534585188889641,0.005335968818715034,16.61713631064475,126.15724023099932,70.0,0.0002663922979674028,0.003947711769278328,0.0011218647514693056,114.76170098199509,,
T1272s7,9C3C,B,protenix,1,results/2026-06-09-combine-8models-gpu/predictions/T1272s7/protenix/rank_001.pdb,true,0,84.40618981304578,84.40618981304578,1,,,,SHARED_MSA_A3M_FILE=results/2026-06-09-combine-8models-gpu/predictions/T1272s7/colabfold/tmp_colabfold/T1272s7_qc_No_CASP16_9C3C_B_residue_654-798_seq_1-242_coverage_1.000000.a3m SHARED_MSA_DIR=results/2026-06-09-combine-8models-gpu/predictions/T1272s7/colabfold/tmp_colabfold SHARED_MSA_METADATA_FILE=results/2026-06-09-combine-8models-gpu/metadata/prediction_manifest.csv bash runners/run_protenix_shared_msa.sh results/2026-06-09-combine-8models-gpu/sequences/T1272s7.fasta results/2026-06-09-combine-8models-gpu/predictions/T1272s7/protenix 1,,true,colabfold_mmseqs2,mmseqs2_uniref_env,colabfold,/data/chen/protein_folding_databases/colabfold,false,false,true,,results/2026-06-09-combine-8models-gpu/predictions/T1272s7/colabfold/tmp_colabfold,results/2026-06-09-combine-8models-gpu/predictions/T1272s7/colabfold/tmp_colabfold_msa_search/T1272s7_qc_No_CASP16_9C3C_B_residue_654-798_seq_1-242_coverage_1.000000.a3m,512,runner CodeCarbon output: results/2026-06-09-combine-8models-gpu/predictions/T1272s7/protenix/carbon/T1272s7_protenix_inference_emissions.csv; Protenix reused the ColabFold A3M; MSA build time/carbon copied from the colabfold row.,,,,,,,596.4061898130458,9.384540373265974,0.01975692710161258,,,,,,true,offline,WORLD,world,constant,475.0,configurable_default_world_average,0.0013431341389658583,1.3431341389658582,0.002827650818875491,16.466456999085366,81.06525603066912,70.0,0.00019115617144102232,0.0018207750677290413,0.0008157195797054252,82.73956937796902,,
T1272s9,9C3C,n,protenix,1,results/2026-06-09-combine-8models-gpu/predictions/T1272s9/protenix/rank_001.pdb,true,0,83.81034135597292,83.81034135597292,1,,,,SHARED_MSA_A3M_FILE=results/2026-06-09-combine-8models-gpu/predictions/T1272s9/colabfold/tmp_colabfold/T1272s9_qc_Check_CASP16_9C3C_n_residue_42-216_seq_1-238_coverage_0.735294.a3m SHARED_MSA_DIR=results/2026-06-09-combine-8models-gpu/predictions/T1272s9/colabfold/tmp_colabfold SHARED_MSA_METADATA_FILE=results/2026-06-09-combine-8models-gpu/metadata/prediction_manifest.csv bash runners/run_protenix_shared_msa.sh results/2026-06-09-combine-8models-gpu/sequences/T1272s9.fasta results/2026-06-09-combine-8models-gpu/predictions/T1272s9/protenix 1,,true,colabfold_mmseqs2,mmseqs2_uniref_env,colabfold,/data/chen/protein_folding_databases/colabfold,false,false,true,,results/2026-06-09-combine-8models-gpu/predictions/T1272s9/colabfold/tmp_colabfold,results/2026-06-09-combine-8models-gpu/predictions/T1272s9/colabfold/tmp_colabfold_msa_search/T1272s9_qc_Check_CASP16_9C3C_n_residue_42-216_seq_1-238_coverage_0.735294.a3m,507,runner CodeCarbon output: results/2026-06-09-combine-8models-gpu/predictions/T1272s9/protenix/carbon/T1272s9_protenix_inference_emissions.csv; Protenix reused the ColabFold A3M; MSA build time/carbon copied from the colabfold row.,,,,,,,590.8103413559729,9.323472051602089,0.019628362213899134,,,,,,true,offline,WORLD,world,constant,475.0,configurable_default_world_average,0.0013242583029247506,1.3242583029247506,0.0027879122166836853,16.720484630666668,80.39786130781717,70.0,0.00019020583989224097,0.0018015647745848185,0.0007961416022066264,82.1907789199613,,
T1280,9F5M,AAA,protenix,1,results/2026-06-09-combine-8models-gpu/predictions/T1280/protenix/rank_001.pdb,true,0,83.2101903569419,83.2101903569419,1,,,,SHARED_MSA_A3M_FILE=results/2026-06-09-combine-8models-gpu/predictions/T1280/colabfold/tmp_colabfold/T1280_qc_Check_CASP16_9F5M_AAA_residue_615-848_seq_1-237_coverage_0.995745.a3m SHARED_MSA_DIR=results/2026-06-09-combine-8models-gpu/predictions/T1280/colabfold/tmp_colabfold SHARED_MSA_METADATA_FILE=results/2026-06-09-combine-8models-gpu/metadata/prediction_manifest.csv bash runners/run_protenix_shared_msa.sh results/2026-06-09-combine-8models-gpu/sequences/T1280.fasta results/2026-06-09-combine-8models-gpu/predictions/T1280/protenix 1,,true,colabfold_mmseqs2,mmseqs2_uniref_env,colabfold,/data/chen/protein_folding_databases/colabfold,false,false,true,,results/2026-06-09-combine-8models-gpu/predictions/T1280/colabfold/tmp_colabfold,results/2026-06-09-combine-8models-gpu/predictions/T1280/colabfold/tmp_colabfold_msa_search/T1280_qc_Check_CASP16_9F5M_AAA_residue_615-848_seq_1-237_coverage_0.995745.a3m,536,runner CodeCarbon output: results/2026-06-09-combine-8models-gpu/predictions/T1280/protenix/carbon/T1280_protenix_inference_emissions.csv; Protenix reused the ColabFold A3M; MSA build time/carbon copied from the colabfold row.,,,,,,,619.2101903569419,9.733944524692262,0.020492514788825814,,,,,,true,offline,WORLD,world,constant,475.0,configurable_default_world_average,0.0013361310948862917,1.3361310948862917,0.0028129075681816666,16.47019038143519,84.31732983856499,70.0,0.00018899330743167426,0.0018204931230614285,0.0008034211376885655,81.59553956007585,,
T1299,9FJL,A,protenix,1,results/2026-06-09-combine-8models-gpu/predictions/T1299/protenix/rank_001.pdb,true,0,83.49166978197172,83.49166978197172,1,,,,SHARED_MSA_A3M_FILE=results/2026-06-09-combine-8models-gpu/predictions/T1299/colabfold/tmp_colabfold/T1299_qc_Yes_CASP16_9FJL_A_residue_1-168_seq_1-168_coverage_1.000000.a3m SHARED_MSA_DIR=results/2026-06-09-combine-8models-gpu/predictions/T1299/colabfold/tmp_colabfold SHARED_MSA_METADATA_FILE=results/2026-06-09-combine-8models-gpu/metadata/prediction_manifest.csv bash runners/run_protenix_shared_msa.sh results/2026-06-09-combine-8models-gpu/sequences/T1299.fasta results/2026-06-09-combine-8models-gpu/predictions/T1299/protenix 1,,true,colabfold_mmseqs2,mmseqs2_uniref_env,colabfold,/data/chen/protein_folding_databases/colabfold,false,false,true,,results/2026-06-09-combine-8models-gpu/predictions/T1299/colabfold/tmp_colabfold,results/2026-06-09-combine-8models-gpu/predictions/T1299/colabfold/tmp_colabfold_msa_search/T1299_qc_Yes_CASP16_9FJL_A_residue_1-168_seq_1-168_coverage_1.000000.a3m,498,runner CodeCarbon output: results/2026-06-09-combine-8models-gpu/predictions/T1299/protenix/carbon/T1299_protenix_inference_emissions.csv; Protenix reused the ColabFold A3M; MSA build time/carbon copied from the colabfold row.,,,,,,,581.4916697819717,9.179360663676807,0.019324969818266962,,,,,,true,offline,WORLD,world,constant,475.0,configurable_default_world_average,0.001290410051904791,1.2904100519047912,0.002716652740852192,16.696678306305564,77.11945411139696,70.0,0.00019317962891557722,0.0017143183158983,0.0008091547960383146,81.87445345602464,,
T1104,7ROA,A,af2,1,results/2026-06-09-combine-8models-gpu/predictions/T1104/af2/rank_001.pdb,true,0,110.992000,110.992000,1,,,,bash runners/run_af2.sh results/2026-06-09-combine-8models-gpu/sequences/T1104.fasta results/2026-06-09-combine-8models-gpu/predictions/T1104/af2 1,skipped existing success,true,alphafold2_default,official_af2_database_search,alphafold,/data/chen/protein_folding_databases/alphafold,true,true,false,,,,1040.379951,,1040.379951,27.048911345309097,0.05694507651644021,110.992000,3.2751721087968098,0.006895099176414336,1151.3719509999999,30.324083454105907,0.06384017569285455,full_dbs,monomer,/data/chen/protein_folding_databases/alphafold/params,/data/chen/protein_folding_databases/alphafold,results/2026-06-09-combine-8models-gpu/predictions/T1104/af2/af2_features,true,offline,WORLD,world,constant,475.0,configurable_default_world_average,0.00327517210879681,3.2751721087968098,0.006895099176414336,42.5,228.23300000000003,94.18931722640991,0.0012964043837454583,0.0030535787855712573,0.0025451160070976194,109.81715989112854,,
T1106s1,7QIH,B,af2,1,results/2026-06-09-combine-8models-gpu/predictions/T1106s1/af2/rank_001.pdb,true,0,106.003626,106.003626,1,,,,bash runners/run_af2.sh results/2026-06-09-combine-8models-gpu/sequences/T1106s1.fasta results/2026-06-09-combine-8models-gpu/predictions/T1106s1/af2 1,skipped existing success,true,alphafold2_default,official_af2_database_search,alphafold,/data/chen/protein_folding_databases/alphafold,true,true,false,,,,1013.433652,,1013.433652,26.501233673908224,0.055792070892438365,106.003626,3.326938593232251,0.0070040812489100025,1119.437278,29.828172267140474,0.06279615214134837,full_dbs,monomer,/data/chen/protein_folding_databases/alphafold/params,/data/chen/protein_folding_databases/alphafold,results/2026-06-09-combine-8models-gpu/predictions/T1106s1/af2/af2_features,true,offline,WORLD,world,constant,475.0,configurable_default_world_average,0.003326938593232251,3.326938593232251,0.0070040812489100025,42.5,224.01900000000003,94.18931722640991,0.0012375538087553448,0.003218306861684919,0.0025482205784697364,104.83216381072998,,
T1106s2,7QIH,A,af2,1,results/2026-06-09-combine-8models-gpu/predictions/T1106s2/af2/rank_001.pdb,true,0,109.464331,109.464331,1,,,,bash runners/run_af2.sh results/2026-06-09-combine-8models-gpu/sequences/T1106s2.fasta results/2026-06-09-combine-8models-gpu/predictions/T1106s2/af2 1,skipped existing success,true,alphafold2_default,official_af2_database_search,alphafold,/data/chen/protein_folding_databases/alphafold,true,true,false,,,,4101.883428,,4101.883428,107.27717390554155,0.22584668190640325,109.464331,3.384705881766351,0.007125696593192317,4211.347759,110.6618797873079,0.23297237849959557,full_dbs,monomer,/data/chen/protein_folding_databases/alphafold/params,/data/chen/protein_folding_databases/alphafold,results/2026-06-09-combine-8models-gpu/predictions/T1106s2/af2/af2_features,true,offline,WORLD,world,constant,475.0,configurable_default_world_average,0.003384705881766351,3.384705881766351,0.007125696593192317,42.5,237.799,94.18931722640991,0.00127825932999452,0.0032083669359895916,0.002639070327208212,108.28005456924438,,
T1112,8ORK,AAA,af2,1,results/2026-06-09-combine-8models-gpu/predictions/T1112/af2/rank_001.pdb,true,0,154.866621,154.866621,1,,,,bash runners/run_af2.sh results/2026-06-09-combine-8models-gpu/sequences/T1112.fasta results/2026-06-09-combine-8models-gpu/predictions/T1112/af2 1,skipped existing success,true,alphafold2_default,official_af2_database_search,alphafold,/data/chen/protein_folding_databases/alphafold,true,true,false,,,,1264.396399,,1264.396399,33.080941116761075,0.06964408656160226,154.866621,5.872379461873592,0.012362904130260194,1419.2630199999999,38.95332057863467,0.08200699069186246,full_dbs,monomer,/data/chen/protein_folding_databases/alphafold/params,/data/chen/protein_folding_databases/alphafold,results/2026-06-09-combine-8models-gpu/predictions/T1112/af2/af2_features,true,offline,WORLD,world,constant,475.0,configurable_default_world_average,0.005872379461873592,5.872379461873592,0.012362904130260194,42.5,235.904,94.18931722640991,0.0018143049344420436,0.006743772723217207,0.0038048264726009353,153.68730282783508,,
T1114s1,7UTD,Q,af2,1,results/2026-06-09-combine-8models-gpu/predictions/T1114s1/af2/rank_001.pdb,true,0,111.247427,111.247427,1,,,,bash runners/run_af2.sh results/2026-06-09-combine-8models-gpu/sequences/T1114s1.fasta results/2026-06-09-combine-8models-gpu/predictions/T1114s1/af2 1,skipped existing success,true,alphafold2_default,official_af2_database_search,alphafold,/data/chen/protein_folding_databases/alphafold,true,true,false,,,,1051.872223,,1051.872223,27.58882470499923,0.05808173622105101,111.247427,3.52416638379703,0.00741929765009901,1163.11965,31.11299108879626,0.06550103387115003,full_dbs,monomer,/data/chen/protein_folding_databases/alphafold/params,/data/chen/protein_folding_databases/alphafold,results/2026-06-09-combine-8models-gpu/predictions/T1114s1/af2/af2_features,true,offline,WORLD,world,constant,475.0,configurable_default_world_average,0.0035241663837970298,3.52416638379703,0.00741929765009901,42.5,224.054,94.18931722640991,0.0012994225420885617,0.0035103972855935485,0.002609477822416896,110.07269597053528,,
T1114s2,7UTD,B,af2,1,results/2026-06-09-combine-8models-gpu/predictions/T1114s2/af2/rank_001.pdb,true,0,145.730290,145.730290,1,,,,bash runners/run_af2.sh results/2026-06-09-combine-8models-gpu/sequences/T1114s2.fasta results/2026-06-09-combine-8models-gpu/predictions/T1114s2/af2 1,skipped existing success,true,alphafold2_default,official_af2_database_search,alphafold,/data/chen/protein_folding_databases/alphafold,true,true,false,,,,1240.840949,,1240.840949,32.44997539875634,0.06831573768159228,145.730290,5.275006191097517,0.011105276191784245,1386.5712389999999,37.724981589853854,0.07942101387337652,full_dbs,monomer,/data/chen/protein_folding_databases/alphafold/params,/data/chen/protein_folding_databases/alphafold,results/2026-06-09-combine-8models-gpu/predictions/T1114s2/af2/af2_features,true,offline,WORLD,world,constant,475.0,configurable_default_world_average,0.005275006191097517,5.275006191097517,0.011105276191784245,42.5,222.85200000000003,94.18931722640991,0.0017064119870464,0.005840166426858506,0.003558697777879345,144.5478961467743,,
T1114s3,7UTD,A,af2,1,results/2026-06-09-combine-8models-gpu/predictions/T1114s3/af2/rank_001.pdb,true,0,198.523135,198.523135,1,,,,bash runners/run_af2.sh results/2026-06-09-combine-8models-gpu/sequences/T1114s3.fasta results/2026-06-09-combine-8models-gpu/predictions/T1114s3/af2 1,skipped existing success,true,alphafold2_default,official_af2_database_search,alphafold,/data/chen/protein_folding_databases/alphafold,true,true,false,,,,1274.640950,,1274.640950,33.474892227827574,0.07047345732174226,198.523135,7.861954007616014,0.016551482121296875,1473.164085,41.33684623544359,0.08702493944303913,full_dbs,monomer,/data/chen/protein_folding_databases/alphafold/params,/data/chen/protein_folding_databases/alphafold,results/2026-06-09-combine-8models-gpu/predictions/T1114s3/af2/af2_features,true,offline,WORLD,world,constant,475.0,configurable_default_world_average,0.007861954007616015,7.861954007616014,0.016551482121296875,42.5,208.376,94.18931722640991,0.0023296542119648706,0.009261245381625169,0.004960582527706835,197.34165692329407,,
T1120,7QVB,B,af2,1,results/2026-06-09-combine-8models-gpu/predictions/T1120/af2/rank_001.pdb,true,0,117.319802,117.319802,1,,,,bash runners/run_af2.sh results/2026-06-09-combine-8models-gpu/sequences/T1120.fasta results/2026-06-09-combine-8models-gpu/predictions/T1120/af2 1,skipped existing success,true,alphafold2_default,official_af2_database_search,alphafold,/data/chen/protein_folding_databases/alphafold,true,true,false,,,,1066.922621,,1066.922621,28.04957100543446,0.059051728432493594,117.319802,3.902175286461129,0.008215105866233956,1184.242423,31.95174629189559,0.06726683429872755,full_dbs,monomer,/data/chen/protein_folding_databases/alphafold/params,/data/chen/protein_folding_databases/alphafold,results/2026-06-09-combine-8models-gpu/predictions/T1120/af2/af2_features,true,offline,WORLD,world,constant,475.0,configurable_default_world_average,0.003902175286461129,3.902175286461129,0.008215105866233956,42.5,223.356,94.18931722640991,0.001371058155927393,0.004006677217374777,0.0028373704929317844,116.1408805847168,,
T1122,8BBT,A,af2,1,results/2026-06-09-combine-8models-gpu/predictions/T1122/af2/rank_001.pdb,true,0,119.303781,119.303781,1,,,,bash runners/run_af2.sh results/2026-06-09-combine-8models-gpu/sequences/T1122.fasta results/2026-06-09-combine-8models-gpu/predictions/T1122/af2 1,skipped existing success,true,alphafold2_default,official_af2_database_search,alphafold,/data/chen/protein_folding_databases/alphafold,true,true,false,,,,1005.633554,,1005.633554,26.39890397344799,0.05557663994410103,119.303781,3.840496401866598,0.008085255582877048,1124.937335,30.239400375314588,0.06366189552697808,full_dbs,monomer,/data/chen/protein_folding_databases/alphafold/params,/data/chen/protein_folding_databases/alphafold,results/2026-06-09-combine-8models-gpu/predictions/T1122/af2/af2_features,true,offline,WORLD,world,constant,475.0,configurable_default_world_average,0.0038404964018665983,3.840496401866598,0.008085255582877048,42.5,218.296,94.18931722640991,0.0013945450784431566,0.003897693948664335,0.0027930165557695603,118.13044571876526,,
T1129s2,8A8C,B,af2,1,results/2026-06-09-combine-8models-gpu/predictions/T1129s2/af2/rank_001.pdb,true,0,205.681160,205.681160,1,,,,bash runners/run_af2.sh results/2026-06-09-combine-8models-gpu/sequences/T1129s2.fasta results/2026-06-09-combine-8models-gpu/predictions/T1129s2/af2 1,skipped existing success,true,alphafold2_default,official_af2_database_search,alphafold,/data/chen/protein_folding_databases/alphafold,true,true,false,,,,1279.629845,,1279.629845,33.558074222563974,0.070648577310661,205.681160,8.191885908388805,0.017246075596608013,1485.311005,41.74996013095278,0.08789465290726901,full_dbs,monomer,/data/chen/protein_folding_databases/alphafold/params,/data/chen/protein_folding_databases/alphafold,results/2026-06-09-combine-8models-gpu/predictions/T1129s2/af2/af2_features,true,offline,WORLD,world,constant,475.0,configurable_default_world_average,0.008191885908388805,8.191885908388805,0.017246075596608013,42.5,221.18600000000004,94.18931722640991,0.002413416652712556,0.009829887889082371,0.005002771054813078,204.43686532974243,,
T1133,8DYS,A,af2,1,results/2026-06-09-combine-8models-gpu/predictions/T1133/af2/rank_001.pdb,true,0,216.776539,216.776539,1,,,,bash runners/run_af2.sh results/2026-06-09-combine-8models-gpu/sequences/T1133.fasta results/2026-06-09-combine-8models-gpu/predictions/T1133/af2 1,skipped existing success,true,alphafold2_default,official_af2_database_search,alphafold,/data/chen/protein_folding_databases/alphafold,true,true,false,,,,6211.609502,,6211.609502,162.70511879400988,0.3425370921979155,216.776539,8.533482159390376,0.01796522559871658,6428.386041000001,171.23860095340027,0.3605023177966321,full_dbs,monomer,/data/chen/protein_folding_databases/alphafold/params,/data/chen/protein_folding_databases/alphafold,results/2026-06-09-combine-8models-gpu/predictions/T1133/af2/af2_features,true,offline,WORLD,world,constant,475.0,configurable_default_world_average,0.008533482159390376,8.533482159390376,0.01796522559871658,42.5,223.131,94.18931722640991,0.002545119491219522,0.010074152363240581,0.005345953744256464,215.59318709373474,,
T1134s1,7UBZ,A,af2,1,results/2026-06-09-combine-8models-gpu/predictions/T1134s1/af2/rank_001.pdb,true,0,116.645975,116.645975,1,,,,bash runners/run_af2.sh results/2026-06-09-combine-8models-gpu/sequences/T1134s1.fasta results/2026-06-09-combine-8models-gpu/predictions/T1134s1/af2 1,skipped existing success,true,alphafold2_default,official_af2_database_search,alphafold,/data/chen/protein_folding_databases/alphafold,true,true,false,,,,2839.525997,,2839.525997,74.50662290442791,0.15685604821984825,116.645975,3.8236533194352416,0.00804979646196893,2956.171972,78.33027622386315,0.16490584468181718,full_dbs,monomer,/data/chen/protein_folding_databases/alphafold/params,/data/chen/protein_folding_databases/alphafold,results/2026-06-09-combine-8models-gpu/predictions/T1134s1/af2/af2_features,true,offline,WORLD,world,constant,475.0,configurable_default_world_average,0.0038236533194352415,3.8236533194352416,0.00804979646196893,42.5,223.5,94.18931722640991,0.0013629328408175045,0.0039239392019722865,0.0027629244191791423,115.45261073112488,,
T1134s2,7UBZ,D,af2,1,results/2026-06-09-combine-8models-gpu/predictions/T1134s2/af2/rank_001.pdb,true,0,131.824952,131.824952,1,,,,bash runners/run_af2.sh results/2026-06-09-combine-8models-gpu/sequences/T1134s2.fasta results/2026-06-09-combine-8models-gpu/predictions/T1134s2/af2 1,skipped existing success,true,alphafold2_default,official_af2_database_search,alphafold,/data/chen/protein_folding_databases/alphafold,true,true,false,,,,1138.702128,,1138.702128,29.89727369169084,0.0629416288246123,131.824952,4.564093491957239,0.009608617877804714,1270.5270799999998,34.46136718364808,0.07255024670241701,full_dbs,monomer,/data/chen/protein_folding_databases/alphafold/params,/data/chen/protein_folding_databases/alphafold,results/2026-06-09-combine-8models-gpu/predictions/T1134s2/af2/af2_features,true,offline,WORLD,world,constant,475.0,configurable_default_world_average,0.004564093491957239,4.564093491957239,0.009608617877804714,42.5,219.41400000000002,94.18931722640991,0.0015421400209267933,0.0049173449686012675,0.003149132888276652,130.63289737701416,,
T1137s1,8FEF,A,af2,1,results/2026-06-09-combine-8models-gpu/predictions/T1137s1/af2/rank_001.pdb,true,0,154.727693,154.727693,1,,,,bash runners/run_af2.sh results/2026-06-09-combine-8models-gpu/sequences/T1137s1.fasta results/2026-06-09-combine-8models-gpu/predictions/T1137s1/af2 1,skipped existing success,true,alphafold2_default,official_af2_database_search,alphafold,/data/chen/protein_folding_databases/alphafold,true,true,false,,,,1518.098749,,1518.098749,39.95958716112097,0.08412544665499151,154.727693,5.552085282649012,0.011688600595050551,1672.826442,45.51167244376998,0.09581404725004206,full_dbs,monomer,/data/chen/protein_folding_databases/alphafold/params,/data/chen/protein_folding_databases/alphafold,results/2026-06-09-combine-8models-gpu/predictions/T1137s1/af2/af2_features,true,offline,WORLD,world,constant,475.0,configurable_default_world_average,0.005552085282649012,5.552085282649012,0.011688600595050551,42.5,212.507,94.18931722640991,0.0018125908013847147,0.006158053805935584,0.0037179559877302515,153.542147397995,,
T1137s2,8FEF,B,af2,1,results/2026-06-09-combine-8models-gpu/predictions/T1137s2/af2/rank_001.pdb,true,0,140.725375,140.725375,1,,,,bash runners/run_af2.sh results/2026-06-09-combine-8models-gpu/sequences/T1137s2.fasta results/2026-06-09-combine-8models-gpu/predictions/T1137s2/af2 1,skipped existing success,true,alphafold2_default,official_af2_database_search,alphafold,/data/chen/protein_folding_databases/alphafold,true,true,false,,,,1358.867223,,1358.867223,35.43619738937031,0.07460252081972696,140.725375,4.828222337760211,0.01016467860581097,1499.592598,40.264419727130516,0.08476719942553793,full_dbs,monomer,/data/chen/protein_folding_databases/alphafold/params,/data/chen/protein_folding_databases/alphafold,results/2026-06-09-combine-8models-gpu/predictions/T1137s2/af2/af2_features,true,offline,WORLD,world,constant,475.0,configurable_default_world_average,0.004828222337760211,4.828222337760211,0.01016467860581097,42.5,226.887,94.18931722640991,0.0016472389838761757,0.005169336846989127,0.003348102774945675,139.53849864006042,,
T1137s3,8FEF,C,af2,1,results/2026-06-09-combine-8models-gpu/predictions/T1137s3/af2/rank_001.pdb,true,0,180.424943,180.424943,1,,,,bash runners/run_af2.sh results/2026-06-09-combine-8models-gpu/sequences/T1137s3.fasta results/2026-06-09-combine-8models-gpu/predictions/T1137s3/af2 1,skipped existing success,true,alphafold2_default,official_af2_database_search,alphafold,/data/chen/protein_folding_databases/alphafold,true,true,false,,,,1711.915876,,1711.915876,45.062450796272955,0.0948683174658378,180.424943,7.142965300441799,0.01503782168514063,1892.340819,52.20541609671476,0.10990613915097844,full_dbs,monomer,/data/chen/protein_folding_databases/alphafold/params,/data/chen/protein_folding_databases/alphafold,results/2026-06-09-combine-8models-gpu/predictions/T1137s3/af2/af2_features,true,offline,WORLD,world,constant,475.0,configurable_default_world_average,0.007142965300441798,7.142965300441799,0.01503782168514063,42.5,220.934,94.18931722640991,0.0021160403425494836,0.008455872758958274,0.004465908583632865,179.24673628807068,,
T1137s4,8FEF,D,af2,1,results/2026-06-09-combine-8models-gpu/predictions/T1137s4/af2/rank_001.pdb,true,0,203.609677,203.609677,1,,,,bash runners/run_af2.sh results/2026-06-09-combine-8models-gpu/sequences/T1137s4.fasta results/2026-06-09-combine-8models-gpu/predictions/T1137s4/af2 1,skipped existing success,true,alphafold2_default,official_af2_database_search,alphafold,/data/chen/protein_folding_databases/alphafold,true,true,false,,,,1752.921203,,1752.921203,45.983131956863495,0.09680659359339683,203.609677,7.972779575005137,0.016784799105273973,1956.53088,53.95591153186863,0.1135913926986708,full_dbs,monomer,/data/chen/protein_folding_databases/alphafold/params,/data/chen/protein_folding_databases/alphafold,results/2026-06-09-combine-8models-gpu/predictions/T1137s4/af2/af2_features,true,offline,WORLD,world,constant,475.0,configurable_default_world_average,0.007972779575005137,7.972779575005137,0.016784799105273973,42.5,221.417,94.18931722640991,0.002389695460100968,0.00937864779664762,0.005016455848525407,202.42763686180115,,
T1137s5,8FEF,E,af2,1,results/2026-06-09-combine-8models-gpu/predictions/T1137s5/af2/rank_001.pdb,true,0,150.445989,150.445989,1,,,,bash runners/run_af2.sh results/2026-06-09-combine-8models-gpu/sequences/T1137s5.fasta results/2026-06-09-combine-8models-gpu/predictions/T1137s5/af2 1,skipped existing success,true,alphafold2_default,official_af2_database_search,alphafold,/data/chen/protein_folding_databases/alphafold,true,true,false,,,,1417.824439,,1417.824439,37.122772447638184,0.0781532051529225,150.445989,5.401460111709317,0.011371494972019613,1568.270428,42.5242325593475,0.08952470012494211,full_dbs,monomer,/data/chen/protein_folding_databases/alphafold/params,/data/chen/protein_folding_databases/alphafold,results/2026-06-09-combine-8models-gpu/predictions/T1137s5/af2/af2_features,true,offline,WORLD,world,constant,475.0,configurable_default_world_average,0.0054014601117093166,5.401460111709317,0.011371494972019613,42.5,223.28500000000003,94.18931722640991,0.0017621281580792528,0.005956216631153487,0.0036531501827868633,149.26762318611145,,
T1137s6,8FEF,F,af2,1,results/2026-06-09-combine-8models-gpu/predictions/T1137s6/af2/rank_001.pdb,true,0,189.162171,189.162171,1,,,,bash runners/run_af2.sh results/2026-06-09-combine-8models-gpu/sequences/T1137s6.fasta results/2026-06-09-combine-8models-gpu/predictions/T1137s6/af2 1,skipped existing success,true,alphafold2_default,official_af2_database_search,alphafold,/data/chen/protein_folding_databases/alphafold,true,true,false,,,,1623.222129,,1623.222129,42.60559112599992,0.08969598131789458,189.162171,7.247503777700115,0.015257902689894978,1812.3843,49.85309490370004,0.10495388400778956,full_dbs,monomer,/data/chen/protein_folding_databases/alphafold/params,/data/chen/protein_folding_databases/alphafold,results/2026-06-09-combine-8models-gpu/predictions/T1137s6/af2/af2_features,true,offline,WORLD,world,constant,475.0,configurable_default_world_average,0.007247503777700115,7.247503777700115,0.015257902689894978,42.5,203.351,94.18931722640991,0.002219110082089903,0.008397062267888984,0.004641730339916104,187.977618932724,,
T1137s7,8FEF,G,af2,1,results/2026-06-09-combine-8models-gpu/predictions/T1137s7/af2/rank_001.pdb,true,0,242.145751,242.145751,1,,,,bash runners/run_af2.sh results/2026-06-09-combine-8models-gpu/sequences/T1137s7.fasta results/2026-06-09-combine-8models-gpu/predictions/T1137s7/af2 1,skipped existing success,true,alphafold2_default,official_af2_database_search,alphafold,/data/chen/protein_folding_databases/alphafold,true,true,false,,,,7929.586827,,7929.586827,210.2423102200502,0.44261538993694777,242.145751,9.741252628301218,0.020507900270107828,8171.732578,219.98356284835143,0.4631232902070556,full_dbs,monomer,/data/chen/protein_folding_databases/alphafold/params,/data/chen/protein_folding_databases/alphafold,results/2026-06-09-combine-8models-gpu/predictions/T1137s7/af2/af2_features,true,offline,WORLD,world,constant,475.0,configurable_default_world_average,0.009741252628301219,9.741252628301218,0.020507900270107828,42.5,202.15800000000004,94.18931722640991,0.0028446442849106275,0.011666092916887673,0.005997163068309548,240.96534299850464,,
T1137s8,8FEF,I,af2,1,results/2026-06-09-combine-8models-gpu/predictions/T1137s8/af2/rank_001.pdb,true,0,123.273502,123.273502,1,,,,bash runners/run_af2.sh results/2026-06-09-combine-8models-gpu/sequences/T1137s8.fasta results/2026-06-09-combine-8models-gpu/predictions/T1137s8/af2 1,skipped existing success,true,alphafold2_default,official_af2_database_search,alphafold,/data/chen/protein_folding_databases/alphafold,true,true,false,,,,1097.068322,,1097.068322,28.656976929222605,0.0603304777457318,123.273502,4.151840720226491,0.00874071730573998,1220.341824,32.8088176494491,0.06907119505147179,full_dbs,monomer,/data/chen/protein_folding_databases/alphafold/params,/data/chen/protein_folding_databases/alphafold,results/2026-06-09-combine-8models-gpu/predictions/T1137s8/af2/af2_features,true,offline,WORLD,world,constant,475.0,configurable_default_world_average,0.004151840720226491,4.151840720226491,0.00874071730573998,42.5,220.18,94.18931722640991,0.0014412527801262013,0.004326687882871695,0.0029727766427420847,122.08707022666931,,
T1137s9,8FEF,J,af2,1,results/2026-06-09-combine-8models-gpu/predictions/T1137s9/af2/rank_001.pdb,true,0,127.525382,127.525382,1,,,,bash runners/run_af2.sh results/2026-06-09-combine-8models-gpu/sequences/T1137s9.fasta results/2026-06-09-combine-8models-gpu/predictions/T1137s9/af2 1,skipped existing success,true,alphafold2_default,official_af2_database_search,alphafold,/data/chen/protein_folding_databases/alphafold,true,true,false,,,,1114.999834,,1114.999834,29.308623511852996,0.06170236528811157,127.525382,4.336482320396153,0.009129436463991902,1242.525216,33.64510583224915,0.07083180175210348,full_dbs,monomer,/data/chen/protein_folding_databases/alphafold/params,/data/chen/protein_folding_databases/alphafold,results/2026-06-09-combine-8models-gpu/predictions/T1137s9/af2/af2_features,true,offline,WORLD,world,constant,475.0,configurable_default_world_average,0.004336482320396153,4.336482320396153,0.009129436463991902,42.5,230.031,94.18931722640991,0.001491530576017168,0.00459880714735541,0.0030390987406193233,126.34580945968628,,
T1145,7UWW,A,af2,1,results/2026-06-09-combine-8models-gpu/predictions/T1145/af2/rank_001.pdb,true,0,228.669841,228.669841,1,,,,bash runners/run_af2.sh results/2026-06-09-combine-8models-gpu/sequences/T1145.fasta results/2026-06-09-combine-8models-gpu/predictions/T1145/af2 1,skipped existing success,true,alphafold2_default,official_af2_database_search,alphafold,/data/chen/protein_folding_databases/alphafold,true,true,false,,,,1349.027748,,1349.027748,35.56024351510846,0.07486367055812307,228.669841,9.230917443341493,0.019433510407034723,1577.6975889999999,44.79116095844995,0.0942971809651578,full_dbs,monomer,/data/chen/protein_folding_databases/alphafold/params,/data/chen/protein_folding_databases/alphafold,results/2026-06-09-combine-8models-gpu/predictions/T1145/af2/af2_features,true,offline,WORLD,world,constant,475.0,configurable_default_world_average,0.009230917443341494,9.230917443341493,0.019433510407034723,42.5,213.154,94.18931722640991,0.002685553478697934,0.011078446674959067,0.0056695102533777355,227.48899745941162,,
T1147,8EM5,A,af2,1,results/2026-06-09-combine-8models-gpu/predictions/T1147/af2/rank_001.pdb,true,0,109.867023,109.867023,1,,,,bash runners/run_af2.sh results/2026-06-09-combine-8models-gpu/sequences/T1147.fasta results/2026-06-09-combine-8models-gpu/predictions/T1147/af2 1,skipped existing success,true,alphafold2_default,official_af2_database_search,alphafold,/data/chen/protein_folding_databases/alphafold,true,true,false,,,,1028.139905,,1028.139905,27.00101312096678,0.056844238149403745,109.867023,3.3017142488403017,0.006950977365979582,1138.006928,30.30272736980708,0.06379521551538332,full_dbs,monomer,/data/chen/protein_folding_databases/alphafold/params,/data/chen/protein_folding_databases/alphafold,results/2026-06-09-combine-8models-gpu/predictions/T1147/af2/af2_features,true,offline,WORLD,world,constant,475.0,configurable_default_world_average,0.0033017142488403015,3.3017142488403017,0.006950977365979582,42.5,227.73000000000002,94.18931722640991,0.0012831745013594617,0.0031248190818866767,0.0025429837827334453,108.69648289680481,,
T1151s2,8D5V,A,af2,1,results/2026-06-09-combine-8models-gpu/predictions/T1151s2/af2/rank_001.pdb,true,0,101.321376,101.321376,1,,,,bash runners/run_af2.sh results/2026-06-09-combine-8models-gpu/sequences/T1151s2.fasta results/2026-06-09-combine-8models-gpu/predictions/T1151s2/af2 1,skipped existing success,true,alphafold2_default,official_af2_database_search,alphafold,/data/chen/protein_folding_databases/alphafold,true,true,false,,,,1016.393052,,1016.393052,26.64071918141504,0.056085724592452715,101.321376,3.045412649800561,0.0064113950522117075,1117.714428,29.6861318312156,0.06249711964466442,full_dbs,monomer,/data/chen/protein_folding_databases/alphafold/params,/data/chen/protein_folding_databases/alphafold,results/2026-06-09-combine-8models-gpu/predictions/T1151s2/af2/af2_features,true,offline,WORLD,world,constant,475.0,configurable_default_world_average,0.003045412649800561,3.045412649800561,0.0064113950522117075,42.5,222.211,94.18931722640991,0.0011822048640913435,0.0029196593510403897,0.002309530837079976,100.1433916091919,,
T1155,8PBV,A,af2,1,results/2026-06-09-combine-8models-gpu/predictions/T1155/af2/rank_001.pdb,true,0,102.127192,102.127192,1,,,,bash runners/run_af2.sh results/2026-06-09-combine-8models-gpu/sequences/T1155.fasta results/2026-06-09-combine-8models-gpu/predictions/T1155/af2 1,skipped existing success,true,alphafold2_default,official_af2_database_search,alphafold,/data/chen/protein_folding_databases/alphafold,true,true,false,,,,1023.623796,,1023.623796,26.82502872566134,0.056473744685602824,102.127192,3.2085361961330165,0.0067548130444905615,1125.750988,30.03356492179436,0.06322855773009338,full_dbs,monomer,/data/chen/protein_folding_databases/alphafold/params,/data/chen/protein_folding_databases/alphafold,results/2026-06-09-combine-8models-gpu/predictions/T1155/af2/af2_features,true,offline,WORLD,world,constant,475.0,configurable_default_world_average,0.0032085361961330166,3.2085361961330165,0.0067548130444905615,42.5,226.627,94.18931722640991,0.0011918122882644336,0.0031422458086830364,0.002420754947543085,100.95738315582275,,
T1157s2,8PKO,B,af2,1,results/2026-06-09-combine-8models-gpu/predictions/T1157s2/af2/rank_001.pdb,true,0,175.961518,175.961518,1,,,,bash runners/run_af2.sh results/2026-06-09-combine-8models-gpu/sequences/T1157s2.fasta results/2026-06-09-combine-8models-gpu/predictions/T1157s2/af2 1,skipped existing success,true,alphafold2_default,official_af2_database_search,alphafold,/data/chen/protein_folding_databases/alphafold,true,true,false,,,,1783.580493,,1783.580493,46.97689060596048,0.09889871706517996,175.961518,6.692659795024452,0.01408981009478832,1959.542011,53.66955040098493,0.11298852715996828,full_dbs,monomer,/data/chen/protein_folding_databases/alphafold/params,/data/chen/protein_folding_databases/alphafold,results/2026-06-09-combine-8models-gpu/predictions/T1157s2/af2/af2_features,true,offline,WORLD,world,constant,475.0,configurable_default_world_average,0.006692659795024453,6.692659795024452,0.01408981009478832,42.5,231.05100000000004,94.18931722640991,0.002063364762730068,0.007678954624851481,0.004347490707206771,174.7847774028778,,
T1159,7PZT,A,af2,1,results/2026-06-09-combine-8models-gpu/predictions/T1159/af2/rank_001.pdb,true,0,99.327662,99.327662,1,,,,bash runners/run_af2.sh results/2026-06-09-combine-8models-gpu/sequences/T1159.fasta results/2026-06-09-combine-8models-gpu/predictions/T1159/af2 1,skipped existing success,true,alphafold2_default,official_af2_database_search,alphafold,/data/chen/protein_folding_databases/alphafold,true,true,false,,,,1029.194291,,1029.194291,27.007875428849644,0.056858685113367675,99.327662,3.1637673244668987,0.006660562788351366,1128.521953,30.171642753316544,0.06351924790171905,full_dbs,monomer,/data/chen/protein_folding_databases/alphafold/params,/data/chen/protein_folding_databases/alphafold,results/2026-06-09-combine-8models-gpu/predictions/T1159/af2/af2_features,true,offline,WORLD,world,constant,475.0,configurable_default_world_average,0.0031637673244668987,3.1637673244668987,0.006660562788351366,42.5,215.121,94.18931722640991,0.0011585443331135648,0.003180592419017554,0.002321426036220246,98.13899803161621,,
T1183,8IFX,B,af2,1,results/2026-06-09-combine-8models-gpu/predictions/T1183/af2/rank_001.pdb,true,0,105.338065,105.338065,1,,,,bash runners/run_af2.sh results/2026-06-09-combine-8models-gpu/sequences/T1183.fasta results/2026-06-09-combine-8models-gpu/predictions/T1183/af2 1,skipped existing success,true,alphafold2_default,official_af2_database_search,alphafold,/data/chen/protein_folding_databases/alphafold,true,true,false,,,,1083.014001,,1083.014001,28.373228947791322,0.05973311357429752,105.338065,3.502569359412075,0.00737383023034121,1188.352066,31.875798307203397,0.06710694380463873,full_dbs,monomer,/data/chen/protein_folding_databases/alphafold/params,/data/chen/protein_folding_databases/alphafold,results/2026-06-09-combine-8models-gpu/predictions/T1183/af2/af2_features,true,offline,WORLD,world,constant,475.0,configurable_default_world_average,0.003502569359412075,3.502569359412075,0.00737383023034121,42.5,217.848,94.18931722640991,0.0012295765505896678,0.0035914839480121275,0.002552769731739416,104.15608215332031,,
T1185s1,8OUY,A,af2,1,results/2026-06-09-combine-8models-gpu/predictions/T1185s1/af2/rank_001.pdb,true,0,138.996576,138.996576,1,,,,bash runners/run_af2.sh results/2026-06-09-combine-8models-gpu/sequences/T1185s1.fasta results/2026-06-09-combine-8models-gpu/predictions/T1185s1/af2 1,,true,alphafold2_default,official_af2_full_dbs_query_only_bfd_fallback,alphafold,/data/chen/protein_folding_databases/alphafold,true,true,false,,,,27.634191,,27.634191,0.6133563186381221,0.0012912764602907834,138.996576,4.9344697360640115,0.01038835733908213,166.630767,5.547826054702133,0.011679633799372913,full_dbs_query_only_bfd,monomer,/data/chen/protein_folding_databases/alphafold/params,/data/chen/protein_folding_databases/alphafold,results/2026-06-09-combine-8models-gpu/predictions/T1185s1/af2/af2_features,true,offline,WORLD,world,constant,475.0,configurable_default_world_average,0.004934469736064011,4.9344697360640115,0.01038835733908213,42.5,227.11,94.18931722640991,0.0016269735622737134,0.005391908455698689,0.003369475321109732,137.81902623176575,,
T1185s2,8OUY,B,af2,1,results/2026-06-09-combine-8models-gpu/predictions/T1185s2/af2/rank_001.pdb,true,0,137.362398,137.362398,1,,,,bash runners/run_af2.sh results/2026-06-09-combine-8models-gpu/sequences/T1185s2.fasta results/2026-06-09-combine-8models-gpu/predictions/T1185s2/af2 1,,true,alphafold2_default,official_af2_full_dbs_query_only_bfd_fallback,alphafold,/data/chen/protein_folding_databases/alphafold,true,true,false,,,,27.912253,,27.912253,0.6337924294636725,0.0013342998515024685,137.362398,4.957343197672416,0.010436511995099823,165.274651,5.591135627136088,0.01177081184660229,full_dbs_query_only_bfd,monomer,/data/chen/protein_folding_databases/alphafold/params,/data/chen/protein_folding_databases/alphafold,results/2026-06-09-combine-8models-gpu/predictions/T1185s2/af2/af2_features,true,offline,WORLD,world,constant,475.0,configurable_default_world_average,0.004957343197672416,4.957343197672416,0.010436511995099823,42.5,226.055,94.18931722640991,0.0016076055708858703,0.005474573771704568,0.003354332652509377,136.178236246109,,
T1185s4,8OUY,D,af2,1,results/2026-06-09-combine-8models-gpu/predictions/T1185s4/af2/rank_001.pdb,true,0,119.370156,119.370156,1,,,,bash runners/run_af2.sh results/2026-06-09-combine-8models-gpu/sequences/T1185s4.fasta results/2026-06-09-combine-8models-gpu/predictions/T1185s4/af2 1,skipped existing success,true,alphafold2_default,official_af2_database_search,alphafold,/data/chen/protein_folding_databases/alphafold,true,true,false,,,,1353.946541,,1353.946541,35.516077902389654,0.07477069032082033,119.370156,4.134820093766947,0.008704884407930413,1473.316697,39.6508979961566,0.08347557472875074,full_dbs,monomer,/data/chen/protein_folding_databases/alphafold/params,/data/chen/protein_folding_databases/alphafold,results/2026-06-09-combine-8models-gpu/predictions/T1185s4/af2/af2_features,true,offline,WORLD,world,constant,475.0,configurable_default_world_average,0.0041348200937669465,4.134820093766947,0.008704884407930413,42.5,221.998,94.18931722640991,0.0013952888730499483,0.004425988995741607,0.0028836065391388568,118.19319152832031,,
T1194,8OKH,A,af2,1,results/2026-06-09-combine-8models-gpu/predictions/T1194/af2/rank_001.pdb,true,0,100.935586,100.935586,1,,,,bash runners/run_af2.sh results/2026-06-09-combine-8models-gpu/sequences/T1194.fasta results/2026-06-09-combine-8models-gpu/predictions/T1194/af2 1,skipped existing success,true,alphafold2_default,official_af2_database_search,alphafold,/data/chen/protein_folding_databases/alphafold,true,true,false,,,,1040.458975,,1040.458975,27.236000141153482,0.05733894766558628,100.935586,3.194037105904998,0.006724288644010522,1141.394561,30.43003724705848,0.0640632363095968,full_dbs,monomer,/data/chen/protein_folding_databases/alphafold/params,/data/chen/protein_folding_databases/alphafold,results/2026-06-09-combine-8models-gpu/predictions/T1194/af2/af2_features,true,offline,WORLD,world,constant,475.0,configurable_default_world_average,0.0031940371059049977,3.194037105904998,0.006724288644010522,42.5,219.35,94.18931722640991,0.0011777443087763256,0.0031940709946252244,0.002352473340608973,99.76530432701111,,
T1212,9B0L,P,af2,1,results/2026-06-09-combine-8models-gpu/predictions/T1212/af2/rank_001.pdb,true,0,168.927914,168.927914,1,,,,bash runners/run_af2.sh results/2026-06-09-combine-8models-gpu/sequences/T1212.fasta results/2026-06-09-combine-8models-gpu/predictions/T1212/af2 1,skipped existing success,true,alphafold2_default,official_af2_database_search,alphafold,/data/chen/protein_folding_databases/alphafold,true,true,false,,,,1368.750749,,1368.750749,35.84029988225594,0.0754532629100125,168.927914,6.3528330874641865,0.013374385447293025,1537.6786630000001,42.193132969720125,0.08882764835730553,full_dbs,monomer,/data/chen/protein_folding_databases/alphafold/params,/data/chen/protein_folding_databases/alphafold,results/2026-06-09-combine-8models-gpu/predictions/T1212/af2/af2_features,true,offline,WORLD,world,constant,475.0,configurable_default_world_average,0.0063528330874641865,6.3528330874641865,0.013374385447293025,42.5,228.699,94.18931722640991,0.0019802159130573272,0.007247193326752254,0.004146976207483445,167.7413649559021,,
T1227s1,9N8W,A,af2,1,results/2026-06-09-combine-8models-gpu/predictions/T1227s1/af2/rank_001.pdb,true,0,162.210758,162.210758,1,,,,bash runners/run_af2.sh results/2026-06-09-combine-8models-gpu/sequences/T1227s1.fasta results/2026-06-09-combine-8models-gpu/predictions/T1227s1/af2 1,skipped existing success,true,alphafold2_default,official_af2_database_search,alphafold,/data/chen/protein_folding_databases/alphafold,true,true,false,,,,1268.619721,,1268.619721,33.12287902737981,0.06973237689974697,162.210758,5.9885585678966455,0.012607491721887675,1430.830479,39.111437595276456,0.08233986862163464,full_dbs,monomer,/data/chen/protein_folding_databases/alphafold/params,/data/chen/protein_folding_databases/alphafold,results/2026-06-09-combine-8models-gpu/predictions/T1227s1/af2/af2_features,true,offline,WORLD,world,constant,475.0,configurable_default_world_average,0.005988558567896645,5.9885585678966455,0.012607491721887675,42.5,219.673,94.18931722640991,0.0019010529256529274,0.0067340199577007685,0.003972418838533984,161.03539061546326,,
T1266,8QFB,A,af2,1,results/2026-06-09-combine-8models-gpu/predictions/T1266/af2/rank_001.pdb,true,0,125.973391,125.973391,1,,,,bash runners/run_af2.sh results/2026-06-09-combine-8models-gpu/sequences/T1266.fasta results/2026-06-09-combine-8models-gpu/predictions/T1266/af2 1,skipped existing success,true,alphafold2_default,official_af2_database_search,alphafold,/data/chen/protein_folding_databases/alphafold,true,true,false,,,,3319.203990,,3319.203990,87.41928512385202,0.1840406002607411,125.973391,4.460744389659158,0.00939104082033507,3445.177381,91.88002951351118,0.19343164108107616,full_dbs,monomer,/data/chen/protein_folding_databases/alphafold/params,/data/chen/protein_folding_databases/alphafold,results/2026-06-09-combine-8models-gpu/predictions/T1266/af2/af2_features,true,offline,WORLD,world,constant,475.0,configurable_default_world_average,0.004460744389659158,4.460744389659158,0.00939104082033507,42.5,229.052,94.18931722640991,0.001473263050615788,0.004874438814659714,0.0030433389550595727,124.79836845397949,,
T1272s2,9C3C,a,af2,1,results/2026-06-09-combine-8models-gpu/predictions/T1272s2/af2/rank_001.pdb,true,0,144.359712,144.359712,1,,,,bash runners/run_af2.sh results/2026-06-09-combine-8models-gpu/sequences/T1272s2.fasta results/2026-06-09-combine-8models-gpu/predictions/T1272s2/af2 1,skipped existing success,true,alphafold2_default,official_af2_database_search,alphafold,/data/chen/protein_folding_databases/alphafold,true,true,false,,,,1182.115565,,1182.115565,30.896293593978154,0.06504482861890137,144.359712,5.119568663395864,0.010778039291359714,1326.475277,36.01586225737402,0.07582286791026109,full_dbs,monomer,/data/chen/protein_folding_databases/alphafold/params,/data/chen/protein_folding_databases/alphafold,results/2026-06-09-combine-8models-gpu/predictions/T1272s2/af2/af2_features,true,offline,WORLD,world,constant,475.0,configurable_default_world_average,0.005119568663395864,5.119568663395864,0.010778039291359714,42.5,223.326,94.18931722640991,0.0016901863679289813,0.005595949846355056,0.0034919030770756794,143.1737117767334,,
T1272s3,9C3C,b,af2,1,results/2026-06-09-combine-8models-gpu/predictions/T1272s3/af2/rank_001.pdb,true,0,131.452944,131.452944,1,,,,bash runners/run_af2.sh results/2026-06-09-combine-8models-gpu/sequences/T1272s3.fasta results/2026-06-09-combine-8models-gpu/predictions/T1272s3/af2 1,skipped existing success,true,alphafold2_default,official_af2_database_search,alphafold,/data/chen/protein_folding_databases/alphafold,true,true,false,,,,1113.344034,,1113.344034,29.218645653196546,0.06151293821725589,131.452944,4.3896710889860975,0.0092414128189181,1244.7969779999999,33.608316742182645,0.07075435103617399,full_dbs,monomer,/data/chen/protein_folding_databases/alphafold/params,/data/chen/protein_folding_databases/alphafold,results/2026-06-09-combine-8models-gpu/predictions/T1272s3/af2/af2_features,true,offline,WORLD,world,constant,475.0,configurable_default_world_average,0.0043896710889860975,4.3896710889860975,0.0092414128189181,42.5,211.935,94.18931722640991,0.00153786173760891,0.004698302950253022,0.0030052481310561545,130.2705271244049,,
T1272s4,9C3C,d,af2,1,results/2026-06-09-combine-8models-gpu/predictions/T1272s4/af2/rank_001.pdb,true,0,129.087369,129.087369,1,,,,bash runners/run_af2.sh results/2026-06-09-combine-8models-gpu/sequences/T1272s4.fasta results/2026-06-09-combine-8models-gpu/predictions/T1272s4/af2 1,skipped existing success,true,alphafold2_default,official_af2_database_search,alphafold,/data/chen/protein_folding_databases/alphafold,true,true,false,,,,1107.442452,,1107.442452,29.088683446997468,0.061239333572626245,129.087369,4.315395549429762,0.009085043261957393,1236.529821,33.40407899642723,0.07032437683458363,full_dbs,monomer,/data/chen/protein_folding_databases/alphafold/params,/data/chen/protein_folding_databases/alphafold,results/2026-06-09-combine-8models-gpu/predictions/T1272s4/af2/af2_features,true,offline,WORLD,world,constant,475.0,configurable_default_world_average,0.004315395549429762,4.315395549429762,0.009085043261957393,42.5,230.60400000000004,94.18931722640991,0.0015098835292789673,0.004544448263961871,0.0030307114687165492,127.90355825424194,,
T1272s5,9C3C,g,af2,1,results/2026-06-09-combine-8models-gpu/predictions/T1272s5/af2/rank_001.pdb,true,0,128.254675,128.254675,1,,,,bash runners/run_af2.sh results/2026-06-09-combine-8models-gpu/sequences/T1272s5.fasta results/2026-06-09-combine-8models-gpu/predictions/T1272s5/af2 1,skipped existing success,true,alphafold2_default,official_af2_database_search,alphafold,/data/chen/protein_folding_databases/alphafold,true,true,false,,,,1105.656933,,1105.656933,29.025677044204944,0.06110668851411567,128.254675,4.247793910626903,0.008942724022372428,1233.911608,33.27347095483185,0.0700494125364881,full_dbs,monomer,/data/chen/protein_folding_databases/alphafold/params,/data/chen/protein_folding_databases/alphafold,results/2026-06-09-combine-8models-gpu/predictions/T1272s5/af2/af2_features,true,offline,WORLD,world,constant,475.0,configurable_default_world_average,0.0042477939106269035,4.247793910626903,0.008942724022372428,42.5,226.114,94.18931722640991,0.0015001686947213283,0.00444845629779531,0.0029940990298557963,127.07756471633911,,
T1272s6,9C3C,A,af2,1,results/2026-06-09-combine-8models-gpu/predictions/T1272s6/af2/rank_001.pdb,true,0,210.631367,210.631367,1,,,,bash runners/run_af2.sh results/2026-06-09-combine-8models-gpu/sequences/T1272s6.fasta results/2026-06-09-combine-8models-gpu/predictions/T1272s6/af2 1,skipped existing success,true,alphafold2_default,official_af2_database_search,alphafold,/data/chen/protein_folding_databases/alphafold,true,true,false,,,,1468.894615,,1468.894615,38.64894724991445,0.08136620473666199,210.631367,8.469146734575041,0.01782978259910535,1679.5259819999999,47.11809398448949,0.09919598733576734,full_dbs,monomer,/data/chen/protein_folding_databases/alphafold/params,/data/chen/protein_folding_databases/alphafold,results/2026-06-09-combine-8models-gpu/predictions/T1272s6/af2/af2_features,true,offline,WORLD,world,constant,475.0,configurable_default_world_average,0.008469146734575042,8.469146734575041,0.01782978259910535,42.5,221.81400000000002,94.18931722640991,0.0024725006899899917,0.01020607546542697,0.005151206443688398,209.44775319099426,,
T1272s7,9C3C,B,af2,1,results/2026-06-09-combine-8models-gpu/predictions/T1272s7/af2/rank_001.pdb,true,0,119.624213,119.624213,1,,,,bash runners/run_af2.sh results/2026-06-09-combine-8models-gpu/sequences/T1272s7.fasta results/2026-06-09-combine-8models-gpu/predictions/T1272s7/af2 1,skipped existing success,true,alphafold2_default,official_af2_database_search,alphafold,/data/chen/protein_folding_databases/alphafold,true,true,false,,,,1159.520757,,1159.520757,30.201622012050173,0.06358236213063194,119.624213,3.9488209480124232,0.008313307258973524,1279.14497,34.1504429600626,0.07189566938960547,full_dbs,monomer,/data/chen/protein_folding_databases/alphafold/params,/data/chen/protein_folding_databases/alphafold,results/2026-06-09-combine-8models-gpu/predictions/T1272s7/af2/af2_features,true,offline,WORLD,world,constant,475.0,configurable_default_world_average,0.003948820948012423,3.9488209480124232,0.008313307258973524,42.5,220.57200000000003,94.18931722640991,0.0013982367239064636,0.004084752868714664,0.0028303176663524044,118.4429669380188,,
T1272s9,9C3C,n,af2,1,results/2026-06-09-combine-8models-gpu/predictions/T1272s9/af2/rank_001.pdb,true,0,117.600953,117.600953,1,,,,bash runners/run_af2.sh results/2026-06-09-combine-8models-gpu/sequences/T1272s9.fasta results/2026-06-09-combine-8models-gpu/predictions/T1272s9/af2 1,skipped existing success,true,alphafold2_default,official_af2_database_search,alphafold,/data/chen/protein_folding_databases/alphafold,true,true,false,,,,1165.687333,,1165.687333,30.539874191055453,0.06429447198116937,117.600953,3.93696373985423,0.00828834471548259,1283.288286,34.47683793090968,0.07258281669665197,full_dbs,monomer,/data/chen/protein_folding_databases/alphafold/params,/data/chen/protein_folding_databases/alphafold,results/2026-06-09-combine-8models-gpu/predictions/T1272s9/af2/af2_features,true,offline,WORLD,world,constant,475.0,configurable_default_world_average,0.00393696373985423,3.93696373985423,0.00828834471548259,42.5,230.927,94.18931722640991,0.0013744510586063074,0.004075521305374899,0.002838372351501373,116.42829251289368,,
T1280,9F5M,AAA,af2,1,results/2026-06-09-combine-8models-gpu/predictions/T1280/af2/rank_001.pdb,true,0,119.558567,119.558567,1,,,,bash runners/run_af2.sh results/2026-06-09-combine-8models-gpu/sequences/T1280.fasta results/2026-06-09-combine-8models-gpu/predictions/T1280/af2 1,skipped existing success,true,alphafold2_default,official_af2_database_search,alphafold,/data/chen/protein_folding_databases/alphafold,true,true,false,,,,1133.862199,,1133.862199,29.686911991484592,0.062498762087335985,119.558567,3.9850188455094053,0.00838951335896717,1253.420766,33.671930836994,0.07088827544630316,full_dbs,monomer,/data/chen/protein_folding_databases/alphafold/params,/data/chen/protein_folding_databases/alphafold,results/2026-06-09-combine-8models-gpu/predictions/T1280/af2/af2_features,true,offline,WORLD,world,constant,475.0,configurable_default_world_average,0.0039850188455094054,3.9850188455094053,0.00838951335896717,42.5,231.372,94.18931722640991,0.0013974570226338177,0.00413831990154538,0.0028537364347879656,118.37704038619995,,
T1299,9FJL,A,af2,1,results/2026-06-09-combine-8models-gpu/predictions/T1299/af2/rank_001.pdb,true,0,101.743525,101.743525,1,,,,bash runners/run_af2.sh results/2026-06-09-combine-8models-gpu/sequences/T1299.fasta results/2026-06-09-combine-8models-gpu/predictions/T1299/af2 1,skipped existing success,true,alphafold2_default,official_af2_database_search,alphafold,/data/chen/protein_folding_databases/alphafold,true,true,false,,,,1187.231218,,1187.231218,30.153096963839396,0.06348020413439873,101.743525,3.5166292887117434,0.007403430081498407,1288.974743,33.669726252551136,0.07088363421589713,full_dbs,monomer,/data/chen/protein_folding_databases/alphafold/params,/data/chen/protein_folding_databases/alphafold,results/2026-06-09-combine-8models-gpu/predictions/T1299/af2/af2_features,true,offline,WORLD,world,constant,475.0,configurable_default_world_average,0.0035166292887117436,3.5166292887117434,0.007403430081498407,42.5,226.773,94.18931722640991,0.0011872433599498537,0.0036995718840630194,0.0025166148374855383,100.57023525238037,,
T1104,7ROA,A,chai1_msa,1,results/20260709_casp15_casp16_unique_lt1000_msa-variants/_staging/chai1_msa/predictions/T1104/chai1_msa/rank_001.pdb,true,0,89.66462209494784,89.66462209494784,1,,,,SHARED_MSA_A3M_FILE=results/20260709_casp15_casp16_unique_lt1000_msa-variants/_staging/chai1_msa/predictions/T1104/colabfold/T1104_qc_Yes_CASP15_7ROA_A_residue_58-189_seq_1-117_coverage_0.871212.a3m SHARED_MSA_DIR=results/20260709_casp15_casp16_unique_lt1000_msa-variants/_staging/chai1_msa/predictions/T1104/colabfold SHARED_MSA_METADATA_FILE=results/20260709_casp15_casp16_unique_lt1000_msa-variants/_staging/chai1_msa/metadata/prediction_manifest.csv bash runners/run_chai1_shared_msa.sh results/20260709_casp15_casp16_unique_lt1000_msa-variants/_staging/chai1_msa/sequences/T1104.fasta results/20260709_casp15_casp16_unique_lt1000_msa-variants/_staging/chai1_msa/predictions/T1104/chai1_msa 1,,true,colabfold_mmseqs2,shared_precomputed_msa,,,false,false,true,,results/20260709_casp15_casp16_unique_lt1000_msa-variants/_staging/chai1_msa/predictions/T1104/colabfold,results/20260709_casp15_casp16_unique_lt1000_msa-variants/_staging/chai1_msa/predictions/T1104/colabfold/T1104_qc_Yes_CASP15_7ROA_A_residue_58-189_seq_1-117_coverage_0.871212.a3m,,runner CodeCarbon output: results/20260709_casp15_casp16_unique_lt1000_msa-variants/_staging/chai1_msa/predictions/T1104/chai1_msa/carbon/T1104_chai1_msa_inference_emissions.csv,,,,,,,89.66462209494784,1.746677239974835,0.003677215242052284,,,,,,true,offline,WORLD,world,constant,475.0,configurable_default_world_average,0.001746677239974835,1.746677239974835,0.003677215242052284,16.588456855603436,108.77516356756998,70.0,0.00020739074252942955,0.00260001680223354,0.0008698076972893128,88.00814704922959,,
T1106s1,7QIH,B,chai1_msa,1,results/20260709_casp15_casp16_unique_lt1000_msa-variants/_staging/chai1_msa/predictions/T1106s1/chai1_msa/rank_001.pdb,true,0,89.08815715415403,89.08815715415403,1,,,,SHARED_MSA_A3M_FILE=results/20260709_casp15_casp16_unique_lt1000_msa-variants/_staging/chai1_msa/predictions/T1106s1/colabfold/T1106s1_qc_No_CASP15_7QIH_B_residue_50-120_seq_1-122_coverage_0.946667.a3m SHARED_MSA_DIR=results/20260709_casp15_casp16_unique_lt1000_msa-variants/_staging/chai1_msa/predictions/T1106s1/colabfold SHARED_MSA_METADATA_FILE=results/20260709_casp15_casp16_unique_lt1000_msa-variants/_staging/chai1_msa/metadata/prediction_manifest.csv bash runners/run_chai1_shared_msa.sh results/20260709_casp15_casp16_unique_lt1000_msa-variants/_staging/chai1_msa/sequences/T1106s1.fasta results/20260709_casp15_casp16_unique_lt1000_msa-variants/_staging/chai1_msa/predictions/T1106s1/chai1_msa 1,,true,colabfold_mmseqs2,shared_precomputed_msa,,,false,false,true,,results/20260709_casp15_casp16_unique_lt1000_msa-variants/_staging/chai1_msa/predictions/T1106s1/colabfold,results/20260709_casp15_casp16_unique_lt1000_msa-variants/_staging/chai1_msa/predictions/T1106s1/colabfold/T1106s1_qc_No_CASP15_7QIH_B_residue_50-120_seq_1-122_coverage_0.946667.a3m,,runner CodeCarbon output: results/20260709_casp15_casp16_unique_lt1000_msa-variants/_staging/chai1_msa/predictions/T1106s1/chai1_msa/carbon/T1106s1_chai1_msa_inference_emissions.csv,,,,,,,89.08815715415403,1.7183190683687517,0.0036175138281447404,,,,,,true,offline,WORLD,world,constant,475.0,configurable_default_world_average,0.0017183190683687517,1.7183190683687517,0.0036175138281447404,16.534266511700576,108.03210486763017,70.0,0.00020168329701046893,0.002566198164068112,0.0008496323670661596,87.43642472010106,,
T1106s2,7QIH,A,chai1_msa,1,results/20260709_casp15_casp16_unique_lt1000_msa-variants/_staging/chai1_msa/predictions/T1106s2/chai1_msa/rank_001.pdb,true,0,88.62482417514548,88.62482417514548,1,,,,SHARED_MSA_A3M_FILE=results/20260709_casp15_casp16_unique_lt1000_msa-variants/_staging/chai1_msa/predictions/T1106s2/colabfold/T1106s2_qc_Check_CASP15_7QIH_A_residue_2-112_seq_1-114_coverage_0.909836.a3m SHARED_MSA_DIR=results/20260709_casp15_casp16_unique_lt1000_msa-variants/_staging/chai1_msa/predictions/T1106s2/colabfold SHARED_MSA_METADATA_FILE=results/20260709_casp15_casp16_unique_lt1000_msa-variants/_staging/chai1_msa/metadata/prediction_manifest.csv bash runners/run_chai1_shared_msa.sh results/20260709_casp15_casp16_unique_lt1000_msa-variants/_staging/chai1_msa/sequences/T1106s2.fasta results/20260709_casp15_casp16_unique_lt1000_msa-variants/_staging/chai1_msa/predictions/T1106s2/chai1_msa 1,,true,colabfold_mmseqs2,shared_precomputed_msa,,,false,false,true,,results/20260709_casp15_casp16_unique_lt1000_msa-variants/_staging/chai1_msa/predictions/T1106s2/colabfold,results/20260709_casp15_casp16_unique_lt1000_msa-variants/_staging/chai1_msa/predictions/T1106s2/colabfold/T1106s2_qc_Check_CASP15_7QIH_A_residue_2-112_seq_1-114_coverage_0.909836.a3m,,runner CodeCarbon output: results/20260709_casp15_casp16_unique_lt1000_msa-variants/_staging/chai1_msa/predictions/T1106s2/chai1_msa/carbon/T1106s2_chai1_msa_inference_emissions.csv,,,,,,,88.62482417514548,1.7218924679149665,0.0036250367745578244,,,,,,true,offline,WORLD,world,constant,475.0,configurable_default_world_average,0.0017218924679149666,1.7218924679149665,0.0036250367745578244,16.591492954613372,108.20398513768117,70.0,0.0002050512739353054,0.0025597109366586324,0.0008602745639638876,86.98537758924067,,
T1112,8ORK,AAA,chai1_msa,1,results/20260709_casp15_casp16_unique_lt1000_msa-variants/_staging/chai1_msa/predictions/T1112/chai1_msa/rank_001.pdb,true,0,157.72950409399346,157.72950409399346,1,,,,SHARED_MSA_A3M_FILE=results/20260709_casp15_casp16_unique_lt1000_msa-variants/_staging/chai1_msa/predictions/T1112/colabfold/T1112_qc_Check_CASP15_8ORK_AAA_residue_2-460_seq_1-460_coverage_0.973913.a3m SHARED_MSA_DIR=results/20260709_casp15_casp16_unique_lt1000_msa-variants/_staging/chai1_msa/predictions/T1112/colabfold SHARED_MSA_METADATA_FILE=results/20260709_casp15_casp16_unique_lt1000_msa-variants/_staging/chai1_msa/metadata/prediction_manifest.csv bash runners/run_chai1_shared_msa.sh results/20260709_casp15_casp16_unique_lt1000_msa-variants/_staging/chai1_msa/sequences/T1112.fasta results/20260709_casp15_casp16_unique_lt1000_msa-variants/_staging/chai1_msa/predictions/T1112/chai1_msa 1,,true,colabfold_mmseqs2,shared_precomputed_msa,,,false,false,true,,results/20260709_casp15_casp16_unique_lt1000_msa-variants/_staging/chai1_msa/predictions/T1112/colabfold,results/20260709_casp15_casp16_unique_lt1000_msa-variants/_staging/chai1_msa/predictions/T1112/colabfold/T1112_qc_Check_CASP15_8ORK_AAA_residue_2-460_seq_1-460_coverage_0.973913.a3m,,runner CodeCarbon output: results/20260709_casp15_casp16_unique_lt1000_msa-variants/_staging/chai1_msa/predictions/T1112/chai1_msa/carbon/T1112_chai1_msa_inference_emissions.csv,,,,,,,157.72950409399346,3.7855668297561547,0.00796961437843401,,,,,,true,offline,WORLD,world,constant,475.0,configurable_default_world_average,0.0037855668297561546,3.7855668297561547,0.00796961437843401,16.564172227296776,143.2464934979781,70.0,0.00035628534015882035,0.0061120321118366405,0.0015012969264385503,156.10289176320657,,
T1114s1,7UTD,Q,chai1_msa,1,results/20260709_casp15_casp16_unique_lt1000_msa-variants/_staging/chai1_msa/predictions/T1114s1/chai1_msa/rank_001.pdb,true,0,88.37822273001075,88.37822273001075,1,,,,SHARED_MSA_A3M_FILE=results/20260709_casp15_casp16_unique_lt1000_msa-variants/_staging/chai1_msa/predictions/T1114s1/colabfold/T1114s1_qc_No_CASP15_7UTD_Q_residue_20-78_seq_1-189_coverage_0.983333.a3m SHARED_MSA_DIR=results/20260709_casp15_casp16_unique_lt1000_msa-variants/_staging/chai1_msa/predictions/T1114s1/colabfold SHARED_MSA_METADATA_FILE=results/20260709_casp15_casp16_unique_lt1000_msa-variants/_staging/chai1_msa/metadata/prediction_manifest.csv bash runners/run_chai1_shared_msa.sh results/20260709_casp15_casp16_unique_lt1000_msa-variants/_staging/chai1_msa/sequences/T1114s1.fasta results/20260709_casp15_casp16_unique_lt1000_msa-variants/_staging/chai1_msa/predictions/T1114s1/chai1_msa 1,,true,colabfold_mmseqs2,shared_precomputed_msa,,,false,false,true,,results/20260709_casp15_casp16_unique_lt1000_msa-variants/_staging/chai1_msa/predictions/T1114s1/colabfold,results/20260709_casp15_casp16_unique_lt1000_msa-variants/_staging/chai1_msa/predictions/T1114s1/colabfold/T1114s1_qc_No_CASP15_7UTD_Q_residue_20-78_seq_1-189_coverage_0.983333.a3m,,runner CodeCarbon output: results/20260709_casp15_casp16_unique_lt1000_msa-variants/_staging/chai1_msa/predictions/T1114s1/chai1_msa/carbon/T1114s1_chai1_msa_inference_emissions.csv,,,,,,,88.37822273001075,1.7245760511163832,0.0036306864234029123,,,,,,true,offline,WORLD,world,constant,475.0,configurable_default_world_average,0.0017245760511163833,1.7245760511163832,0.0036306864234029123,16.590419110247087,108.96793719882642,70.0,0.00020387424212700523,0.0025710031679153644,0.0008558090133605421,86.7535618878901,,
T1114s2,7UTD,B,chai1_msa,1,results/20260709_casp15_casp16_unique_lt1000_msa-variants/_staging/chai1_msa/predictions/T1114s2/chai1_msa/rank_001.pdb,true,0,118.58591023925692,118.58591023925692,1,,,,SHARED_MSA_A3M_FILE=results/20260709_casp15_casp16_unique_lt1000_msa-variants/_staging/chai1_msa/predictions/T1114s2/colabfold/T1114s2_qc_Check_CASP15_7UTD_B_residue_2-323_seq_1-369_coverage_0.872629.a3m SHARED_MSA_DIR=results/20260709_casp15_casp16_unique_lt1000_msa-variants/_staging/chai1_msa/predictions/T1114s2/colabfold SHARED_MSA_METADATA_FILE=results/20260709_casp15_casp16_unique_lt1000_msa-variants/_staging/chai1_msa/metadata/prediction_manifest.csv bash runners/run_chai1_shared_msa.sh results/20260709_casp15_casp16_unique_lt1000_msa-variants/_staging/chai1_msa/sequences/T1114s2.fasta results/20260709_casp15_casp16_unique_lt1000_msa-variants/_staging/chai1_msa/predictions/T1114s2/chai1_msa 1,,true,colabfold_mmseqs2,shared_precomputed_msa,,,false,false,true,,results/20260709_casp15_casp16_unique_lt1000_msa-variants/_staging/chai1_msa/predictions/T1114s2/colabfold,results/20260709_casp15_casp16_unique_lt1000_msa-variants/_staging/chai1_msa/predictions/T1114s2/colabfold/T1114s2_qc_Check_CASP15_7UTD_B_residue_2-323_seq_1-369_coverage_0.872629.a3m,,runner CodeCarbon output: results/20260709_casp15_casp16_unique_lt1000_msa-variants/_staging/chai1_msa/predictions/T1114s2/chai1_msa/carbon/T1114s2_chai1_msa_inference_emissions.csv,,,,,,,118.58591023925692,2.6299901496392155,0.005536821367661506,,,,,,true,offline,WORLD,world,constant,475.0,configurable_default_world_average,0.0026299901496392155,2.6299901496392155,0.005536821367661506,16.577640858814654,128.91182776808958,70.0,0.00027256148027427076,0.004118336072437501,0.0011459238149497345,116.95570253115147,,
T1114s3,7UTD,A,chai1_msa,1,results/20260709_casp15_casp16_unique_lt1000_msa-variants/_staging/chai1_msa/predictions/T1114s3/chai1_msa/rank_001.pdb,true,0,261.92189871985465,261.92189871985465,1,,,,SHARED_MSA_A3M_FILE=results/20260709_casp15_casp16_unique_lt1000_msa-variants/_staging/chai1_msa/predictions/T1114s3/colabfold/T1114s3_qc_Check_CASP15_7UTD_A_residue_4-516_seq_1-535_coverage_0.998051.a3m SHARED_MSA_DIR=results/20260709_casp15_casp16_unique_lt1000_msa-variants/_staging/chai1_msa/predictions/T1114s3/colabfold SHARED_MSA_METADATA_FILE=results/20260709_casp15_casp16_unique_lt1000_msa-variants/_staging/chai1_msa/metadata/prediction_manifest.csv bash runners/run_chai1_shared_msa.sh results/20260709_casp15_casp16_unique_lt1000_msa-variants/_staging/chai1_msa/sequences/T1114s3.fasta results/20260709_casp15_casp16_unique_lt1000_msa-variants/_staging/chai1_msa/predictions/T1114s3/chai1_msa 1,,true,colabfold_mmseqs2,shared_precomputed_msa,,,false,false,true,,results/20260709_casp15_casp16_unique_lt1000_msa-variants/_staging/chai1_msa/predictions/T1114s3/colabfold,results/20260709_casp15_casp16_unique_lt1000_msa-variants/_staging/chai1_msa/predictions/T1114s3/colabfold/T1114s3_qc_Check_CASP15_7UTD_A_residue_4-516_seq_1-535_coverage_0.998051.a3m,,runner CodeCarbon output: results/20260709_casp15_casp16_unique_lt1000_msa-variants/_staging/chai1_msa/predictions/T1114s3/chai1_msa/carbon/T1114s3_chai1_msa_inference_emissions.csv,,,,,,,261.92189871985465,6.868100819257932,0.014459159619490384,,,,,,true,offline,WORLD,world,constant,475.0,configurable_default_world_average,0.006868100819257932,6.868100819257932,0.014459159619490384,16.553959380654423,159.42701042182998,70.0,0.0005914040995132266,0.011371766597413568,0.002495988922563587,260.2863421868533,,
T1120,7QVB,B,chai1_msa,1,results/20260709_casp15_casp16_unique_lt1000_msa-variants/_staging/chai1_msa/predictions/T1120/chai1_msa/rank_001.pdb,true,0,89.26318246917799,89.26318246917799,1,,,,SHARED_MSA_A3M_FILE=results/20260709_casp15_casp16_unique_lt1000_msa-variants/_staging/chai1_msa/predictions/T1120/colabfold/T1120_qc_Check_CASP15_7QVB_B_residue_4-231_seq_1-235_coverage_0.970213.a3m SHARED_MSA_DIR=results/20260709_casp15_casp16_unique_lt1000_msa-variants/_staging/chai1_msa/predictions/T1120/colabfold SHARED_MSA_METADATA_FILE=results/20260709_casp15_casp16_unique_lt1000_msa-variants/_staging/chai1_msa/metadata/prediction_manifest.csv bash runners/run_chai1_shared_msa.sh results/20260709_casp15_casp16_unique_lt1000_msa-variants/_staging/chai1_msa/sequences/T1120.fasta results/20260709_casp15_casp16_unique_lt1000_msa-variants/_staging/chai1_msa/predictions/T1120/chai1_msa 1,,true,colabfold_mmseqs2,shared_precomputed_msa,,,false,false,true,,results/20260709_casp15_casp16_unique_lt1000_msa-variants/_staging/chai1_msa/predictions/T1120/colabfold,results/20260709_casp15_casp16_unique_lt1000_msa-variants/_staging/chai1_msa/predictions/T1120/colabfold/T1120_qc_Check_CASP15_7QVB_B_residue_4-231_seq_1-235_coverage_0.970213.a3m,,runner CodeCarbon output: results/20260709_casp15_casp16_unique_lt1000_msa-variants/_staging/chai1_msa/predictions/T1120/chai1_msa/carbon/T1120_chai1_msa_inference_emissions.csv,,,,,,,89.26318246917799,1.7429314674779455,0.003669329405216727,,,,,,true,offline,WORLD,world,constant,475.0,configurable_default_world_average,0.0017429314674779455,1.7429314674779455,0.003669329405216727,16.554430643793115,109.66001267517512,70.0,0.00020493588590883214,0.002601870414828511,0.0008625231044793811,87.62086754664779,,
T1122,8BBT,A,chai1_msa,1,results/20260709_casp15_casp16_unique_lt1000_msa-variants/_staging/chai1_msa/predictions/T1122/chai1_msa/rank_001.pdb,true,0,88.85274496115744,88.85274496115744,1,,,,SHARED_MSA_A3M_FILE=results/20260709_casp15_casp16_unique_lt1000_msa-variants/_staging/chai1_msa/predictions/T1122/colabfold/T1122_qc_Yes_CASP15_8BBT_A_residue_4-237_seq_1-241_coverage_0.954357.a3m SHARED_MSA_DIR=results/20260709_casp15_casp16_unique_lt1000_msa-variants/_staging/chai1_msa/predictions/T1122/colabfold SHARED_MSA_METADATA_FILE=results/20260709_casp15_casp16_unique_lt1000_msa-variants/_staging/chai1_msa/metadata/prediction_manifest.csv bash runners/run_chai1_shared_msa.sh results/20260709_casp15_casp16_unique_lt1000_msa-variants/_staging/chai1_msa/sequences/T1122.fasta results/20260709_casp15_casp16_unique_lt1000_msa-variants/_staging/chai1_msa/predictions/T1122/chai1_msa 1,,true,colabfold_mmseqs2,shared_precomputed_msa,,,false,false,true,,results/20260709_casp15_casp16_unique_lt1000_msa-variants/_staging/chai1_msa/predictions/T1122/colabfold,results/20260709_casp15_casp16_unique_lt1000_msa-variants/_staging/chai1_msa/predictions/T1122/colabfold/T1122_qc_Yes_CASP15_8BBT_A_residue_4-237_seq_1-241_coverage_0.954357.a3m,,runner CodeCarbon output: results/20260709_casp15_casp16_unique_lt1000_msa-variants/_staging/chai1_msa/predictions/T1122/chai1_msa/carbon/T1122_chai1_msa_inference_emissions.csv,,,,,,,88.85274496115744,1.7264807772888673,0.0036346963732397206,,,,,,true,offline,WORLD,world,constant,475.0,configurable_default_world_average,0.0017264807772888672,1.7264807772888673,0.0036346963732397206,16.55842751724419,109.32918316274798,70.0,0.00020082192481140894,0.0025889815156290297,0.0008448929327992826,87.20243432791904,,
T1129s2,8A8C,B,chai1_msa,1,results/20260709_casp15_casp16_unique_lt1000_msa-variants/_staging/chai1_msa/predictions/T1129s2/chai1_msa/rank_001.pdb,true,0,261.9899029643275,261.9899029643275,1,,,,SHARED_MSA_A3M_FILE=results/20260709_casp15_casp16_unique_lt1000_msa-variants/_staging/chai1_msa/predictions/T1129s2/colabfold/T1129s2_qc_Yes_CASP15_8A8C_B_residue_41-640_seq_1-640_coverage_0.825000.a3m SHARED_MSA_DIR=results/20260709_casp15_casp16_unique_lt1000_msa-variants/_staging/chai1_msa/predictions/T1129s2/colabfold SHARED_MSA_METADATA_FILE=results/20260709_casp15_casp16_unique_lt1000_msa-variants/_staging/chai1_msa/metadata/prediction_manifest.csv bash runners/run_chai1_shared_msa.sh results/20260709_casp15_casp16_unique_lt1000_msa-variants/_staging/chai1_msa/sequences/T1129s2.fasta results/20260709_casp15_casp16_unique_lt1000_msa-variants/_staging/chai1_msa/predictions/T1129s2/chai1_msa 1,,true,colabfold_mmseqs2,shared_precomputed_msa,,,false,false,true,,results/20260709_casp15_casp16_unique_lt1000_msa-variants/_staging/chai1_msa/predictions/T1129s2/colabfold,results/20260709_casp15_casp16_unique_lt1000_msa-variants/_staging/chai1_msa/predictions/T1129s2/colabfold/T1129s2_qc_Yes_CASP15_8A8C_B_residue_41-640_seq_1-640_coverage_0.825000.a3m,,runner CodeCarbon output: results/20260709_casp15_casp16_unique_lt1000_msa-variants/_staging/chai1_msa/predictions/T1129s2/chai1_msa/carbon/T1129s2_chai1_msa_inference_emissions.csv,,,,,,,261.9899029643275,6.908234896556736,0.014543652413803653,,,,,,true,offline,WORLD,world,constant,475.0,configurable_default_world_average,0.006908234896556736,6.908234896556736,0.014543652413803653,16.536006469332015,160.47120903102729,70.0,0.0005914304531025193,0.011453468051662696,0.002498753909038432,260.35911298403516,,
T1133,8DYS,A,chai1_msa,1,results/20260709_casp15_casp16_unique_lt1000_msa-variants/_staging/chai1_msa/predictions/T1133/chai1_msa/rank_001.pdb,true,0,260.252970083151,260.252970083151,1,,,,SHARED_MSA_A3M_FILE=results/20260709_casp15_casp16_unique_lt1000_msa-variants/_staging/chai1_msa/predictions/T1133/colabfold/T1133_qc_Check_CASP15_8DYS_A_residue_4-427_seq_1-585_coverage_0.699145.a3m SHARED_MSA_DIR=results/20260709_casp15_casp16_unique_lt1000_msa-variants/_staging/chai1_msa/predictions/T1133/colabfold SHARED_MSA_METADATA_FILE=results/20260709_casp15_casp16_unique_lt1000_msa-variants/_staging/chai1_msa/metadata/prediction_manifest.csv bash runners/run_chai1_shared_msa.sh results/20260709_casp15_casp16_unique_lt1000_msa-variants/_staging/chai1_msa/sequences/T1133.fasta results/20260709_casp15_casp16_unique_lt1000_msa-variants/_staging/chai1_msa/predictions/T1133/chai1_msa 1,,true,colabfold_mmseqs2,shared_precomputed_msa,,,false,false,true,,results/20260709_casp15_casp16_unique_lt1000_msa-variants/_staging/chai1_msa/predictions/T1133/colabfold,results/20260709_casp15_casp16_unique_lt1000_msa-variants/_staging/chai1_msa/predictions/T1133/colabfold/T1133_qc_Check_CASP15_8DYS_A_residue_4-427_seq_1-585_coverage_0.699145.a3m,,runner CodeCarbon output: results/20260709_casp15_casp16_unique_lt1000_msa-variants/_staging/chai1_msa/predictions/T1133/chai1_msa/carbon/T1133_chai1_msa_inference_emissions.csv,,,,,,,260.252970083151,6.859031374057302,0.014440066050646952,,,,,,true,offline,WORLD,world,constant,475.0,configurable_default_world_average,0.006859031374057302,6.859031374057302,0.014440066050646952,16.52001024874605,160.4495647458455,70.0,0.00058727662204528,0.011369160484207441,0.0024836289443942324,258.59564378112555,,
T1134s1,7UBZ,A,chai1_msa,1,results/20260709_casp15_casp16_unique_lt1000_msa-variants/_staging/chai1_msa/predictions/T1134s1/chai1_msa/rank_001.pdb,true,0,88.89159950008616,88.89159950008616,1,,,,SHARED_MSA_A3M_FILE=results/20260709_casp15_casp16_unique_lt1000_msa-variants/_staging/chai1_msa/predictions/T1134s1/colabfold/T1134s1_qc_Check_CASP15_7UBZ_A_residue_1-230_seq_1-230_coverage_1.000000.a3m SHARED_MSA_DIR=results/20260709_casp15_casp16_unique_lt1000_msa-variants/_staging/chai1_msa/predictions/T1134s1/colabfold SHARED_MSA_METADATA_FILE=results/20260709_casp15_casp16_unique_lt1000_msa-variants/_staging/chai1_msa/metadata/prediction_manifest.csv bash runners/run_chai1_shared_msa.sh results/20260709_casp15_casp16_unique_lt1000_msa-variants/_staging/chai1_msa/sequences/T1134s1.fasta results/20260709_casp15_casp16_unique_lt1000_msa-variants/_staging/chai1_msa/predictions/T1134s1/chai1_msa 1,,true,colabfold_mmseqs2,shared_precomputed_msa,,,false,false,true,,results/20260709_casp15_casp16_unique_lt1000_msa-variants/_staging/chai1_msa/predictions/T1134s1/colabfold,results/20260709_casp15_casp16_unique_lt1000_msa-variants/_staging/chai1_msa/predictions/T1134s1/colabfold/T1134s1_qc_Check_CASP15_7UBZ_A_residue_1-230_seq_1-230_coverage_1.000000.a3m,,runner CodeCarbon output: results/20260709_casp15_casp16_unique_lt1000_msa-variants/_staging/chai1_msa/predictions/T1134s1/chai1_msa/carbon/T1134s1_chai1_msa_inference_emissions.csv,,,,,,,88.89159950008616,1.7214147235079826,0.003624030996858911,,,,,,true,offline,WORLD,world,constant,475.0,configurable_default_world_average,0.0017214147235079826,1.7214147235079826,0.003624030996858911,16.552594750360463,108.61614848993035,70.0,0.00020104981521518075,0.002576807339224274,0.0008461738424194561,87.24546374613419,,
T1134s2,7UBZ,D,chai1_msa,1,results/20260709_casp15_casp16_unique_lt1000_msa-variants/_staging/chai1_msa/predictions/T1134s2/chai1_msa/rank_001.pdb,true,0,118.104250845965,118.104250845965,1,,,,SHARED_MSA_A3M_FILE=results/20260709_casp15_casp16_unique_lt1000_msa-variants/_staging/chai1_msa/predictions/T1134s2/colabfold/T1134s2_qc_Check_CASP15_7UBZ_D_residue_168-472_seq_1-313_coverage_0.645367.a3m SHARED_MSA_DIR=results/20260709_casp15_casp16_unique_lt1000_msa-variants/_staging/chai1_msa/predictions/T1134s2/colabfold SHARED_MSA_METADATA_FILE=results/20260709_casp15_casp16_unique_lt1000_msa-variants/_staging/chai1_msa/metadata/prediction_manifest.csv bash runners/run_chai1_shared_msa.sh results/20260709_casp15_casp16_unique_lt1000_msa-variants/_staging/chai1_msa/sequences/T1134s2.fasta results/20260709_casp15_casp16_unique_lt1000_msa-variants/_staging/chai1_msa/predictions/T1134s2/chai1_msa 1,,true,colabfold_mmseqs2,shared_precomputed_msa,,,false,false,true,,results/20260709_casp15_casp16_unique_lt1000_msa-variants/_staging/chai1_msa/predictions/T1134s2/colabfold,results/20260709_casp15_casp16_unique_lt1000_msa-variants/_staging/chai1_msa/predictions/T1134s2/colabfold/T1134s2_qc_Check_CASP15_7UBZ_D_residue_168-472_seq_1-313_coverage_0.645367.a3m,,runner CodeCarbon output: results/20260709_casp15_casp16_unique_lt1000_msa-variants/_staging/chai1_msa/predictions/T1134s2/chai1_msa/carbon/T1134s2_chai1_msa_inference_emissions.csv,,,,,,,118.104250845965,2.604777485550699,0.005483742074843577,,,,,,true,offline,WORLD,world,constant,475.0,configurable_default_world_average,0.002604777485550699,2.604777485550699,0.005483742074843577,16.553791221071755,128.92253099231755,70.0,0.0002673048716965175,0.004090194938825675,0.0011262422643213844,116.46673497790471,,
T1137s1,8FEF,A,chai1_msa,1,results/20260709_casp15_casp16_unique_lt1000_msa-variants/_staging/chai1_msa/predictions/T1137s1/chai1_msa/rank_001.pdb,true,0,157.1078350530006,157.1078350530006,1,,,,SHARED_MSA_A3M_FILE=results/20260709_casp15_casp16_unique_lt1000_msa-variants/_staging/chai1_msa/predictions/T1137s1/colabfold/T1137s1_qc_Yes_CASP15_8FEF_A_residue_18-409_seq_1-409_coverage_0.958435.a3m SHARED_MSA_DIR=results/20260709_casp15_casp16_unique_lt1000_msa-variants/_staging/chai1_msa/predictions/T1137s1/colabfold SHARED_MSA_METADATA_FILE=results/20260709_casp15_casp16_unique_lt1000_msa-variants/_staging/chai1_msa/metadata/prediction_manifest.csv bash runners/run_chai1_shared_msa.sh results/20260709_casp15_casp16_unique_lt1000_msa-variants/_staging/chai1_msa/sequences/T1137s1.fasta results/20260709_casp15_casp16_unique_lt1000_msa-variants/_staging/chai1_msa/predictions/T1137s1/chai1_msa 1,,true,colabfold_mmseqs2,shared_precomputed_msa,,,false,false,true,,results/20260709_casp15_casp16_unique_lt1000_msa-variants/_staging/chai1_msa/predictions/T1137s1/colabfold,results/20260709_casp15_casp16_unique_lt1000_msa-variants/_staging/chai1_msa/predictions/T1137s1/colabfold/T1137s1_qc_Yes_CASP15_8FEF_A_residue_18-409_seq_1-409_coverage_0.958435.a3m,,runner CodeCarbon output: results/20260709_casp15_casp16_unique_lt1000_msa-variants/_staging/chai1_msa/predictions/T1137s1/chai1_msa/carbon/T1137s1_chai1_msa_inference_emissions.csv,,,,,,,157.1078350530006,3.7710274173166805,0.007939005089087748,,,,,,true,offline,WORLD,world,constant,475.0,configurable_default_world_average,0.0037710274173166805,3.7710274173166805,0.007939005089087748,16.538701872160722,143.37570687639612,70.0,0.00035478868187448215,0.006086941258431011,0.0014972751487822586,155.46110927313566,,
T1137s2,8FEF,B,chai1_msa,1,results/20260709_casp15_casp16_unique_lt1000_msa-variants/_staging/chai1_msa/predictions/T1137s2/chai1_msa/rank_001.pdb,true,0,119.20328106498346,119.20328106498346,1,,,,SHARED_MSA_A3M_FILE=results/20260709_casp15_casp16_unique_lt1000_msa-variants/_staging/chai1_msa/predictions/T1137s2/colabfold/T1137s2_qc_Yes_CASP15_8FEF_B_residue_2-343_seq_1-343_coverage_0.976676.a3m SHARED_MSA_DIR=results/20260709_casp15_casp16_unique_lt1000_msa-variants/_staging/chai1_msa/predictions/T1137s2/colabfold SHARED_MSA_METADATA_FILE=results/20260709_casp15_casp16_unique_lt1000_msa-variants/_staging/chai1_msa/metadata/prediction_manifest.csv bash runners/run_chai1_shared_msa.sh results/20260709_casp15_casp16_unique_lt1000_msa-variants/_staging/chai1_msa/sequences/T1137s2.fasta results/20260709_casp15_casp16_unique_lt1000_msa-variants/_staging/chai1_msa/predictions/T1137s2/chai1_msa 1,,true,colabfold_mmseqs2,shared_precomputed_msa,,,false,false,true,,results/20260709_casp15_casp16_unique_lt1000_msa-variants/_staging/chai1_msa/predictions/T1137s2/colabfold,results/20260709_casp15_casp16_unique_lt1000_msa-variants/_staging/chai1_msa/predictions/T1137s2/colabfold/T1137s2_qc_Yes_CASP15_8FEF_B_residue_2-343_seq_1-343_coverage_0.976676.a3m,,runner CodeCarbon output: results/20260709_casp15_casp16_unique_lt1000_msa-variants/_staging/chai1_msa/predictions/T1137s2/chai1_msa/carbon/T1137s2_chai1_msa_inference_emissions.csv,,,,,,,119.20328106498346,2.620284379003944,0.005516388166324093,,,,,,true,offline,WORLD,world,constant,475.0,configurable_default_world_average,0.002620284379003944,2.620284379003944,0.005516388166324093,16.53210717262501,128.27406239396998,70.0,0.0002697710316733899,0.00410859606465408,0.0011380210699966288,117.56601003278047,,
T1137s3,8FEF,C,chai1_msa,1,results/20260709_casp15_casp16_unique_lt1000_msa-variants/_staging/chai1_msa/predictions/T1137s3/chai1_msa/rank_001.pdb,true,0,260.2661490072496,260.2661490072496,1,,,,SHARED_MSA_A3M_FILE=results/20260709_casp15_casp16_unique_lt1000_msa-variants/_staging/chai1_msa/predictions/T1137s3/colabfold/T1137s3_qc_Check_CASP15_8FEF_C_residue_1-310_seq_1-524_coverage_0.591603.a3m SHARED_MSA_DIR=results/20260709_casp15_casp16_unique_lt1000_msa-variants/_staging/chai1_msa/predictions/T1137s3/colabfold SHARED_MSA_METADATA_FILE=results/20260709_casp15_casp16_unique_lt1000_msa-variants/_staging/chai1_msa/metadata/prediction_manifest.csv bash runners/run_chai1_shared_msa.sh results/20260709_casp15_casp16_unique_lt1000_msa-variants/_staging/chai1_msa/sequences/T1137s3.fasta results/20260709_casp15_casp16_unique_lt1000_msa-variants/_staging/chai1_msa/predictions/T1137s3/chai1_msa 1,,true,colabfold_mmseqs2,shared_precomputed_msa,,,false,false,true,,results/20260709_casp15_casp16_unique_lt1000_msa-variants/_staging/chai1_msa/predictions/T1137s3/colabfold,results/20260709_casp15_casp16_unique_lt1000_msa-variants/_staging/chai1_msa/predictions/T1137s3/colabfold/T1137s3_qc_Check_CASP15_8FEF_C_residue_1-310_seq_1-524_coverage_0.591603.a3m,,runner CodeCarbon output: results/20260709_casp15_casp16_unique_lt1000_msa-variants/_staging/chai1_msa/predictions/T1137s3/chai1_msa/carbon/T1137s3_chai1_msa_inference_emissions.csv,,,,,,,260.2661490072496,6.865253534011979,0.01445316533476206,,,,,,true,offline,WORLD,world,constant,475.0,configurable_default_world_average,0.006865253534011979,6.865253534011979,0.01445316533476206,16.52379771495524,160.84164945753125,70.0,0.0005866602286638663,0.011386094942203329,0.002480410163894864,258.63593501318246,,
T1137s4,8FEF,D,chai1_msa,1,results/20260709_casp15_casp16_unique_lt1000_msa-variants/_staging/chai1_msa/predictions/T1137s4/chai1_msa/rank_001.pdb,true,0,259.48502857703716,259.48502857703716,1,,,,SHARED_MSA_A3M_FILE=results/20260709_casp15_casp16_unique_lt1000_msa-variants/_staging/chai1_msa/predictions/T1137s4/colabfold/T1137s4_qc_Check_CASP15_8FEF_D_residue_42-468_seq_1-547_coverage_0.703839.a3m SHARED_MSA_DIR=results/20260709_casp15_casp16_unique_lt1000_msa-variants/_staging/chai1_msa/predictions/T1137s4/colabfold SHARED_MSA_METADATA_FILE=results/20260709_casp15_casp16_unique_lt1000_msa-variants/_staging/chai1_msa/metadata/prediction_manifest.csv bash runners/run_chai1_shared_msa.sh results/20260709_casp15_casp16_unique_lt1000_msa-variants/_staging/chai1_msa/sequences/T1137s4.fasta results/20260709_casp15_casp16_unique_lt1000_msa-variants/_staging/chai1_msa/predictions/T1137s4/chai1_msa 1,,true,colabfold_mmseqs2,shared_precomputed_msa,,,false,false,true,,results/20260709_casp15_casp16_unique_lt1000_msa-variants/_staging/chai1_msa/predictions/T1137s4/colabfold,results/20260709_casp15_casp16_unique_lt1000_msa-variants/_staging/chai1_msa/predictions/T1137s4/colabfold/T1137s4_qc_Check_CASP15_8FEF_D_residue_42-468_seq_1-547_coverage_0.703839.a3m,,runner CodeCarbon output: results/20260709_casp15_casp16_unique_lt1000_msa-variants/_staging/chai1_msa/predictions/T1137s4/chai1_msa/carbon/T1137s4_chai1_msa_inference_emissions.csv,,,,,,,259.48502857703716,6.8408281763933925,0.014401743529249247,,,,,,true,offline,WORLD,world,constant,475.0,configurable_default_world_average,0.006840828176393392,6.8408281763933925,0.014401743529249247,16.56330696238712,160.0518575380623,70.0,0.0005901553610191524,0.011322646280326865,0.002488941887903235,257.85903646517545,,
T1137s5,8FEF,E,chai1_msa,1,results/20260709_casp15_casp16_unique_lt1000_msa-variants/_staging/chai1_msa/predictions/T1137s5/chai1_msa/rank_001.pdb,true,0,156.29540086118504,156.29540086118504,1,,,,SHARED_MSA_A3M_FILE=results/20260709_casp15_casp16_unique_lt1000_msa-variants/_staging/chai1_msa/predictions/T1137s5/colabfold/T1137s5_qc_Yes_CASP15_8FEF_E_residue_33-390_seq_1-390_coverage_0.917949.a3m SHARED_MSA_DIR=results/20260709_casp15_casp16_unique_lt1000_msa-variants/_staging/chai1_msa/predictions/T1137s5/colabfold SHARED_MSA_METADATA_FILE=results/20260709_casp15_casp16_unique_lt1000_msa-variants/_staging/chai1_msa/metadata/prediction_manifest.csv bash runners/run_chai1_shared_msa.sh results/20260709_casp15_casp16_unique_lt1000_msa-variants/_staging/chai1_msa/sequences/T1137s5.fasta results/20260709_casp15_casp16_unique_lt1000_msa-variants/_staging/chai1_msa/predictions/T1137s5/chai1_msa 1,,true,colabfold_mmseqs2,shared_precomputed_msa,,,false,false,true,,results/20260709_casp15_casp16_unique_lt1000_msa-variants/_staging/chai1_msa/predictions/T1137s5/colabfold,results/20260709_casp15_casp16_unique_lt1000_msa-variants/_staging/chai1_msa/predictions/T1137s5/colabfold/T1137s5_qc_Yes_CASP15_8FEF_E_residue_33-390_seq_1-390_coverage_0.917949.a3m,,runner CodeCarbon output: results/20260709_casp15_casp16_unique_lt1000_msa-variants/_staging/chai1_msa/predictions/T1137s5/chai1_msa/carbon/T1137s5_chai1_msa_inference_emissions.csv,,,,,,,156.29540086118504,3.7432108441594756,0.007880443882441001,,,,,,true,offline,WORLD,world,constant,475.0,configurable_default_world_average,0.0037432108441594757,3.7432108441594756,0.007880443882441001,16.445970548839277,142.91125991928018,70.0,0.00035380406884909455,0.006023927874693413,0.001502711938898494,154.64554204884917,,
T1137s6,8FEF,F,chai1_msa,1,results/20260709_casp15_casp16_unique_lt1000_msa-variants/_staging/chai1_msa/predictions/T1137s6/chai1_msa/rank_001.pdb,true,0,257.41068064188585,257.41068064188585,1,,,,SHARED_MSA_A3M_FILE=results/20260709_casp15_casp16_unique_lt1000_msa-variants/_staging/chai1_msa/predictions/T1137s6/colabfold/T1137s6_qc_Check_CASP15_8FEF_F_residue_1-399_seq_1-518_coverage_0.770270.a3m SHARED_MSA_DIR=results/20260709_casp15_casp16_unique_lt1000_msa-variants/_staging/chai1_msa/predictions/T1137s6/colabfold SHARED_MSA_METADATA_FILE=results/20260709_casp15_casp16_unique_lt1000_msa-variants/_staging/chai1_msa/metadata/prediction_manifest.csv bash runners/run_chai1_shared_msa.sh results/20260709_casp15_casp16_unique_lt1000_msa-variants/_staging/chai1_msa/sequences/T1137s6.fasta results/20260709_casp15_casp16_unique_lt1000_msa-variants/_staging/chai1_msa/predictions/T1137s6/chai1_msa 1,,true,colabfold_mmseqs2,shared_precomputed_msa,,,false,false,true,,results/20260709_casp15_casp16_unique_lt1000_msa-variants/_staging/chai1_msa/predictions/T1137s6/colabfold,results/20260709_casp15_casp16_unique_lt1000_msa-variants/_staging/chai1_msa/predictions/T1137s6/colabfold/T1137s6_qc_Check_CASP15_8FEF_F_residue_1-399_seq_1-518_coverage_0.770270.a3m,,runner CodeCarbon output: results/20260709_casp15_casp16_unique_lt1000_msa-variants/_staging/chai1_msa/predictions/T1137s6/chai1_msa/carbon/T1137s6_chai1_msa_inference_emissions.csv,,,,,,,257.41068064188585,6.80974928574322,0.0143363142857752,,,,,,true,offline,WORLD,world,constant,475.0,configurable_default_world_average,0.00680974928574322,6.80974928574322,0.0143363142857752,16.465384663232314,160.77692831132092,70.0,0.0005809771276240921,0.011287376807665339,0.002467960350485778,255.78458093618974,,
T1137s7,8FEF,G,chai1_msa,1,results/20260709_casp15_casp16_unique_lt1000_msa-variants/_staging/chai1_msa/predictions/T1137s7/chai1_msa/rank_001.pdb,true,0,261.0928846038878,261.0928846038878,1,,,,SHARED_MSA_A3M_FILE=results/20260709_casp15_casp16_unique_lt1000_msa-variants/_staging/chai1_msa/predictions/T1137s7/colabfold/T1137s7_qc_Check_CASP15_8FEF_G_residue_2-325_seq_1-653_coverage_0.457887.a3m SHARED_MSA_DIR=results/20260709_casp15_casp16_unique_lt1000_msa-variants/_staging/chai1_msa/predictions/T1137s7/colabfold SHARED_MSA_METADATA_FILE=results/20260709_casp15_casp16_unique_lt1000_msa-variants/_staging/chai1_msa/metadata/prediction_manifest.csv bash runners/run_chai1_shared_msa.sh results/20260709_casp15_casp16_unique_lt1000_msa-variants/_staging/chai1_msa/sequences/T1137s7.fasta results/20260709_casp15_casp16_unique_lt1000_msa-variants/_staging/chai1_msa/predictions/T1137s7/chai1_msa 1,,true,colabfold_mmseqs2,shared_precomputed_msa,,,false,false,true,,results/20260709_casp15_casp16_unique_lt1000_msa-variants/_staging/chai1_msa/predictions/T1137s7/colabfold,results/20260709_casp15_casp16_unique_lt1000_msa-variants/_staging/chai1_msa/predictions/T1137s7/colabfold/T1137s7_qc_Check_CASP15_8FEF_G_residue_2-325_seq_1-653_coverage_0.457887.a3m,,runner CodeCarbon output: results/20260709_casp15_casp16_unique_lt1000_msa-variants/_staging/chai1_msa/predictions/T1137s7/chai1_msa/carbon/T1137s7_chai1_msa_inference_emissions.csv,,,,,,,261.0928846038878,6.9208629027977935,0.014570237690100617,,,,,,true,offline,WORLD,world,constant,475.0,configurable_default_world_average,0.006920862902797794,6.9208629027977935,0.014570237690100617,16.5266443565581,161.50873105619203,70.0,0.0005894222989410033,0.011489041135668288,0.0024917742554913286,259.47023522201926,,
T1137s8,8FEF,I,chai1_msa,1,results/20260709_casp15_casp16_unique_lt1000_msa-variants/_staging/chai1_msa/predictions/T1137s8/chai1_msa/rank_001.pdb,true,0,117.95849009882659,117.95849009882659,1,,,,SHARED_MSA_A3M_FILE=results/20260709_casp15_casp16_unique_lt1000_msa-variants/_staging/chai1_msa/predictions/T1137s8/colabfold/T1137s8_qc_Yes_CASP15_8FEF_I_residue_14-266_seq_1-266_coverage_0.951128.a3m SHARED_MSA_DIR=results/20260709_casp15_casp16_unique_lt1000_msa-variants/_staging/chai1_msa/predictions/T1137s8/colabfold SHARED_MSA_METADATA_FILE=results/20260709_casp15_casp16_unique_lt1000_msa-variants/_staging/chai1_msa/metadata/prediction_manifest.csv bash runners/run_chai1_shared_msa.sh results/20260709_casp15_casp16_unique_lt1000_msa-variants/_staging/chai1_msa/sequences/T1137s8.fasta results/20260709_casp15_casp16_unique_lt1000_msa-variants/_staging/chai1_msa/predictions/T1137s8/chai1_msa 1,,true,colabfold_mmseqs2,shared_precomputed_msa,,,false,false,true,,results/20260709_casp15_casp16_unique_lt1000_msa-variants/_staging/chai1_msa/predictions/T1137s8/colabfold,results/20260709_casp15_casp16_unique_lt1000_msa-variants/_staging/chai1_msa/predictions/T1137s8/colabfold/T1137s8_qc_Yes_CASP15_8FEF_I_residue_14-266_seq_1-266_coverage_0.951128.a3m,,runner CodeCarbon output: results/20260709_casp15_casp16_unique_lt1000_msa-variants/_staging/chai1_msa/predictions/T1137s8/chai1_msa/carbon/T1137s8_chai1_msa_inference_emissions.csv,,,,,,,117.95849009882659,2.5947702786706865,0.005462674270885656,,,,,,true,offline,WORLD,world,constant,475.0,configurable_default_world_average,0.0025947702786706865,2.5947702786706865,0.005462674270885656,16.550396706704355,128.50593730394073,70.0,0.0002665313036006091,0.004073072980681047,0.0011230699866039986,116.32976350700483,,
T1137s9,8FEF,J,chai1_msa,1,results/20260709_casp15_casp16_unique_lt1000_msa-variants/_staging/chai1_msa/predictions/T1137s9/chai1_msa/rank_001.pdb,true,0,117.9663998731412,117.9663998731412,1,,,,SHARED_MSA_A3M_FILE=results/20260709_casp15_casp16_unique_lt1000_msa-variants/_staging/chai1_msa/predictions/T1137s9/colabfold/T1137s9_qc_Yes_CASP15_8FEF_J_residue_27-289_seq_1-289_coverage_0.910035.a3m SHARED_MSA_DIR=results/20260709_casp15_casp16_unique_lt1000_msa-variants/_staging/chai1_msa/predictions/T1137s9/colabfold SHARED_MSA_METADATA_FILE=results/20260709_casp15_casp16_unique_lt1000_msa-variants/_staging/chai1_msa/metadata/prediction_manifest.csv bash runners/run_chai1_shared_msa.sh results/20260709_casp15_casp16_unique_lt1000_msa-variants/_staging/chai1_msa/sequences/T1137s9.fasta results/20260709_casp15_casp16_unique_lt1000_msa-variants/_staging/chai1_msa/predictions/T1137s9/chai1_msa 1,,true,colabfold_mmseqs2,shared_precomputed_msa,,,false,false,true,,results/20260709_casp15_casp16_unique_lt1000_msa-variants/_staging/chai1_msa/predictions/T1137s9/colabfold,results/20260709_casp15_casp16_unique_lt1000_msa-variants/_staging/chai1_msa/predictions/T1137s9/colabfold/T1137s9_qc_Yes_CASP15_8FEF_J_residue_27-289_seq_1-289_coverage_0.910035.a3m,,runner CodeCarbon output: results/20260709_casp15_casp16_unique_lt1000_msa-variants/_staging/chai1_msa/predictions/T1137s9/chai1_msa/carbon/T1137s9_chai1_msa_inference_emissions.csv,,,,,,,117.9663998731412,2.604802925010717,0.00548379563160151,,,,,,true,offline,WORLD,world,constant,475.0,configurable_default_world_average,0.002604802925010717,2.604802925010717,0.00548379563160151,16.555743506021752,128.99920907536853,70.0,0.000266939045704948,0.004092373273898886,0.0011244833119976754,116.34113886393607,,
T1145,7UWW,A,chai1_msa,1,results/20260709_casp15_casp16_unique_lt1000_msa-variants/_staging/chai1_msa/predictions/T1145/chai1_msa/rank_001.pdb,true,0,260.40959914401174,260.40959914401174,1,,,,SHARED_MSA_A3M_FILE=results/20260709_casp15_casp16_unique_lt1000_msa-variants/_staging/chai1_msa/predictions/T1145/colabfold/T1145_qc_Check_CASP15_7UWW_A_residue_34-665_seq_1-635_coverage_0.995276.a3m SHARED_MSA_DIR=results/20260709_casp15_casp16_unique_lt1000_msa-variants/_staging/chai1_msa/predictions/T1145/colabfold SHARED_MSA_METADATA_FILE=results/20260709_casp15_casp16_unique_lt1000_msa-variants/_staging/chai1_msa/metadata/prediction_manifest.csv bash runners/run_chai1_shared_msa.sh results/20260709_casp15_casp16_unique_lt1000_msa-variants/_staging/chai1_msa/sequences/T1145.fasta results/20260709_casp15_casp16_unique_lt1000_msa-variants/_staging/chai1_msa/predictions/T1145/chai1_msa 1,,true,colabfold_mmseqs2,shared_precomputed_msa,,,false,false,true,,results/20260709_casp15_casp16_unique_lt1000_msa-variants/_staging/chai1_msa/predictions/T1145/colabfold,results/20260709_casp15_casp16_unique_lt1000_msa-variants/_staging/chai1_msa/predictions/T1145/colabfold/T1145_qc_Check_CASP15_7UWW_A_residue_34-665_seq_1-635_coverage_0.995276.a3m,,runner CodeCarbon output: results/20260709_casp15_casp16_unique_lt1000_msa-variants/_staging/chai1_msa/predictions/T1145/chai1_msa/carbon/T1145_chai1_msa_inference_emissions.csv,,,,,,,260.40959914401174,6.8835243160378585,0.014491630139027071,,,,,,true,offline,WORLD,world,constant,475.0,configurable_default_world_average,0.0068835243160378584,6.8835243160378585,0.014491630139027071,16.527508567752875,160.46524890801223,70.0,0.0005909889218809321,0.01140253856646467,0.0024981026506814582,258.78933235118166,,
T1147,8EM5,A,chai1_msa,1,results/20260709_casp15_casp16_unique_lt1000_msa-variants/_staging/chai1_msa/predictions/T1147/chai1_msa/rank_001.pdb,true,0,88.93173746392131,88.93173746392131,1,,,,SHARED_MSA_A3M_FILE=results/20260709_casp15_casp16_unique_lt1000_msa-variants/_staging/chai1_msa/predictions/T1147/colabfold/T1147_qc_Check_CASP15_8EM5_A_residue_12-103_seq_1-103_coverage_0.893204.a3m SHARED_MSA_DIR=results/20260709_casp15_casp16_unique_lt1000_msa-variants/_staging/chai1_msa/predictions/T1147/colabfold SHARED_MSA_METADATA_FILE=results/20260709_casp15_casp16_unique_lt1000_msa-variants/_staging/chai1_msa/metadata/prediction_manifest.csv bash runners/run_chai1_shared_msa.sh results/20260709_casp15_casp16_unique_lt1000_msa-variants/_staging/chai1_msa/sequences/T1147.fasta results/20260709_casp15_casp16_unique_lt1000_msa-variants/_staging/chai1_msa/predictions/T1147/chai1_msa 1,,true,colabfold_mmseqs2,shared_precomputed_msa,,,false,false,true,,results/20260709_casp15_casp16_unique_lt1000_msa-variants/_staging/chai1_msa/predictions/T1147/colabfold,results/20260709_casp15_casp16_unique_lt1000_msa-variants/_staging/chai1_msa/predictions/T1147/colabfold/T1147_qc_Check_CASP15_8EM5_A_residue_12-103_seq_1-103_coverage_0.893204.a3m,,runner CodeCarbon output: results/20260709_casp15_casp16_unique_lt1000_msa-variants/_staging/chai1_msa/predictions/T1147/chai1_msa/carbon/T1147_chai1_msa_inference_emissions.csv,,,,,,,88.93173746392131,1.7149712921135747,0.0036104658781338415,,,,,,true,offline,WORLD,world,constant,475.0,configurable_default_world_average,0.0017149712921135747,1.7149712921135747,0.0036104658781338415,16.538961895212214,108.17088712960616,70.0,0.00020101286604032271,0.0025636853842883056,0.0008457676278052125,87.25392146082595,,
T1151s2,8D5V,A,chai1_msa,1,results/20260709_casp15_casp16_unique_lt1000_msa-variants/_staging/chai1_msa/predictions/T1151s2/chai1_msa/rank_001.pdb,true,0,88.41570145869628,88.41570145869628,1,,,,SHARED_MSA_A3M_FILE=results/20260709_casp15_casp16_unique_lt1000_msa-variants/_staging/chai1_msa/predictions/T1151s2/colabfold/T1151s2_qc_Check_CASP15_8D5V_A_residue_8-91_seq_1-116_coverage_0.724138.a3m SHARED_MSA_DIR=results/20260709_casp15_casp16_unique_lt1000_msa-variants/_staging/chai1_msa/predictions/T1151s2/colabfold SHARED_MSA_METADATA_FILE=results/20260709_casp15_casp16_unique_lt1000_msa-variants/_staging/chai1_msa/metadata/prediction_manifest.csv bash runners/run_chai1_shared_msa.sh results/20260709_casp15_casp16_unique_lt1000_msa-variants/_staging/chai1_msa/sequences/T1151s2.fasta results/20260709_casp15_casp16_unique_lt1000_msa-variants/_staging/chai1_msa/predictions/T1151s2/chai1_msa 1,,true,colabfold_mmseqs2,shared_precomputed_msa,,,false,false,true,,results/20260709_casp15_casp16_unique_lt1000_msa-variants/_staging/chai1_msa/predictions/T1151s2/colabfold,results/20260709_casp15_casp16_unique_lt1000_msa-variants/_staging/chai1_msa/predictions/T1151s2/colabfold/T1151s2_qc_Check_CASP15_8D5V_A_residue_8-91_seq_1-116_coverage_0.724138.a3m,,runner CodeCarbon output: results/20260709_casp15_casp16_unique_lt1000_msa-variants/_staging/chai1_msa/predictions/T1151s2/chai1_msa/carbon/T1151s2_chai1_msa_inference_emissions.csv,,,,,,,88.41570145869628,1.7193838426281058,0.003619755458164433,,,,,,true,offline,WORLD,world,constant,475.0,configurable_default_world_average,0.0017193838426281059,1.7193838426281058,0.003619755458164433,16.372015162569756,108.52300426298812,70.0,0.00020041615956459155,0.0025628939947637264,0.0008564453038361128,86.77165732905269,,
T1155,8PBV,A,chai1_msa,1,results/20260709_casp15_casp16_unique_lt1000_msa-variants/_staging/chai1_msa/predictions/T1155/chai1_msa/rank_001.pdb,true,0,89.01008784491569,89.01008784491569,1,,,,SHARED_MSA_A3M_FILE=results/20260709_casp15_casp16_unique_lt1000_msa-variants/_staging/chai1_msa/predictions/T1155/colabfold/T1155_qc_Yes_CASP15_8PBV_A_residue_1-116_seq_1-116_coverage_1.000000.a3m SHARED_MSA_DIR=results/20260709_casp15_casp16_unique_lt1000_msa-variants/_staging/chai1_msa/predictions/T1155/colabfold SHARED_MSA_METADATA_FILE=results/20260709_casp15_casp16_unique_lt1000_msa-variants/_staging/chai1_msa/metadata/prediction_manifest.csv bash runners/run_chai1_shared_msa.sh results/20260709_casp15_casp16_unique_lt1000_msa-variants/_staging/chai1_msa/sequences/T1155.fasta results/20260709_casp15_casp16_unique_lt1000_msa-variants/_staging/chai1_msa/predictions/T1155/chai1_msa 1,,true,colabfold_mmseqs2,shared_precomputed_msa,,,false,false,true,,results/20260709_casp15_casp16_unique_lt1000_msa-variants/_staging/chai1_msa/predictions/T1155/colabfold,results/20260709_casp15_casp16_unique_lt1000_msa-variants/_staging/chai1_msa/predictions/T1155/colabfold/T1155_qc_Yes_CASP15_8PBV_A_residue_1-116_seq_1-116_coverage_1.000000.a3m,,runner CodeCarbon output: results/20260709_casp15_casp16_unique_lt1000_msa-variants/_staging/chai1_msa/predictions/T1155/chai1_msa/carbon/T1155_chai1_msa_inference_emissions.csv,,,,,,,89.01008784491569,1.7182864775509685,0.0036174452158967757,,,,,,true,offline,WORLD,world,constant,475.0,configurable_default_world_average,0.0017182864775509685,1.7182864775509685,0.0036174452158967757,16.567172828441866,108.23799274461426,70.0,0.00020160437540399793,0.0025681326100581714,0.0008477082304346065,87.34100738866255,,
T1157s2,8PKO,B,chai1_msa,1,results/20260709_casp15_casp16_unique_lt1000_msa-variants/_staging/chai1_msa/predictions/T1157s2/chai1_msa/rank_001.pdb,true,0,158.76762930117548,158.76762930117548,1,,,,SHARED_MSA_A3M_FILE=results/20260709_casp15_casp16_unique_lt1000_msa-variants/_staging/chai1_msa/predictions/T1157s2/colabfold/T1157s2_qc_Yes_CASP15_8PKO_B_residue_21-484_seq_1-495_coverage_0.937374.a3m SHARED_MSA_DIR=results/20260709_casp15_casp16_unique_lt1000_msa-variants/_staging/chai1_msa/predictions/T1157s2/colabfold SHARED_MSA_METADATA_FILE=results/20260709_casp15_casp16_unique_lt1000_msa-variants/_staging/chai1_msa/metadata/prediction_manifest.csv bash runners/run_chai1_shared_msa.sh results/20260709_casp15_casp16_unique_lt1000_msa-variants/_staging/chai1_msa/sequences/T1157s2.fasta results/20260709_casp15_casp16_unique_lt1000_msa-variants/_staging/chai1_msa/predictions/T1157s2/chai1_msa 1,,true,colabfold_mmseqs2,shared_precomputed_msa,,,false,false,true,,results/20260709_casp15_casp16_unique_lt1000_msa-variants/_staging/chai1_msa/predictions/T1157s2/colabfold,results/20260709_casp15_casp16_unique_lt1000_msa-variants/_staging/chai1_msa/predictions/T1157s2/colabfold/T1157s2_qc_Yes_CASP15_8PKO_B_residue_21-484_seq_1-495_coverage_0.937374.a3m,,runner CodeCarbon output: results/20260709_casp15_casp16_unique_lt1000_msa-variants/_staging/chai1_msa/predictions/T1157s2/chai1_msa/carbon/T1157s2_chai1_msa_inference_emissions.csv,,,,,,,158.76762930117548,3.806414758160244,0.008013504754021567,,,,,,true,offline,WORLD,world,constant,475.0,configurable_default_world_average,0.003806414758160244,3.806414758160244,0.008013504754021567,16.5335207138221,142.86734746830234,70.0,0.0003580870156715116,0.006143220747908629,0.0015121969904414287,157.137789494358,,
T1159,7PZT,A,chai1_msa,1,results/20260709_casp15_casp16_unique_lt1000_msa-variants/_staging/chai1_msa/predictions/T1159/chai1_msa/rank_001.pdb,true,0,89.5282040569,89.5282040569,1,,,,SHARED_MSA_A3M_FILE=results/20260709_casp15_casp16_unique_lt1000_msa-variants/_staging/chai1_msa/predictions/T1159/colabfold/T1159_qc_Check_CASP15_7PZT_A_residue_1-160_seq_1-160_coverage_1.000000.a3m SHARED_MSA_DIR=results/20260709_casp15_casp16_unique_lt1000_msa-variants/_staging/chai1_msa/predictions/T1159/colabfold SHARED_MSA_METADATA_FILE=results/20260709_casp15_casp16_unique_lt1000_msa-variants/_staging/chai1_msa/metadata/prediction_manifest.csv bash runners/run_chai1_shared_msa.sh results/20260709_casp15_casp16_unique_lt1000_msa-variants/_staging/chai1_msa/sequences/T1159.fasta results/20260709_casp15_casp16_unique_lt1000_msa-variants/_staging/chai1_msa/predictions/T1159/chai1_msa 1,,true,colabfold_mmseqs2,shared_precomputed_msa,,,false,false,true,,results/20260709_casp15_casp16_unique_lt1000_msa-variants/_staging/chai1_msa/predictions/T1159/colabfold,results/20260709_casp15_casp16_unique_lt1000_msa-variants/_staging/chai1_msa/predictions/T1159/colabfold/T1159_qc_Check_CASP15_7PZT_A_residue_1-160_seq_1-160_coverage_1.000000.a3m,,runner CodeCarbon output: results/20260709_casp15_casp16_unique_lt1000_msa-variants/_staging/chai1_msa/predictions/T1159/chai1_msa/carbon/T1159_chai1_msa_inference_emissions.csv,,,,,,,89.5282040569,1.7354711598168637,0.003653623494351292,,,,,,true,offline,WORLD,world,constant,475.0,configurable_default_world_average,0.0017354711598168637,1.7354711598168637,0.003653623494351292,16.378987351801722,108.03054564039503,70.0,0.00020264142584139577,0.0025830620664493154,0.0008679200020605801,87.88118807692081,,
T1183,8IFX,B,chai1_msa,1,results/20260709_casp15_casp16_unique_lt1000_msa-variants/_staging/chai1_msa/predictions/T1183/chai1_msa/rank_001.pdb,true,0,89.42620574589819,89.42620574589819,1,,,,SHARED_MSA_A3M_FILE=results/20260709_casp15_casp16_unique_lt1000_msa-variants/_staging/chai1_msa/predictions/T1183/colabfold/T1183_qc_Yes_CASP15_8IFX_B_residue_1-195_seq_1-200_coverage_0.975000.a3m SHARED_MSA_DIR=results/20260709_casp15_casp16_unique_lt1000_msa-variants/_staging/chai1_msa/predictions/T1183/colabfold SHARED_MSA_METADATA_FILE=results/20260709_casp15_casp16_unique_lt1000_msa-variants/_staging/chai1_msa/metadata/prediction_manifest.csv bash runners/run_chai1_shared_msa.sh results/20260709_casp15_casp16_unique_lt1000_msa-variants/_staging/chai1_msa/sequences/T1183.fasta results/20260709_casp15_casp16_unique_lt1000_msa-variants/_staging/chai1_msa/predictions/T1183/chai1_msa 1,,true,colabfold_mmseqs2,shared_precomputed_msa,,,false,false,true,,results/20260709_casp15_casp16_unique_lt1000_msa-variants/_staging/chai1_msa/predictions/T1183/colabfold,results/20260709_casp15_casp16_unique_lt1000_msa-variants/_staging/chai1_msa/predictions/T1183/colabfold/T1183_qc_Yes_CASP15_8IFX_B_residue_1-195_seq_1-200_coverage_0.975000.a3m,,runner CodeCarbon output: results/20260709_casp15_casp16_unique_lt1000_msa-variants/_staging/chai1_msa/predictions/T1183/chai1_msa/carbon/T1183_chai1_msa_inference_emissions.csv,,,,,,,89.42620574589819,1.735685496307351,0.0036540747290681073,,,,,,true,offline,WORLD,world,constant,475.0,configurable_default_world_average,0.001735685496307351,1.735685496307351,0.0036540747290681073,16.376089492362073,108.11177625444131,70.0,0.00020269160267735498,0.00258487984567779,0.000866503280712964,87.797742174007,,
T1185s1,8OUY,A,chai1_msa,1,results/20260709_casp15_casp16_unique_lt1000_msa-variants/_staging/chai1_msa/predictions/T1185s1/chai1_msa/rank_001.pdb,true,0,119.16305981623009,119.16305981623009,1,,,,SHARED_MSA_A3M_FILE=results/20260709_casp15_casp16_unique_lt1000_msa-variants/_staging/chai1_msa/predictions/T1185s1/colabfold/T1185s1_qc_Check_CASP15_8OUY_A_residue_4-73_seq_1-350_coverage_0.200000.a3m SHARED_MSA_DIR=results/20260709_casp15_casp16_unique_lt1000_msa-variants/_staging/chai1_msa/predictions/T1185s1/colabfold SHARED_MSA_METADATA_FILE=results/20260709_casp15_casp16_unique_lt1000_msa-variants/_staging/chai1_msa/metadata/prediction_manifest.csv bash runners/run_chai1_shared_msa.sh results/20260709_casp15_casp16_unique_lt1000_msa-variants/_staging/chai1_msa/sequences/T1185s1.fasta results/20260709_casp15_casp16_unique_lt1000_msa-variants/_staging/chai1_msa/predictions/T1185s1/chai1_msa 1,,true,colabfold_mmseqs2,shared_precomputed_msa,,,false,false,true,,results/20260709_casp15_casp16_unique_lt1000_msa-variants/_staging/chai1_msa/predictions/T1185s1/colabfold,results/20260709_casp15_casp16_unique_lt1000_msa-variants/_staging/chai1_msa/predictions/T1185s1/colabfold/T1185s1_qc_Check_CASP15_8OUY_A_residue_4-73_seq_1-350_coverage_0.200000.a3m,,runner CodeCarbon output: results/20260709_casp15_casp16_unique_lt1000_msa-variants/_staging/chai1_msa/predictions/T1185s1/chai1_msa/carbon/T1185s1_chai1_msa_inference_emissions.csv,,,,,,,119.16305981623009,2.6086573213999285,0.005491910150315639,,,,,,true,offline,WORLD,world,constant,475.0,configurable_default_world_average,0.0026086573213999283,2.6086573213999285,0.005491910150315639,16.564881211170263,127.60024563666109,70.0,0.00027002905317566567,0.004084931601269659,0.0011369494958703094,117.49384452262893,,
T1185s2,8OUY,B,chai1_msa,1,results/20260709_casp15_casp16_unique_lt1000_msa-variants/_staging/chai1_msa/predictions/T1185s2/chai1_msa/rank_001.pdb,true,0,119.5303642237559,119.5303642237559,1,,,,SHARED_MSA_A3M_FILE=results/20260709_casp15_casp16_unique_lt1000_msa-variants/_staging/chai1_msa/predictions/T1185s2/colabfold/T1185s2_qc_Yes_CASP15_8OUY_B_residue_10-349_seq_1-376_coverage_0.832447.a3m SHARED_MSA_DIR=results/20260709_casp15_casp16_unique_lt1000_msa-variants/_staging/chai1_msa/predictions/T1185s2/colabfold SHARED_MSA_METADATA_FILE=results/20260709_casp15_casp16_unique_lt1000_msa-variants/_staging/chai1_msa/metadata/prediction_manifest.csv bash runners/run_chai1_shared_msa.sh results/20260709_casp15_casp16_unique_lt1000_msa-variants/_staging/chai1_msa/sequences/T1185s2.fasta results/20260709_casp15_casp16_unique_lt1000_msa-variants/_staging/chai1_msa/predictions/T1185s2/chai1_msa 1,,true,colabfold_mmseqs2,shared_precomputed_msa,,,false,false,true,,results/20260709_casp15_casp16_unique_lt1000_msa-variants/_staging/chai1_msa/predictions/T1185s2/colabfold,results/20260709_casp15_casp16_unique_lt1000_msa-variants/_staging/chai1_msa/predictions/T1185s2/colabfold/T1185s2_qc_Yes_CASP15_8OUY_B_residue_10-349_seq_1-376_coverage_0.832447.a3m,,runner CodeCarbon output: results/20260709_casp15_casp16_unique_lt1000_msa-variants/_staging/chai1_msa/predictions/T1185s2/chai1_msa/carbon/T1185s2_chai1_msa_inference_emissions.csv,,,,,,,119.5303642237559,2.644573964231696,0.005567524135224623,,,,,,true,offline,WORLD,world,constant,475.0,configurable_default_world_average,0.002644573964231696,2.644573964231696,0.005567524135224623,16.409698844916683,128.63912786183946,70.0,0.0002702755611234015,0.004142471091753919,0.0011547774823473047,117.90019573410973,,
T1185s4,8OUY,D,chai1_msa,1,results/20260709_casp15_casp16_unique_lt1000_msa-variants/_staging/chai1_msa/predictions/T1185s4/chai1_msa/rank_001.pdb,true,0,118.62162549514323,118.62162549514323,1,,,,SHARED_MSA_A3M_FILE=results/20260709_casp15_casp16_unique_lt1000_msa-variants/_staging/chai1_msa/predictions/T1185s4/colabfold/T1185s4_qc_Yes_CASP15_8OUY_D_residue_20-280_seq_1-280_coverage_0.838710.a3m SHARED_MSA_DIR=results/20260709_casp15_casp16_unique_lt1000_msa-variants/_staging/chai1_msa/predictions/T1185s4/colabfold SHARED_MSA_METADATA_FILE=results/20260709_casp15_casp16_unique_lt1000_msa-variants/_staging/chai1_msa/metadata/prediction_manifest.csv bash runners/run_chai1_shared_msa.sh results/20260709_casp15_casp16_unique_lt1000_msa-variants/_staging/chai1_msa/sequences/T1185s4.fasta results/20260709_casp15_casp16_unique_lt1000_msa-variants/_staging/chai1_msa/predictions/T1185s4/chai1_msa 1,,true,colabfold_mmseqs2,shared_precomputed_msa,,,false,false,true,,results/20260709_casp15_casp16_unique_lt1000_msa-variants/_staging/chai1_msa/predictions/T1185s4/colabfold,results/20260709_casp15_casp16_unique_lt1000_msa-variants/_staging/chai1_msa/predictions/T1185s4/colabfold/T1185s4_qc_Yes_CASP15_8OUY_D_residue_20-280_seq_1-280_coverage_0.838710.a3m,,runner CodeCarbon output: results/20260709_casp15_casp16_unique_lt1000_msa-variants/_staging/chai1_msa/predictions/T1185s4/chai1_msa/carbon/T1185s4_chai1_msa_inference_emissions.csv,,,,,,,118.62162549514323,2.6242432230491604,0.005524722574840338,,,,,,true,offline,WORLD,world,constant,475.0,configurable_default_world_average,0.0026242432230491604,2.6242432230491604,0.005524722574840338,16.578973462609923,128.68285479869775,70.0,0.000272656448829198,0.004105868284689507,0.001146197841321636,116.96790025802329,,
T1194,8OKH,A,chai1_msa,1,results/20260709_casp15_casp16_unique_lt1000_msa-variants/_staging/chai1_msa/predictions/T1194/chai1_msa/rank_001.pdb,true,0,89.11282166931778,89.11282166931778,1,,,,SHARED_MSA_A3M_FILE=results/20260709_casp15_casp16_unique_lt1000_msa-variants/_staging/chai1_msa/predictions/T1194/colabfold/T1194_qc_Check_CASP15_8OKH_A_residue_22-185_seq_1-168_coverage_0.982036.a3m SHARED_MSA_DIR=results/20260709_casp15_casp16_unique_lt1000_msa-variants/_staging/chai1_msa/predictions/T1194/colabfold SHARED_MSA_METADATA_FILE=results/20260709_casp15_casp16_unique_lt1000_msa-variants/_staging/chai1_msa/metadata/prediction_manifest.csv bash runners/run_chai1_shared_msa.sh results/20260709_casp15_casp16_unique_lt1000_msa-variants/_staging/chai1_msa/sequences/T1194.fasta results/20260709_casp15_casp16_unique_lt1000_msa-variants/_staging/chai1_msa/predictions/T1194/chai1_msa 1,,true,colabfold_mmseqs2,shared_precomputed_msa,,,false,false,true,,results/20260709_casp15_casp16_unique_lt1000_msa-variants/_staging/chai1_msa/predictions/T1194/colabfold,results/20260709_casp15_casp16_unique_lt1000_msa-variants/_staging/chai1_msa/predictions/T1194/colabfold/T1194_qc_Check_CASP15_8OKH_A_residue_22-185_seq_1-168_coverage_0.982036.a3m,,runner CodeCarbon output: results/20260709_casp15_casp16_unique_lt1000_msa-variants/_staging/chai1_msa/predictions/T1194/chai1_msa/carbon/T1194_chai1_msa_inference_emissions.csv,,,,,,,89.11282166931778,1.7291162200596966,0.0036402446738098876,,,,,,true,offline,WORLD,world,constant,475.0,configurable_default_world_average,0.0017291162200596965,1.7291162200596966,0.0036402446738098876,16.564762446375003,108.89820673860136,70.0,0.00020221271435703992,0.0025875115144486927,0.0008505204450041572,87.48591171624139,,
T1212,9B0L,P,chai1_msa,1,results/20260709_casp15_casp16_unique_lt1000_msa-variants/_staging/chai1_msa/predictions/T1212/chai1_msa/rank_001.pdb,true,0,158.95961501123384,158.95961501123384,1,,,,SHARED_MSA_A3M_FILE=results/20260709_casp15_casp16_unique_lt1000_msa-variants/_staging/chai1_msa/predictions/T1212/colabfold/T1212_qc_Check_CASP16_9B0L_P_residue_53-518_seq_1-466_coverage_1.000000.a3m SHARED_MSA_DIR=results/20260709_casp15_casp16_unique_lt1000_msa-variants/_staging/chai1_msa/predictions/T1212/colabfold SHARED_MSA_METADATA_FILE=results/20260709_casp15_casp16_unique_lt1000_msa-variants/_staging/chai1_msa/metadata/prediction_manifest.csv bash runners/run_chai1_shared_msa.sh results/20260709_casp15_casp16_unique_lt1000_msa-variants/_staging/chai1_msa/sequences/T1212.fasta results/20260709_casp15_casp16_unique_lt1000_msa-variants/_staging/chai1_msa/predictions/T1212/chai1_msa 1,,true,colabfold_mmseqs2,shared_precomputed_msa,,,false,false,true,,results/20260709_casp15_casp16_unique_lt1000_msa-variants/_staging/chai1_msa/predictions/T1212/colabfold,results/20260709_casp15_casp16_unique_lt1000_msa-variants/_staging/chai1_msa/predictions/T1212/colabfold/T1212_qc_Check_CASP16_9B0L_P_residue_53-518_seq_1-466_coverage_1.000000.a3m,,runner CodeCarbon output: results/20260709_casp15_casp16_unique_lt1000_msa-variants/_staging/chai1_msa/predictions/T1212/chai1_msa/carbon/T1212_chai1_msa_inference_emissions.csv,,,,,,,158.95961501123384,3.7953340643418216,0.00799017697756173,,,,,,true,offline,WORLD,world,constant,475.0,configurable_default_world_average,0.003795334064341822,3.7953340643418216,0.00799017697756173,16.525760991014426,142.38922095373374,70.0,0.0003583213854969676,0.006118465172541221,0.0015133904195235425,157.3236097996123,,
T1227s1,9N8W,A,chai1_msa,1,results/20260709_casp15_casp16_unique_lt1000_msa-variants/_staging/chai1_msa/predictions/T1227s1/chai1_msa/rank_001.pdb,true,0,157.90895550418645,157.90895550418645,1,,,,SHARED_MSA_A3M_FILE=results/20260709_casp15_casp16_unique_lt1000_msa-variants/_staging/chai1_msa/predictions/T1227s1/colabfold/T1227s1_qc_Yes_CASP16_9N8W_A_residue_27-418_seq_1-427_coverage_0.918033.a3m SHARED_MSA_DIR=results/20260709_casp15_casp16_unique_lt1000_msa-variants/_staging/chai1_msa/predictions/T1227s1/colabfold SHARED_MSA_METADATA_FILE=results/20260709_casp15_casp16_unique_lt1000_msa-variants/_staging/chai1_msa/metadata/prediction_manifest.csv bash runners/run_chai1_shared_msa.sh results/20260709_casp15_casp16_unique_lt1000_msa-variants/_staging/chai1_msa/sequences/T1227s1.fasta results/20260709_casp15_casp16_unique_lt1000_msa-variants/_staging/chai1_msa/predictions/T1227s1/chai1_msa 1,,true,colabfold_mmseqs2,shared_precomputed_msa,,,false,false,true,,results/20260709_casp15_casp16_unique_lt1000_msa-variants/_staging/chai1_msa/predictions/T1227s1/colabfold,results/20260709_casp15_casp16_unique_lt1000_msa-variants/_staging/chai1_msa/predictions/T1227s1/colabfold/T1227s1_qc_Yes_CASP16_9N8W_A_residue_27-418_seq_1-427_coverage_0.918033.a3m,,runner CodeCarbon output: results/20260709_casp15_casp16_unique_lt1000_msa-variants/_staging/chai1_msa/predictions/T1227s1/chai1_msa/carbon/T1227s1_chai1_msa_inference_emissions.csv,,,,,,,157.90895550418645,3.7690758713730004,0.00793489657131158,,,,,,true,offline,WORLD,world,constant,475.0,configurable_default_world_average,0.0037690758713730004,3.7690758713730004,0.00793489657131158,16.52354208359516,142.3333083124466,70.0,0.0003559323007109008,0.006075472082599731,0.001503492188000948,156.27571755368263,,
T1266,8QFB,A,chai1_msa,1,results/20260709_casp15_casp16_unique_lt1000_msa-variants/_staging/chai1_msa/predictions/T1266/chai1_msa/rank_001.pdb,true,0,118.74858270585537,118.74858270585537,1,,,,SHARED_MSA_A3M_FILE=results/20260709_casp15_casp16_unique_lt1000_msa-variants/_staging/chai1_msa/predictions/T1266/colabfold/T1266_qc_Check_CASP16_8QFB_A_residue_563-860_seq_1-336_coverage_0.886905.a3m SHARED_MSA_DIR=results/20260709_casp15_casp16_unique_lt1000_msa-variants/_staging/chai1_msa/predictions/T1266/colabfold SHARED_MSA_METADATA_FILE=results/20260709_casp15_casp16_unique_lt1000_msa-variants/_staging/chai1_msa/metadata/prediction_manifest.csv bash runners/run_chai1_shared_msa.sh results/20260709_casp15_casp16_unique_lt1000_msa-variants/_staging/chai1_msa/sequences/T1266.fasta results/20260709_casp15_casp16_unique_lt1000_msa-variants/_staging/chai1_msa/predictions/T1266/chai1_msa 1,,true,colabfold_mmseqs2,shared_precomputed_msa,,,false,false,true,,results/20260709_casp15_casp16_unique_lt1000_msa-variants/_staging/chai1_msa/predictions/T1266/colabfold,results/20260709_casp15_casp16_unique_lt1000_msa-variants/_staging/chai1_msa/predictions/T1266/colabfold/T1266_qc_Check_CASP16_8QFB_A_residue_563-860_seq_1-336_coverage_0.886905.a3m,,runner CodeCarbon output: results/20260709_casp15_casp16_unique_lt1000_msa-variants/_staging/chai1_msa/predictions/T1266/chai1_msa/carbon/T1266_chai1_msa_inference_emissions.csv,,,,,,,118.74858270585537,2.6227521406867336,0.005521583454077334,,,,,,true,offline,WORLD,world,constant,475.0,configurable_default_world_average,0.0026227521406867334,2.6227521406867336,0.005521583454077334,16.574345160549584,129.0172144802136,70.0,0.000268415508460553,0.004123134409617535,0.001130033535999246,117.11941267037764,,
T1272s2,9C3C,a,chai1_msa,1,results/20260709_casp15_casp16_unique_lt1000_msa-variants/_staging/chai1_msa/predictions/T1272s2/chai1_msa/rank_001.pdb,true,0,119.21687102876604,119.21687102876604,1,,,,SHARED_MSA_A3M_FILE=results/20260709_casp15_casp16_unique_lt1000_msa-variants/_staging/chai1_msa/predictions/T1272s2/colabfold/T1272s2_qc_Check_CASP16_9C3C_a_residue_25-350_seq_1-363_coverage_0.972393.a3m SHARED_MSA_DIR=results/20260709_casp15_casp16_unique_lt1000_msa-variants/_staging/chai1_msa/predictions/T1272s2/colabfold SHARED_MSA_METADATA_FILE=results/20260709_casp15_casp16_unique_lt1000_msa-variants/_staging/chai1_msa/metadata/prediction_manifest.csv bash runners/run_chai1_shared_msa.sh results/20260709_casp15_casp16_unique_lt1000_msa-variants/_staging/chai1_msa/sequences/T1272s2.fasta results/20260709_casp15_casp16_unique_lt1000_msa-variants/_staging/chai1_msa/predictions/T1272s2/chai1_msa 1,,true,colabfold_mmseqs2,shared_precomputed_msa,,,false,false,true,,results/20260709_casp15_casp16_unique_lt1000_msa-variants/_staging/chai1_msa/predictions/T1272s2/colabfold,results/20260709_casp15_casp16_unique_lt1000_msa-variants/_staging/chai1_msa/predictions/T1272s2/colabfold/T1272s2_qc_Check_CASP16_9C3C_a_residue_25-350_seq_1-363_coverage_0.972393.a3m,,runner CodeCarbon output: results/20260709_casp15_casp16_unique_lt1000_msa-variants/_staging/chai1_msa/predictions/T1272s2/chai1_msa/carbon/T1272s2_chai1_msa_inference_emissions.csv,,,,,,,119.21687102876604,2.6279702904214575,0.005532569032466226,,,,,,true,offline,WORLD,world,constant,475.0,configurable_default_world_average,0.0026279702904214576,2.6279702904214575,0.005532569032466226,16.553756456993558,128.76910588146728,70.0,0.0002701698273159865,0.004124103021496239,0.0011382961836540041,117.55772675434127,,
T1272s3,9C3C,b,chai1_msa,1,results/20260709_casp15_casp16_unique_lt1000_msa-variants/_staging/chai1_msa/predictions/T1272s3/chai1_msa/rank_001.pdb,true,0,118.6319447918795,118.6319447918795,1,,,,SHARED_MSA_A3M_FILE=results/20260709_casp15_casp16_unique_lt1000_msa-variants/_staging/chai1_msa/predictions/T1272s3/colabfold/T1272s3_qc_Check_CASP16_9C3C_b_residue_57-318_seq_1-318_coverage_0.823899.a3m SHARED_MSA_DIR=results/20260709_casp15_casp16_unique_lt1000_msa-variants/_staging/chai1_msa/predictions/T1272s3/colabfold SHARED_MSA_METADATA_FILE=results/20260709_casp15_casp16_unique_lt1000_msa-variants/_staging/chai1_msa/metadata/prediction_manifest.csv bash runners/run_chai1_shared_msa.sh results/20260709_casp15_casp16_unique_lt1000_msa-variants/_staging/chai1_msa/sequences/T1272s3.fasta results/20260709_casp15_casp16_unique_lt1000_msa-variants/_staging/chai1_msa/predictions/T1272s3/chai1_msa 1,,true,colabfold_mmseqs2,shared_precomputed_msa,,,false,false,true,,results/20260709_casp15_casp16_unique_lt1000_msa-variants/_staging/chai1_msa/predictions/T1272s3/colabfold,results/20260709_casp15_casp16_unique_lt1000_msa-variants/_staging/chai1_msa/predictions/T1272s3/colabfold/T1272s3_qc_Check_CASP16_9C3C_b_residue_57-318_seq_1-318_coverage_0.823899.a3m,,runner CodeCarbon output: results/20260709_casp15_casp16_unique_lt1000_msa-variants/_staging/chai1_msa/predictions/T1272s3/chai1_msa/carbon/T1272s3_chai1_msa_inference_emissions.csv,,,,,,,118.6319447918795,2.6162044968870197,0.005507798940814778,,,,,,true,offline,WORLD,world,constant,475.0,configurable_default_world_average,0.00261620449688702,2.6162044968870197,0.005507798940814778,16.42632062732329,128.298070374326,70.0,0.0002681354824904051,0.004093211607894887,0.0011464518504294885,116.99889893690124,,
T1272s4,9C3C,d,chai1_msa,1,results/20260709_casp15_casp16_unique_lt1000_msa-variants/_staging/chai1_msa/predictions/T1272s4/chai1_msa/rank_001.pdb,true,0,117.94674651138484,117.94674651138484,1,,,,SHARED_MSA_A3M_FILE=results/20260709_casp15_casp16_unique_lt1000_msa-variants/_staging/chai1_msa/predictions/T1272s4/colabfold/T1272s4_qc_Check_CASP16_9C3C_d_residue_21-289_seq_1-289_coverage_0.930796.a3m SHARED_MSA_DIR=results/20260709_casp15_casp16_unique_lt1000_msa-variants/_staging/chai1_msa/predictions/T1272s4/colabfold SHARED_MSA_METADATA_FILE=results/20260709_casp15_casp16_unique_lt1000_msa-variants/_staging/chai1_msa/metadata/prediction_manifest.csv bash runners/run_chai1_shared_msa.sh results/20260709_casp15_casp16_unique_lt1000_msa-variants/_staging/chai1_msa/sequences/T1272s4.fasta results/20260709_casp15_casp16_unique_lt1000_msa-variants/_staging/chai1_msa/predictions/T1272s4/chai1_msa 1,,true,colabfold_mmseqs2,shared_precomputed_msa,,,false,false,true,,results/20260709_casp15_casp16_unique_lt1000_msa-variants/_staging/chai1_msa/predictions/T1272s4/colabfold,results/20260709_casp15_casp16_unique_lt1000_msa-variants/_staging/chai1_msa/predictions/T1272s4/colabfold/T1272s4_qc_Check_CASP16_9C3C_d_residue_21-289_seq_1-289_coverage_0.930796.a3m,,runner CodeCarbon output: results/20260709_casp15_casp16_unique_lt1000_msa-variants/_staging/chai1_msa/predictions/T1272s4/chai1_msa/carbon/T1272s4_chai1_msa_inference_emissions.csv,,,,,,,117.94674651138484,2.6015502021804036,0.0054769477940640075,,,,,,true,offline,WORLD,world,constant,475.0,configurable_default_world_average,0.0026015502021804037,2.6015502021804036,0.0054769477940640075,16.561772577397832,128.94036269136535,70.0,0.0002667685844667078,0.00408687104727079,0.0011233081623265107,116.30989610776305,,
T1272s5,9C3C,g,chai1_msa,1,results/20260709_casp15_casp16_unique_lt1000_msa-variants/_staging/chai1_msa/predictions/T1272s5/chai1_msa/rank_001.pdb,true,0,118.5083008040674,118.5083008040674,1,,,,SHARED_MSA_A3M_FILE=results/20260709_casp15_casp16_unique_lt1000_msa-variants/_staging/chai1_msa/predictions/T1272s5/colabfold/T1272s5_qc_Check_CASP16_9C3C_g_residue_28-291_seq_1-291_coverage_0.907216.a3m SHARED_MSA_DIR=results/20260709_casp15_casp16_unique_lt1000_msa-variants/_staging/chai1_msa/predictions/T1272s5/colabfold SHARED_MSA_METADATA_FILE=results/20260709_casp15_casp16_unique_lt1000_msa-variants/_staging/chai1_msa/metadata/prediction_manifest.csv bash runners/run_chai1_shared_msa.sh results/20260709_casp15_casp16_unique_lt1000_msa-variants/_staging/chai1_msa/sequences/T1272s5.fasta results/20260709_casp15_casp16_unique_lt1000_msa-variants/_staging/chai1_msa/predictions/T1272s5/chai1_msa 1,,true,colabfold_mmseqs2,shared_precomputed_msa,,,false,false,true,,results/20260709_casp15_casp16_unique_lt1000_msa-variants/_staging/chai1_msa/predictions/T1272s5/colabfold,results/20260709_casp15_casp16_unique_lt1000_msa-variants/_staging/chai1_msa/predictions/T1272s5/colabfold/T1272s5_qc_Check_CASP16_9C3C_g_residue_28-291_seq_1-291_coverage_0.907216.a3m,,runner CodeCarbon output: results/20260709_casp15_casp16_unique_lt1000_msa-variants/_staging/chai1_msa/predictions/T1272s5/chai1_msa/carbon/T1272s5_chai1_msa_inference_emissions.csv,,,,,,,118.5083008040674,2.612218666675598,0.005499407719317049,,,,,,true,offline,WORLD,world,constant,475.0,configurable_default_world_average,0.0026122186666755983,2.612218666675598,0.005499407719317049,16.573689224954745,127.96851642801786,70.0,0.0002720837371448328,0.004082933544118816,0.0011443904380533951,116.87296686274931,,
T1272s6,9C3C,A,chai1_msa,1,results/20260709_casp15_casp16_unique_lt1000_msa-variants/_staging/chai1_msa/predictions/T1272s6/chai1_msa/rank_001.pdb,true,0,263.6056191069074,263.6056191069074,1,,,,SHARED_MSA_A3M_FILE=results/20260709_casp15_casp16_unique_lt1000_msa-variants/_staging/chai1_msa/predictions/T1272s6/colabfold/T1272s6_qc_Check_CASP16_9C3C_A_residue_63-653_seq_1-624_coverage_0.641026.a3m SHARED_MSA_DIR=results/20260709_casp15_casp16_unique_lt1000_msa-variants/_staging/chai1_msa/predictions/T1272s6/colabfold SHARED_MSA_METADATA_FILE=results/20260709_casp15_casp16_unique_lt1000_msa-variants/_staging/chai1_msa/metadata/prediction_manifest.csv bash runners/run_chai1_shared_msa.sh results/20260709_casp15_casp16_unique_lt1000_msa-variants/_staging/chai1_msa/sequences/T1272s6.fasta results/20260709_casp15_casp16_unique_lt1000_msa-variants/_staging/chai1_msa/predictions/T1272s6/chai1_msa 1,,true,colabfold_mmseqs2,shared_precomputed_msa,,,false,false,true,,results/20260709_casp15_casp16_unique_lt1000_msa-variants/_staging/chai1_msa/predictions/T1272s6/colabfold,results/20260709_casp15_casp16_unique_lt1000_msa-variants/_staging/chai1_msa/predictions/T1272s6/colabfold/T1272s6_qc_Check_CASP16_9C3C_A_residue_63-653_seq_1-624_coverage_0.641026.a3m,,runner CodeCarbon output: results/20260709_casp15_casp16_unique_lt1000_msa-variants/_staging/chai1_msa/predictions/T1272s6/chai1_msa/carbon/T1272s6_chai1_msa_inference_emissions.csv,,,,,,,263.6056191069074,6.934229662778935,0.014598378237429337,,,,,,true,offline,WORLD,world,constant,475.0,configurable_default_world_average,0.006934229662778935,6.934229662778935,0.014598378237429337,16.547983442801684,159.63648186316757,70.0,0.0005992221478201592,0.011469876398123802,0.0025292796914853774,261.9532913900912,,
T1272s7,9C3C,B,chai1_msa,1,results/20260709_casp15_casp16_unique_lt1000_msa-variants/_staging/chai1_msa/predictions/T1272s7/chai1_msa/rank_001.pdb,true,0,89.00031984783709,89.00031984783709,1,,,,SHARED_MSA_A3M_FILE=results/20260709_casp15_casp16_unique_lt1000_msa-variants/_staging/chai1_msa/predictions/T1272s7/colabfold/T1272s7_qc_No_CASP16_9C3C_B_residue_654-798_seq_1-242_coverage_1.000000.a3m SHARED_MSA_DIR=results/20260709_casp15_casp16_unique_lt1000_msa-variants/_staging/chai1_msa/predictions/T1272s7/colabfold SHARED_MSA_METADATA_FILE=results/20260709_casp15_casp16_unique_lt1000_msa-variants/_staging/chai1_msa/metadata/prediction_manifest.csv bash runners/run_chai1_shared_msa.sh results/20260709_casp15_casp16_unique_lt1000_msa-variants/_staging/chai1_msa/sequences/T1272s7.fasta results/20260709_casp15_casp16_unique_lt1000_msa-variants/_staging/chai1_msa/predictions/T1272s7/chai1_msa 1,,true,colabfold_mmseqs2,shared_precomputed_msa,,,false,false,true,,results/20260709_casp15_casp16_unique_lt1000_msa-variants/_staging/chai1_msa/predictions/T1272s7/colabfold,results/20260709_casp15_casp16_unique_lt1000_msa-variants/_staging/chai1_msa/predictions/T1272s7/colabfold/T1272s7_qc_No_CASP16_9C3C_B_residue_654-798_seq_1-242_coverage_1.000000.a3m,,runner CodeCarbon output: results/20260709_casp15_casp16_unique_lt1000_msa-variants/_staging/chai1_msa/predictions/T1272s7/chai1_msa/carbon/T1272s7_chai1_msa_inference_emissions.csv,,,,,,,89.00031984783709,1.728041060373283,0.003637981179733227,,,,,,true,offline,WORLD,world,constant,475.0,configurable_default_world_average,0.001728041060373283,1.728041060373283,0.003637981179733227,16.572339822915694,109.0246086341501,70.0,0.0002018066934852692,0.0025877740146569295,0.0008484004715910288,87.3722363319248,,
T1272s9,9C3C,n,chai1_msa,1,results/20260709_casp15_casp16_unique_lt1000_msa-variants/_staging/chai1_msa/predictions/T1272s9/chai1_msa/rank_001.pdb,true,0,90.06035698298365,90.06035698298365,1,,,,SHARED_MSA_A3M_FILE=results/20260709_casp15_casp16_unique_lt1000_msa-variants/_staging/chai1_msa/predictions/T1272s9/colabfold/T1272s9_qc_Check_CASP16_9C3C_n_residue_42-216_seq_1-238_coverage_0.735294.a3m SHARED_MSA_DIR=results/20260709_casp15_casp16_unique_lt1000_msa-variants/_staging/chai1_msa/predictions/T1272s9/colabfold SHARED_MSA_METADATA_FILE=results/20260709_casp15_casp16_unique_lt1000_msa-variants/_staging/chai1_msa/metadata/prediction_manifest.csv bash runners/run_chai1_shared_msa.sh results/20260709_casp15_casp16_unique_lt1000_msa-variants/_staging/chai1_msa/sequences/T1272s9.fasta results/20260709_casp15_casp16_unique_lt1000_msa-variants/_staging/chai1_msa/predictions/T1272s9/chai1_msa 1,,true,colabfold_mmseqs2,shared_precomputed_msa,,,false,false,true,,results/20260709_casp15_casp16_unique_lt1000_msa-variants/_staging/chai1_msa/predictions/T1272s9/colabfold,results/20260709_casp15_casp16_unique_lt1000_msa-variants/_staging/chai1_msa/predictions/T1272s9/colabfold/T1272s9_qc_Check_CASP16_9C3C_n_residue_42-216_seq_1-238_coverage_0.735294.a3m,,runner CodeCarbon output: results/20260709_casp15_casp16_unique_lt1000_msa-variants/_staging/chai1_msa/predictions/T1272s9/chai1_msa/carbon/T1272s9_chai1_msa_inference_emissions.csv,,,,,,,90.06035698298365,1.738200517401904,0.0036593695103197977,,,,,,true,offline,WORLD,world,constant,475.0,configurable_default_world_average,0.001738200517401904,1.738200517401904,0.0036593695103197977,16.54372664687068,108.03799218079098,70.0,0.0002039359290785107,0.0025967345773949546,0.0008586990038463333,88.41836774209514,,
T1280,9F5M,AAA,chai1_msa,1,results/20260709_casp15_casp16_unique_lt1000_msa-variants/_staging/chai1_msa/predictions/T1280/chai1_msa/rank_001.pdb,true,0,90.08574548410252,90.08574548410252,1,,,,SHARED_MSA_A3M_FILE=results/20260709_casp15_casp16_unique_lt1000_msa-variants/_staging/chai1_msa/predictions/T1280/colabfold/T1280_qc_Check_CASP16_9F5M_AAA_residue_615-848_seq_1-237_coverage_0.995745.a3m SHARED_MSA_DIR=results/20260709_casp15_casp16_unique_lt1000_msa-variants/_staging/chai1_msa/predictions/T1280/colabfold SHARED_MSA_METADATA_FILE=results/20260709_casp15_casp16_unique_lt1000_msa-variants/_staging/chai1_msa/metadata/prediction_manifest.csv bash runners/run_chai1_shared_msa.sh results/20260709_casp15_casp16_unique_lt1000_msa-variants/_staging/chai1_msa/sequences/T1280.fasta results/20260709_casp15_casp16_unique_lt1000_msa-variants/_staging/chai1_msa/predictions/T1280/chai1_msa 1,,true,colabfold_mmseqs2,shared_precomputed_msa,,,false,false,true,,results/20260709_casp15_casp16_unique_lt1000_msa-variants/_staging/chai1_msa/predictions/T1280/colabfold,results/20260709_casp15_casp16_unique_lt1000_msa-variants/_staging/chai1_msa/predictions/T1280/colabfold/T1280_qc_Check_CASP16_9F5M_AAA_residue_615-848_seq_1-237_coverage_0.995745.a3m,,runner CodeCarbon output: results/20260709_casp15_casp16_unique_lt1000_msa-variants/_staging/chai1_msa/predictions/T1280/chai1_msa/carbon/T1280_chai1_msa_inference_emissions.csv,,,,,,,90.08574548410252,1.7405334596067439,0.003664280967593145,,,,,,true,offline,WORLD,world,constant,475.0,configurable_default_world_average,0.0017405334596067438,1.7405334596067439,0.003664280967593145,16.53273482707759,108.31058026376837,70.0,0.00020381567876164665,0.0026016384701961215,0.0008588268186353768,88.45565826492384,,
T1299,9FJL,A,chai1_msa,1,results/20260709_casp15_casp16_unique_lt1000_msa-variants/_staging/chai1_msa/predictions/T1299/chai1_msa/rank_001.pdb,true,0,89.46178141981363,89.46178141981363,1,,,,SHARED_MSA_A3M_FILE=results/20260709_casp15_casp16_unique_lt1000_msa-variants/_staging/chai1_msa/predictions/T1299/colabfold/T1299_qc_Yes_CASP16_9FJL_A_residue_1-168_seq_1-168_coverage_1.000000.a3m SHARED_MSA_DIR=results/20260709_casp15_casp16_unique_lt1000_msa-variants/_staging/chai1_msa/predictions/T1299/colabfold SHARED_MSA_METADATA_FILE=results/20260709_casp15_casp16_unique_lt1000_msa-variants/_staging/chai1_msa/metadata/prediction_manifest.csv bash runners/run_chai1_shared_msa.sh results/20260709_casp15_casp16_unique_lt1000_msa-variants/_staging/chai1_msa/sequences/T1299.fasta results/20260709_casp15_casp16_unique_lt1000_msa-variants/_staging/chai1_msa/predictions/T1299/chai1_msa 1,,true,colabfold_mmseqs2,shared_precomputed_msa,,,false,false,true,,results/20260709_casp15_casp16_unique_lt1000_msa-variants/_staging/chai1_msa/predictions/T1299/colabfold,results/20260709_casp15_casp16_unique_lt1000_msa-variants/_staging/chai1_msa/predictions/T1299/colabfold/T1299_qc_Yes_CASP16_9FJL_A_residue_1-168_seq_1-168_coverage_1.000000.a3m,,runner CodeCarbon output: results/20260709_casp15_casp16_unique_lt1000_msa-variants/_staging/chai1_msa/predictions/T1299/chai1_msa/carbon/T1299_chai1_msa_inference_emissions.csv,,,,,,,89.46178141981363,1.7350338523149231,0.0036527028469787856,,,,,,true,offline,WORLD,world,constant,475.0,configurable_default_world_average,0.001735033852314923,1.7350338523149231,0.0036527028469787856,16.58897410357758,107.93322819061054,70.0,0.0002063466116509459,0.0025801037307502384,0.0008662525045776017,87.79289796482772,,
T1104,7ROA,A,boltz2_nomsa,1,results/20260709_casp15_casp16_unique_lt1000_msa-variants/_staging/boltz2_nomsa/predictions/T1104/boltz2_nomsa/rank_001.pdb,true,0,59.31961149116978,59.31961149116978,1,,,,bash runners/run_boltz2.sh results/20260709_casp15_casp16_unique_lt1000_msa-variants/_staging/boltz2_nomsa/sequences/T1104.fasta results/20260709_casp15_casp16_unique_lt1000_msa-variants/_staging/boltz2_nomsa/predictions/T1104/boltz2_nomsa 1,,,,,,,,,,,,,,runner CodeCarbon output: results/20260709_casp15_casp16_unique_lt1000_msa-variants/_staging/boltz2_nomsa/predictions/T1104/boltz2_nomsa/carbon/T1104_boltz2_nomsa_inference_emissions.csv,,,,,,,59.31961149116978,0.8503948568468142,0.0017903049617827667,,,,,,true,offline,WORLD,world,constant,475.0,configurable_default_world_average,0.0008503948568468142,0.8503948568468142,0.0017903049617827667,57.772888694921065,52.812252247595445,70.0,0.000454427024046046,0.000761696720463334,0.0005741812172733868,57.59892885386944,,
T1106s1,7QIH,B,boltz2_nomsa,1,results/20260709_casp15_casp16_unique_lt1000_msa-variants/_staging/boltz2_nomsa/predictions/T1106s1/boltz2_nomsa/rank_001.pdb,true,0,49.36160690989345,49.36160690989345,1,,,,bash runners/run_boltz2.sh results/20260709_casp15_casp16_unique_lt1000_msa-variants/_staging/boltz2_nomsa/sequences/T1106s1.fasta results/20260709_casp15_casp16_unique_lt1000_msa-variants/_staging/boltz2_nomsa/predictions/T1106s1/boltz2_nomsa 1,,,,,,,,,,,,,,runner CodeCarbon output: results/20260709_casp15_casp16_unique_lt1000_msa-variants/_staging/boltz2_nomsa/predictions/T1106s1/boltz2_nomsa/carbon/T1106s1_boltz2_nomsa_inference_emissions.csv,,,,,,,49.36160690989345,0.6455225290635705,0.0013589947980285695,,,,,,true,offline,WORLD,world,constant,475.0,configurable_default_world_average,0.0006455225290635706,0.6455225290635705,0.0013589947980285695,19.979273079079793,58.76546241488669,70.0,0.0001359134847317343,0.0007431764278749142,0.00047990488542192097,47.61980254203081,,
T1106s2,7QIH,A,boltz2_nomsa,1,results/20260709_casp15_casp16_unique_lt1000_msa-variants/_staging/boltz2_nomsa/predictions/T1106s2/boltz2_nomsa/rank_001.pdb,true,0,53.26523521915078,53.26523521915078,1,,,,bash runners/run_boltz2.sh results/20260709_casp15_casp16_unique_lt1000_msa-variants/_staging/boltz2_nomsa/sequences/T1106s2.fasta results/20260709_casp15_casp16_unique_lt1000_msa-variants/_staging/boltz2_nomsa/predictions/T1106s2/boltz2_nomsa 1,,,,,,,,,,,,,,runner CodeCarbon output: results/20260709_casp15_casp16_unique_lt1000_msa-variants/_staging/boltz2_nomsa/predictions/T1106s2/boltz2_nomsa/carbon/T1106s2_boltz2_nomsa_inference_emissions.csv,,,,,,,53.26523521915078,0.7981296596585135,0.0016802729677021335,,,,,,true,offline,WORLD,world,constant,475.0,configurable_default_world_average,0.0007981296596585134,0.7981296596585135,0.0016802729677021335,52.36753640897061,63.92544468775913,70.0,0.0003682187924093802,0.0007968728597163022,0.0005151813155764507,51.58223905507475,,
T1112,8ORK,AAA,boltz2_nomsa,1,results/20260709_casp15_casp16_unique_lt1000_msa-variants/_staging/boltz2_nomsa/predictions/T1112/boltz2_nomsa/rank_001.pdb,true,0,75.30602875119075,75.30602875119075,1,,,,bash runners/run_boltz2.sh results/20260709_casp15_casp16_unique_lt1000_msa-variants/_staging/boltz2_nomsa/sequences/T1112.fasta results/20260709_casp15_casp16_unique_lt1000_msa-variants/_staging/boltz2_nomsa/predictions/T1112/boltz2_nomsa 1,,,,,,,,,,,,,,runner CodeCarbon output: results/20260709_casp15_casp16_unique_lt1000_msa-variants/_staging/boltz2_nomsa/predictions/T1112/boltz2_nomsa/carbon/T1112_boltz2_nomsa_inference_emissions.csv,,,,,,,75.30602875119075,1.5669822082950573,0.0032989099122001206,,,,,,true,offline,WORLD,world,constant,475.0,configurable_default_world_average,0.0015669822082950574,1.5669822082950573,0.0032989099122001206,19.964367436749992,119.68648744162624,70.0,0.00020326863841419165,0.002378594680649826,0.0007170465931361026,73.53843202395365,,
T1114s1,7UTD,Q,boltz2_nomsa,1,results/20260709_casp15_casp16_unique_lt1000_msa-variants/_staging/boltz2_nomsa/predictions/T1114s1/boltz2_nomsa/rank_001.pdb,true,0,63.011440050788224,63.011440050788224,1,,,,bash runners/run_boltz2.sh results/20260709_casp15_casp16_unique_lt1000_msa-variants/_staging/boltz2_nomsa/sequences/T1114s1.fasta results/20260709_casp15_casp16_unique_lt1000_msa-variants/_staging/boltz2_nomsa/predictions/T1114s1/boltz2_nomsa 1,,,,,,,,,,,,,,runner CodeCarbon output: results/20260709_casp15_casp16_unique_lt1000_msa-variants/_staging/boltz2_nomsa/predictions/T1114s1/boltz2_nomsa/carbon/T1114s1_boltz2_nomsa_inference_emissions.csv,,,,,,,63.011440050788224,0.9609173021725036,0.002022983794047376,,,,,,true,offline,WORLD,world,constant,475.0,configurable_default_world_average,0.0009609173021725036,0.9609173021725036,0.002022983794047376,56.391457710225005,58.04539867313368,70.0,0.00046565010548431433,0.0009603560460611504,0.0005969776425019116,61.3778948741965,,
T1114s2,7UTD,B,boltz2_nomsa,1,results/20260709_casp15_casp16_unique_lt1000_msa-variants/_staging/boltz2_nomsa/predictions/T1114s2/boltz2_nomsa/rank_001.pdb,true,0,61.32916540419683,61.32916540419683,1,,,,bash runners/run_boltz2.sh results/20260709_casp15_casp16_unique_lt1000_msa-variants/_staging/boltz2_nomsa/sequences/T1114s2.fasta results/20260709_casp15_casp16_unique_lt1000_msa-variants/_staging/boltz2_nomsa/predictions/T1114s2/boltz2_nomsa 1,,,,,,,,,,,,,,runner CodeCarbon output: results/20260709_casp15_casp16_unique_lt1000_msa-variants/_staging/boltz2_nomsa/predictions/T1114s2/boltz2_nomsa/carbon/T1114s2_boltz2_nomsa_inference_emissions.csv,,,,,,,61.32916540419683,1.1369036621881254,0.002393481394080264,,,,,,true,offline,WORLD,world,constant,475.0,configurable_default_world_average,0.0011369036621881254,1.1369036621881254,0.002393481394080264,17.04055465367796,102.73904263170893,70.0,0.00014436183972009668,0.0016556618800862566,0.0005934576742739106,59.653148444369435,,
T1114s3,7UTD,A,boltz2_nomsa,1,results/20260709_casp15_casp16_unique_lt1000_msa-variants/_staging/boltz2_nomsa/predictions/T1114s3/boltz2_nomsa/rank_001.pdb,true,0,96.63628862192854,96.63628862192854,1,,,,bash runners/run_boltz2.sh results/20260709_casp15_casp16_unique_lt1000_msa-variants/_staging/boltz2_nomsa/sequences/T1114s3.fasta results/20260709_casp15_casp16_unique_lt1000_msa-variants/_staging/boltz2_nomsa/predictions/T1114s3/boltz2_nomsa 1,,,,,,,,,,,,,,runner CodeCarbon output: results/20260709_casp15_casp16_unique_lt1000_msa-variants/_staging/boltz2_nomsa/predictions/T1114s3/boltz2_nomsa/carbon/T1114s3_boltz2_nomsa_inference_emissions.csv,,,,,,,96.63628862192854,2.2101354187337447,0.00465291667101841,,,,,,true,offline,WORLD,world,constant,475.0,configurable_default_world_average,0.002210135418733745,2.2101354187337447,0.00465291667101841,37.78106527484042,125.18285407427537,70.0,0.0004887933332310479,0.003230954251428386,0.0009331690863589755,94.9467022861354,,
T1120,7QVB,B,boltz2_nomsa,1,results/20260709_casp15_casp16_unique_lt1000_msa-variants/_staging/boltz2_nomsa/predictions/T1120/boltz2_nomsa/rank_001.pdb,true,0,49.62311683874577,49.62311683874577,1,,,,bash runners/run_boltz2.sh results/20260709_casp15_casp16_unique_lt1000_msa-variants/_staging/boltz2_nomsa/sequences/T1120.fasta results/20260709_casp15_casp16_unique_lt1000_msa-variants/_staging/boltz2_nomsa/predictions/T1120/boltz2_nomsa 1,,,,,,,,,,,,,,runner CodeCarbon output: results/20260709_casp15_casp16_unique_lt1000_msa-variants/_staging/boltz2_nomsa/predictions/T1120/boltz2_nomsa/carbon/T1120_boltz2_nomsa_inference_emissions.csv,,,,,,,49.62311683874577,0.7556899804020718,0.0015909262745306774,,,,,,true,offline,WORLD,world,constant,475.0,configurable_default_world_average,0.0007556899804020718,0.7556899804020718,0.0015909262745306774,18.931390225292564,76.12471645948871,70.0,0.0001281908463231707,0.000978104949147962,0.0004846304790595443,47.92611792962998,,
T1122,8BBT,A,boltz2_nomsa,1,results/20260709_casp15_casp16_unique_lt1000_msa-variants/_staging/boltz2_nomsa/predictions/T1122/boltz2_nomsa/rank_001.pdb,true,0,59.229999027214944,59.229999027214944,1,,,,bash runners/run_boltz2.sh results/20260709_casp15_casp16_unique_lt1000_msa-variants/_staging/boltz2_nomsa/sequences/T1122.fasta results/20260709_casp15_casp16_unique_lt1000_msa-variants/_staging/boltz2_nomsa/predictions/T1122/boltz2_nomsa 1,,,,,,,,,,,,,,runner CodeCarbon output: results/20260709_casp15_casp16_unique_lt1000_msa-variants/_staging/boltz2_nomsa/predictions/T1122/boltz2_nomsa/carbon/T1122_boltz2_nomsa_inference_emissions.csv,,,,,,,59.229999027214944,0.9609419127688933,0.002023035605829249,,,,,,true,offline,WORLD,world,constant,475.0,configurable_default_world_average,0.0009609419127688933,0.9609419127688933,0.002023035605829249,55.63774129476315,64.8028653122929,70.0,0.00043208251768507523,0.00102151609499046,0.0005694369931537142,57.56993016274646,,
T1129s2,8A8C,B,boltz2_nomsa,1,results/20260709_casp15_casp16_unique_lt1000_msa-variants/_staging/boltz2_nomsa/predictions/T1129s2/boltz2_nomsa/rank_001.pdb,true,0,108.92809928301722,108.92809928301722,1,,,,bash runners/run_boltz2.sh results/20260709_casp15_casp16_unique_lt1000_msa-variants/_staging/boltz2_nomsa/sequences/T1129s2.fasta results/20260709_casp15_casp16_unique_lt1000_msa-variants/_staging/boltz2_nomsa/predictions/T1129s2/boltz2_nomsa 1,,,,,,,,,,,,,,runner CodeCarbon output: results/20260709_casp15_casp16_unique_lt1000_msa-variants/_staging/boltz2_nomsa/predictions/T1129s2/boltz2_nomsa/carbon/T1129s2_boltz2_nomsa_inference_emissions.csv,,,,,,,108.92809928301722,2.8155855000627787,0.0059275484211847975,,,,,,true,offline,WORLD,world,constant,475.0,configurable_default_world_average,0.0028155855000627787,2.8155855000627787,0.0059275484211847975,37.96454194990331,149.19089777865747,70.0,0.0005488124278034429,0.004347051810974278,0.001031684182407076,107.24511177511886,,
T1133,8DYS,A,boltz2_nomsa,1,results/20260709_casp15_casp16_unique_lt1000_msa-variants/_staging/boltz2_nomsa/predictions/T1133/boltz2_nomsa/rank_001.pdb,true,0,98.03993667988107,98.03993667988107,1,,,,bash runners/run_boltz2.sh results/20260709_casp15_casp16_unique_lt1000_msa-variants/_staging/boltz2_nomsa/sequences/T1133.fasta results/20260709_casp15_casp16_unique_lt1000_msa-variants/_staging/boltz2_nomsa/predictions/T1133/boltz2_nomsa 1,,,,,,,,,,,,,,runner CodeCarbon output: results/20260709_casp15_casp16_unique_lt1000_msa-variants/_staging/boltz2_nomsa/predictions/T1133/boltz2_nomsa/carbon/T1133_boltz2_nomsa_inference_emissions.csv,,,,,,,98.03993667988107,2.3104304944805865,0.004864064198906498,,,,,,true,offline,WORLD,world,constant,475.0,configurable_default_world_average,0.0023104304944805863,2.3104304944805865,0.004864064198906498,16.93785192642632,141.87948677052694,70.0,0.00022504975850427394,0.0037088346337341704,0.0009301798066680523,96.35141964815557,,
T1134s1,7UBZ,A,boltz2_nomsa,1,results/20260709_casp15_casp16_unique_lt1000_msa-variants/_staging/boltz2_nomsa/predictions/T1134s1/boltz2_nomsa/rank_001.pdb,true,0,57.37268238514662,57.37268238514662,1,,,,bash runners/run_boltz2.sh results/20260709_casp15_casp16_unique_lt1000_msa-variants/_staging/boltz2_nomsa/sequences/T1134s1.fasta results/20260709_casp15_casp16_unique_lt1000_msa-variants/_staging/boltz2_nomsa/predictions/T1134s1/boltz2_nomsa 1,,,,,,,,,,,,,,runner CodeCarbon output: results/20260709_casp15_casp16_unique_lt1000_msa-variants/_staging/boltz2_nomsa/predictions/T1134s1/boltz2_nomsa/carbon/T1134s1_boltz2_nomsa_inference_emissions.csv,,,,,,,57.37268238514662,0.9610879769627836,0.002023343109395334,,,,,,true,offline,WORLD,world,constant,475.0,configurable_default_world_average,0.0009610879769627836,0.9610879769627836,0.002023343109395334,53.8505876865,68.16482494280547,70.0,0.00045970627240805986,0.001021449150492515,0.0005421876864947585,55.5739212972112,,
T1134s2,7UBZ,D,boltz2_nomsa,1,results/20260709_casp15_casp16_unique_lt1000_msa-variants/_staging/boltz2_nomsa/predictions/T1134s2/boltz2_nomsa/rank_001.pdb,true,0,56.625638138037175,56.625638138037175,1,,,,bash runners/run_boltz2.sh results/20260709_casp15_casp16_unique_lt1000_msa-variants/_staging/boltz2_nomsa/sequences/T1134s2.fasta results/20260709_casp15_casp16_unique_lt1000_msa-variants/_staging/boltz2_nomsa/predictions/T1134s2/boltz2_nomsa 1,,,,,,,,,,,,,,runner CodeCarbon output: results/20260709_casp15_casp16_unique_lt1000_msa-variants/_staging/boltz2_nomsa/predictions/T1134s2/boltz2_nomsa/carbon/T1134s2_boltz2_nomsa_inference_emissions.csv,,,,,,,56.625638138037175,0.9582286419968743,0.002017323456835525,,,,,,true,offline,WORLD,world,constant,475.0,configurable_default_world_average,0.0009582286419968743,0.9582286419968743,0.002017323456835525,19.198737519500007,88.63661132813444,70.0,0.00015092944881600937,0.001312563272271916,0.000553830735747599,54.96029891539365,,
T1137s1,8FEF,A,boltz2_nomsa,1,results/20260709_casp15_casp16_unique_lt1000_msa-variants/_staging/boltz2_nomsa/predictions/T1137s1/boltz2_nomsa/rank_001.pdb,true,0,69.07905395515263,69.07905395515263,1,,,,bash runners/run_boltz2.sh results/20260709_casp15_casp16_unique_lt1000_msa-variants/_staging/boltz2_nomsa/sequences/T1137s1.fasta results/20260709_casp15_casp16_unique_lt1000_msa-variants/_staging/boltz2_nomsa/predictions/T1137s1/boltz2_nomsa 1,,,,,,,,,,,,,,runner CodeCarbon output: results/20260709_casp15_casp16_unique_lt1000_msa-variants/_staging/boltz2_nomsa/predictions/T1137s1/boltz2_nomsa/carbon/T1137s1_boltz2_nomsa_inference_emissions.csv,,,,,,,69.07905395515263,1.510793153731673,0.0031806171657508906,,,,,,true,offline,WORLD,world,constant,475.0,configurable_default_world_average,0.001510793153731673,1.510793153731673,0.0031806171657508906,50.414325659625,113.7334755654849,70.0,0.0004565211346972723,0.002067948043244172,0.0006561479878094463,67.4189402461052,,
T1137s2,8FEF,B,boltz2_nomsa,1,results/20260709_casp15_casp16_unique_lt1000_msa-variants/_staging/boltz2_nomsa/predictions/T1137s2/boltz2_nomsa/rank_001.pdb,true,0,59.621715461835265,59.621715461835265,1,,,,bash runners/run_boltz2.sh results/20260709_casp15_casp16_unique_lt1000_msa-variants/_staging/boltz2_nomsa/sequences/T1137s2.fasta results/20260709_casp15_casp16_unique_lt1000_msa-variants/_staging/boltz2_nomsa/predictions/T1137s2/boltz2_nomsa 1,,,,,,,,,,,,,,runner CodeCarbon output: results/20260709_casp15_casp16_unique_lt1000_msa-variants/_staging/boltz2_nomsa/predictions/T1137s2/boltz2_nomsa/carbon/T1137s2_boltz2_nomsa_inference_emissions.csv,,,,,,,59.621715461835265,1.0777690645803744,0.0022689875043797355,,,,,,true,offline,WORLD,world,constant,475.0,configurable_default_world_average,0.0010777690645803744,1.0777690645803744,0.0022689875043797355,19.780029324434214,97.32638624804578,70.0,0.0001630925009775087,0.0015241848304583527,0.0005817101729438746,57.94030843116343,,
T1137s3,8FEF,C,boltz2_nomsa,1,results/20260709_casp15_casp16_unique_lt1000_msa-variants/_staging/boltz2_nomsa/predictions/T1137s3/boltz2_nomsa/rank_001.pdb,true,0,87.27215564483777,87.27215564483777,1,,,,bash runners/run_boltz2.sh results/20260709_casp15_casp16_unique_lt1000_msa-variants/_staging/boltz2_nomsa/sequences/T1137s3.fasta results/20260709_casp15_casp16_unique_lt1000_msa-variants/_staging/boltz2_nomsa/predictions/T1137s3/boltz2_nomsa 1,,,,,,,,,,,,,,runner CodeCarbon output: results/20260709_casp15_casp16_unique_lt1000_msa-variants/_staging/boltz2_nomsa/predictions/T1137s3/boltz2_nomsa/carbon/T1137s3_boltz2_nomsa_inference_emissions.csv,,,,,,,87.27215564483777,2.088095979050437,0.004395991534843026,,,,,,true,offline,WORLD,world,constant,475.0,configurable_default_world_average,0.0020880959790504374,2.088095979050437,0.004395991534843026,42.40453890808928,133.16682979146117,70.0,0.0004867483289988621,0.0030810610759601786,0.0008281821298839836,85.5596628668718,,
T1137s4,8FEF,D,boltz2_nomsa,1,results/20260709_casp15_casp16_unique_lt1000_msa-variants/_staging/boltz2_nomsa/predictions/T1137s4/boltz2_nomsa/rank_001.pdb,true,0,93.7310091778636,93.7310091778636,1,,,,bash runners/run_boltz2.sh results/20260709_casp15_casp16_unique_lt1000_msa-variants/_staging/boltz2_nomsa/sequences/T1137s4.fasta results/20260709_casp15_casp16_unique_lt1000_msa-variants/_staging/boltz2_nomsa/predictions/T1137s4/boltz2_nomsa 1,,,,,,,,,,,,,,runner CodeCarbon output: results/20260709_casp15_casp16_unique_lt1000_msa-variants/_staging/boltz2_nomsa/predictions/T1137s4/boltz2_nomsa/carbon/T1137s4_boltz2_nomsa_inference_emissions.csv,,,,,,,93.7310091778636,2.2270091467566493,0.004688440308961367,,,,,,true,offline,WORLD,world,constant,475.0,configurable_default_world_average,0.002227009146756649,2.2270091467566493,0.004688440308961367,30.543140862626387,135.37004119911413,70.0,0.0004016363121638782,0.003382446872624456,0.0009043571241730307,92.04196986975148,,
T1137s5,8FEF,E,boltz2_nomsa,1,results/20260709_casp15_casp16_unique_lt1000_msa-variants/_staging/boltz2_nomsa/predictions/T1137s5/boltz2_nomsa/rank_001.pdb,true,0,65.4436543630436,65.4436543630436,1,,,,bash runners/run_boltz2.sh results/20260709_casp15_casp16_unique_lt1000_msa-variants/_staging/boltz2_nomsa/sequences/T1137s5.fasta results/20260709_casp15_casp16_unique_lt1000_msa-variants/_staging/boltz2_nomsa/predictions/T1137s5/boltz2_nomsa 1,,,,,,,,,,,,,,runner CodeCarbon output: results/20260709_casp15_casp16_unique_lt1000_msa-variants/_staging/boltz2_nomsa/predictions/T1137s5/boltz2_nomsa/carbon/T1137s5_boltz2_nomsa_inference_emissions.csv,,,,,,,65.4436543630436,1.2680498875689437,0.00266957871067146,,,,,,true,offline,WORLD,world,constant,475.0,configurable_default_world_average,0.0012680498875689437,1.2680498875689437,0.00266957871067146,17.007394766467737,110.89894305972942,70.0,0.00015347553621687364,0.001885691786331023,0.0006304113881235631,63.050390078220516,,
T1137s6,8FEF,F,boltz2_nomsa,1,results/20260709_casp15_casp16_unique_lt1000_msa-variants/_staging/boltz2_nomsa/predictions/T1137s6/boltz2_nomsa/rank_001.pdb,true,0,87.56371122365817,87.56371122365817,1,,,,bash runners/run_boltz2.sh results/20260709_casp15_casp16_unique_lt1000_msa-variants/_staging/boltz2_nomsa/sequences/T1137s6.fasta results/20260709_casp15_casp16_unique_lt1000_msa-variants/_staging/boltz2_nomsa/predictions/T1137s6/boltz2_nomsa 1,,,,,,,,,,,,,,runner CodeCarbon output: results/20260709_casp15_casp16_unique_lt1000_msa-variants/_staging/boltz2_nomsa/predictions/T1137s6/boltz2_nomsa/carbon/T1137s6_boltz2_nomsa_inference_emissions.csv,,,,,,,87.56371122365817,2.131643811463294,0.004487671182027987,,,,,,true,offline,WORLD,world,constant,475.0,configurable_default_world_average,0.002131643811463294,2.131643811463294,0.004487671182027987,44.52207240971471,134.09657863596203,70.0,0.0005205412303282889,0.003123079720683819,0.0008440502310158792,85.88385620806366,,
T1137s7,8FEF,G,boltz2_nomsa,1,results/20260709_casp15_casp16_unique_lt1000_msa-variants/_staging/boltz2_nomsa/predictions/T1137s7/boltz2_nomsa/rank_001.pdb,true,0,116.31628593476489,116.31628593476489,1,,,,bash runners/run_boltz2.sh results/20260709_casp15_casp16_unique_lt1000_msa-variants/_staging/boltz2_nomsa/sequences/T1137s7.fasta results/20260709_casp15_casp16_unique_lt1000_msa-variants/_staging/boltz2_nomsa/predictions/T1137s7/boltz2_nomsa 1,,,,,,,,,,,,,,runner CodeCarbon output: results/20260709_casp15_casp16_unique_lt1000_msa-variants/_staging/boltz2_nomsa/predictions/T1137s7/boltz2_nomsa/carbon/T1137s7_boltz2_nomsa_inference_emissions.csv,,,,,,,116.31628593476489,2.885794725719547,0.0060753573173043095,,,,,,true,offline,WORLD,world,constant,475.0,configurable_default_world_average,0.002885794725719547,2.885794725719547,0.0060753573173043095,17.736678424401312,148.75158955933327,70.0,0.000282995090064187,0.004674195683797677,0.0011181665434424456,114.62553197611123,,
T1137s8,8FEF,I,boltz2_nomsa,1,results/20260709_casp15_casp16_unique_lt1000_msa-variants/_staging/boltz2_nomsa/predictions/T1137s8/boltz2_nomsa/rank_001.pdb,true,0,61.87431670492515,61.87431670492515,1,,,,bash runners/run_boltz2.sh results/20260709_casp15_casp16_unique_lt1000_msa-variants/_staging/boltz2_nomsa/sequences/T1137s8.fasta results/20260709_casp15_casp16_unique_lt1000_msa-variants/_staging/boltz2_nomsa/predictions/T1137s8/boltz2_nomsa 1,,,,,,,,,,,,,,runner CodeCarbon output: results/20260709_casp15_casp16_unique_lt1000_msa-variants/_staging/boltz2_nomsa/predictions/T1137s8/boltz2_nomsa/carbon/T1137s8_boltz2_nomsa_inference_emissions.csv,,,,,,,61.87431670492515,1.0491092691136907,0.002208651092870928,,,,,,true,offline,WORLD,world,constant,475.0,configurable_default_world_average,0.0010491092691136906,1.0491092691136907,0.002208651092870928,54.88295297673304,72.94433493565843,70.0,0.0004439778997681156,0.0011820976123431137,0.0005825755807596984,60.10244528390467,,
T1137s9,8FEF,J,boltz2_nomsa,1,results/20260709_casp15_casp16_unique_lt1000_msa-variants/_staging/boltz2_nomsa/predictions/T1137s9/boltz2_nomsa/rank_001.pdb,true,0,52.99641764210537,52.99641764210537,1,,,,bash runners/run_boltz2.sh results/20260709_casp15_casp16_unique_lt1000_msa-variants/_staging/boltz2_nomsa/sequences/T1137s9.fasta results/20260709_casp15_casp16_unique_lt1000_msa-variants/_staging/boltz2_nomsa/predictions/T1137s9/boltz2_nomsa 1,,,,,,,,,,,,,,runner CodeCarbon output: results/20260709_casp15_casp16_unique_lt1000_msa-variants/_staging/boltz2_nomsa/predictions/T1137s9/boltz2_nomsa/carbon/T1137s9_boltz2_nomsa_inference_emissions.csv,,,,,,,52.99641764210537,0.8714692227252787,0.0018346720478426921,,,,,,true,offline,WORLD,world,constant,475.0,configurable_default_world_average,0.0008714692227252787,0.8714692227252787,0.0018346720478426921,17.08980903399,88.03873000501116,70.0,0.00012237193332769762,0.001210599857365935,0.0005017002571490594,51.312540248036385,,
T1145,7UWW,A,boltz2_nomsa,1,results/20260709_casp15_casp16_unique_lt1000_msa-variants/_staging/boltz2_nomsa/predictions/T1145/boltz2_nomsa/rank_001.pdb,true,0,108.65801759809256,108.65801759809256,1,,,,bash runners/run_boltz2.sh results/20260709_casp15_casp16_unique_lt1000_msa-variants/_staging/boltz2_nomsa/sequences/T1145.fasta results/20260709_casp15_casp16_unique_lt1000_msa-variants/_staging/boltz2_nomsa/predictions/T1145/boltz2_nomsa 1,,,,,,,,,,,,,,runner CodeCarbon output: results/20260709_casp15_casp16_unique_lt1000_msa-variants/_staging/boltz2_nomsa/predictions/T1145/boltz2_nomsa/carbon/T1145_boltz2_nomsa_inference_emissions.csv,,,,,,,108.65801759809256,2.797106911533615,0.005888646129544453,,,,,,true,offline,WORLD,world,constant,475.0,configurable_default_world_average,0.0027971069115336152,2.797106911533615,0.005888646129544453,36.63053598179718,148.14976605512751,70.0,0.0005316085766477232,0.0043109762265558516,0.001046061326340876,106.9890717798844,,
T1147,8EM5,A,boltz2_nomsa,1,results/20260709_casp15_casp16_unique_lt1000_msa-variants/_staging/boltz2_nomsa/predictions/T1147/boltz2_nomsa/rank_001.pdb,true,0,46.55803749803454,46.55803749803454,1,,,,bash runners/run_boltz2.sh results/20260709_casp15_casp16_unique_lt1000_msa-variants/_staging/boltz2_nomsa/sequences/T1147.fasta results/20260709_casp15_casp16_unique_lt1000_msa-variants/_staging/boltz2_nomsa/predictions/T1147/boltz2_nomsa 1,,,,,,,,,,,,,,runner CodeCarbon output: results/20260709_casp15_casp16_unique_lt1000_msa-variants/_staging/boltz2_nomsa/predictions/T1147/boltz2_nomsa/carbon/T1147_boltz2_nomsa_inference_emissions.csv,,,,,,,46.55803749803454,0.6465923007126315,0.001361246948868698,,,,,,true,offline,WORLD,world,constant,475.0,configurable_default_world_average,0.0006465923007126315,0.6465923007126315,0.001361246948868698,19.250934002062493,65.71657596996296,70.0,0.00012477137284898392,0.0007812386805454707,0.000455236895474243,44.86149568995461,,
T1151s2,8D5V,A,boltz2_nomsa,1,results/20260709_casp15_casp16_unique_lt1000_msa-variants/_staging/boltz2_nomsa/predictions/T1151s2/boltz2_nomsa/rank_001.pdb,true,0,57.519865731708705,57.519865731708705,1,,,,bash runners/run_boltz2.sh results/20260709_casp15_casp16_unique_lt1000_msa-variants/_staging/boltz2_nomsa/sequences/T1151s2.fasta results/20260709_casp15_casp16_unique_lt1000_msa-variants/_staging/boltz2_nomsa/predictions/T1151s2/boltz2_nomsa 1,,,,,,,,,,,,,,runner CodeCarbon output: results/20260709_casp15_casp16_unique_lt1000_msa-variants/_staging/boltz2_nomsa/predictions/T1151s2/boltz2_nomsa/carbon/T1151s2_boltz2_nomsa_inference_emissions.csv,,,,,,,57.519865731708705,0.8506742701217255,0.001790893200256264,,,,,,true,offline,WORLD,world,constant,475.0,configurable_default_world_average,0.0008506742701217255,0.8506742701217255,0.001790893200256264,59.54347251029999,52.85651955127636,70.0,0.0004507819503915305,0.0007833434044535181,0.0005567678454112159,55.73872636305168,,
T1155,8PBV,A,boltz2_nomsa,1,results/20260709_casp15_casp16_unique_lt1000_msa-variants/_staging/boltz2_nomsa/predictions/T1155/boltz2_nomsa/rank_001.pdb,true,0,46.87838690262288,46.87838690262288,1,,,,bash runners/run_boltz2.sh results/20260709_casp15_casp16_unique_lt1000_msa-variants/_staging/boltz2_nomsa/sequences/T1155.fasta results/20260709_casp15_casp16_unique_lt1000_msa-variants/_staging/boltz2_nomsa/predictions/T1155/boltz2_nomsa 1,,,,,,,,,,,,,,runner CodeCarbon output: results/20260709_casp15_casp16_unique_lt1000_msa-variants/_staging/boltz2_nomsa/predictions/T1155/boltz2_nomsa/carbon/T1155_boltz2_nomsa_inference_emissions.csv,,,,,,,46.87838690262288,0.609711053128677,0.0012836022171130042,,,,,,true,offline,WORLD,world,constant,475.0,configurable_default_world_average,0.000609711053128677,0.609711053128677,0.0012836022171130042,17.187959969062494,60.88075018912877,70.0,0.00010830580900669124,0.0007336330869094354,0.0004416633211968777,45.17321204720065,,
T1157s2,8PKO,B,boltz2_nomsa,1,results/20260709_casp15_casp16_unique_lt1000_msa-variants/_staging/boltz2_nomsa/predictions/T1157s2/boltz2_nomsa/rank_001.pdb,true,0,78.58313119830564,78.58313119830564,1,,,,bash runners/run_boltz2.sh results/20260709_casp15_casp16_unique_lt1000_msa-variants/_staging/boltz2_nomsa/sequences/T1157s2.fasta results/20260709_casp15_casp16_unique_lt1000_msa-variants/_staging/boltz2_nomsa/predictions/T1157s2/boltz2_nomsa 1,,,,,,,,,,,,,,runner CodeCarbon output: results/20260709_casp15_casp16_unique_lt1000_msa-variants/_staging/boltz2_nomsa/predictions/T1157s2/boltz2_nomsa/carbon/T1157s2_boltz2_nomsa_inference_emissions.csv,,,,,,,78.58313119830564,1.8710116349918715,0.003938971863140782,,,,,,true,offline,WORLD,world,constant,475.0,configurable_default_world_average,0.0018710116349918715,1.8710116349918715,0.003938971863140782,46.753175075605256,129.7808489464623,70.0,0.0004872381567928689,0.002695113544980643,0.0007566201613672696,76.89111954998225,,
T1159,7PZT,A,boltz2_nomsa,1,results/20260709_casp15_casp16_unique_lt1000_msa-variants/_staging/boltz2_nomsa/predictions/T1159/boltz2_nomsa/rank_001.pdb,true,0,48.169053964782506,48.169053964782506,1,,,,bash runners/run_boltz2.sh results/20260709_casp15_casp16_unique_lt1000_msa-variants/_staging/boltz2_nomsa/sequences/T1159.fasta results/20260709_casp15_casp16_unique_lt1000_msa-variants/_staging/boltz2_nomsa/predictions/T1159/boltz2_nomsa 1,,,,,,,,,,,,,,runner CodeCarbon output: results/20260709_casp15_casp16_unique_lt1000_msa-variants/_staging/boltz2_nomsa/predictions/T1159/boltz2_nomsa/carbon/T1159_boltz2_nomsa_inference_emissions.csv,,,,,,,48.169053964782506,0.6825795270631708,0.001437009530659307,,,,,,true,offline,WORLD,world,constant,475.0,configurable_default_world_average,0.0006825795270631708,0.6825795270631708,0.001437009530659307,18.855414268350003,69.03547916203692,70.0,0.0001219689154529921,0.0008579548530320835,0.000457085762174231,46.472488447558135,,
T1183,8IFX,B,boltz2_nomsa,1,results/20260709_casp15_casp16_unique_lt1000_msa-variants/_staging/boltz2_nomsa/predictions/T1183/boltz2_nomsa/rank_001.pdb,true,0,49.931683253031224,49.931683253031224,1,,,,bash runners/run_boltz2.sh results/20260709_casp15_casp16_unique_lt1000_msa-variants/_staging/boltz2_nomsa/sequences/T1183.fasta results/20260709_casp15_casp16_unique_lt1000_msa-variants/_staging/boltz2_nomsa/predictions/T1183/boltz2_nomsa 1,,,,,,,,,,,,,,runner CodeCarbon output: results/20260709_casp15_casp16_unique_lt1000_msa-variants/_staging/boltz2_nomsa/predictions/T1183/boltz2_nomsa/carbon/T1183_boltz2_nomsa_inference_emissions.csv,,,,,,,49.931683253031224,0.7159093161655514,0.0015071775077169502,,,,,,true,offline,WORLD,world,constant,475.0,configurable_default_world_average,0.0007159093161655515,0.7159093161655514,0.0015071775077169502,20.706490997265963,69.00263946564299,70.0,0.00013877725775527204,0.000894627937924497,0.00047377231203718127,48.25712893623859,,
T1185s1,8OUY,A,boltz2_nomsa,1,results/20260709_casp15_casp16_unique_lt1000_msa-variants/_staging/boltz2_nomsa/predictions/T1185s1/boltz2_nomsa/rank_001.pdb,true,0,67.6906671882607,67.6906671882607,1,,,,bash runners/run_boltz2.sh results/20260709_casp15_casp16_unique_lt1000_msa-variants/_staging/boltz2_nomsa/sequences/T1185s1.fasta results/20260709_casp15_casp16_unique_lt1000_msa-variants/_staging/boltz2_nomsa/predictions/T1185s1/boltz2_nomsa 1,,,,,,,,,,,,,,runner CodeCarbon output: results/20260709_casp15_casp16_unique_lt1000_msa-variants/_staging/boltz2_nomsa/predictions/T1185s1/boltz2_nomsa/carbon/T1185s1_boltz2_nomsa_inference_emissions.csv,,,,,,,67.6906671882607,1.2607873538220662,0.002654289165941192,,,,,,true,offline,WORLD,world,constant,475.0,configurable_default_world_average,0.0012607873538220662,1.2607873538220662,0.002654289165941192,45.771664292284626,89.03249480143162,70.0,0.0004114414724854595,0.0015846882121977046,0.000658159481258028,66.03116223495454,,
T1185s2,8OUY,B,boltz2_nomsa,1,results/20260709_casp15_casp16_unique_lt1000_msa-variants/_staging/boltz2_nomsa/predictions/T1185s2/boltz2_nomsa/rank_001.pdb,true,0,62.04021051013842,62.04021051013842,1,,,,bash runners/run_boltz2.sh results/20260709_casp15_casp16_unique_lt1000_msa-variants/_staging/boltz2_nomsa/sequences/T1185s2.fasta results/20260709_casp15_casp16_unique_lt1000_msa-variants/_staging/boltz2_nomsa/predictions/T1185s2/boltz2_nomsa 1,,,,,,,,,,,,,,runner CodeCarbon output: results/20260709_casp15_casp16_unique_lt1000_msa-variants/_staging/boltz2_nomsa/predictions/T1185s2/boltz2_nomsa/carbon/T1185s2_boltz2_nomsa_inference_emissions.csv,,,,,,,62.04021051013842,1.1689497702640297,0.002460946884766378,,,,,,true,offline,WORLD,world,constant,475.0,configurable_default_world_average,0.0011689497702640297,1.1689497702640297,0.002460946884766378,18.01930421313559,105.80036695143505,70.0,0.00015104247461799076,0.0017214263771379024,0.0005884780330104855,60.3478640448302,,
T1185s4,8OUY,D,boltz2_nomsa,1,results/20260709_casp15_casp16_unique_lt1000_msa-variants/_staging/boltz2_nomsa/predictions/T1185s4/boltz2_nomsa/rank_001.pdb,true,0,65.62066030409187,65.62066030409187,1,,,,bash runners/run_boltz2.sh results/20260709_casp15_casp16_unique_lt1000_msa-variants/_staging/boltz2_nomsa/sequences/T1185s4.fasta results/20260709_casp15_casp16_unique_lt1000_msa-variants/_staging/boltz2_nomsa/predictions/T1185s4/boltz2_nomsa 1,,,,,,,,,,,,,,runner CodeCarbon output: results/20260709_casp15_casp16_unique_lt1000_msa-variants/_staging/boltz2_nomsa/predictions/T1185s4/boltz2_nomsa/carbon/T1185s4_boltz2_nomsa_inference_emissions.csv,,,,,,,65.62066030409187,1.1421783804292271,0.002404586064061531,,,,,,true,offline,WORLD,world,constant,475.0,configurable_default_world_average,0.0011421783804292272,1.1421783804292271,0.002404586064061531,61.19552427292857,71.82768560555931,70.0,0.0005300527021760925,0.001237962379256885,0.0006365709826285539,63.952319372911006,,
T1194,8OKH,A,boltz2_nomsa,1,results/20260709_casp15_casp16_unique_lt1000_msa-variants/_staging/boltz2_nomsa/predictions/T1194/boltz2_nomsa/rank_001.pdb,true,0,48.25814746366814,48.25814746366814,1,,,,bash runners/run_boltz2.sh results/20260709_casp15_casp16_unique_lt1000_msa-variants/_staging/boltz2_nomsa/sequences/T1194.fasta results/20260709_casp15_casp16_unique_lt1000_msa-variants/_staging/boltz2_nomsa/predictions/T1194/boltz2_nomsa 1,,,,,,,,,,,,,,runner CodeCarbon output: results/20260709_casp15_casp16_unique_lt1000_msa-variants/_staging/boltz2_nomsa/predictions/T1194/boltz2_nomsa/carbon/T1194_boltz2_nomsa_inference_emissions.csv,,,,,,,48.25814746366814,0.6718750080885165,0.001414473701238982,,,,,,true,offline,WORLD,world,constant,475.0,configurable_default_world_average,0.0006718750080885166,0.6718750080885165,0.001414473701238982,17.270720039853263,64.98917972890452,70.0,0.00011562902654684285,0.0008291367744206468,0.00046970790027149237,46.57325482182205,,
T1212,9B0L,P,boltz2_nomsa,1,results/20260709_casp15_casp16_unique_lt1000_msa-variants/_staging/boltz2_nomsa/predictions/T1212/boltz2_nomsa/rank_001.pdb,true,0,78.9292928329669,78.9292928329669,1,,,,bash runners/run_boltz2.sh results/20260709_casp15_casp16_unique_lt1000_msa-variants/_staging/boltz2_nomsa/sequences/T1212.fasta results/20260709_casp15_casp16_unique_lt1000_msa-variants/_staging/boltz2_nomsa/predictions/T1212/boltz2_nomsa 1,,,,,,,,,,,,,,runner CodeCarbon output: results/20260709_casp15_casp16_unique_lt1000_msa-variants/_staging/boltz2_nomsa/predictions/T1212/boltz2_nomsa/carbon/T1212_boltz2_nomsa_inference_emissions.csv,,,,,,,78.9292928329669,1.8256939905023475,0.003843566295794416,,,,,,true,offline,WORLD,world,constant,475.0,configurable_default_world_average,0.0018256939905023474,1.8256939905023475,0.003843566295794416,47.24559857878618,124.19914565518397,70.0,0.0005002740379458582,0.0025959304100773295,0.0007473618477712282,77.24020164599642,,
T1227s1,9N8W,A,boltz2_nomsa,1,results/20260709_casp15_casp16_unique_lt1000_msa-variants/_staging/boltz2_nomsa/predictions/T1227s1/boltz2_nomsa/rank_001.pdb,true,0,69.56172432331368,69.56172432331368,1,,,,bash runners/run_boltz2.sh results/20260709_casp15_casp16_unique_lt1000_msa-variants/_staging/boltz2_nomsa/sequences/T1227s1.fasta results/20260709_casp15_casp16_unique_lt1000_msa-variants/_staging/boltz2_nomsa/predictions/T1227s1/boltz2_nomsa 1,,,,,,,,,,,,,,runner CodeCarbon output: results/20260709_casp15_casp16_unique_lt1000_msa-variants/_staging/boltz2_nomsa/predictions/T1227s1/boltz2_nomsa/carbon/T1227s1_boltz2_nomsa_inference_emissions.csv,,,,,,,69.56172432331368,1.4348887033577593,0.0030208183228584407,,,,,,true,offline,WORLD,world,constant,475.0,configurable_default_world_average,0.0014348887033577592,1.4348887033577593,0.0030208183228584407,18.486452603283585,118.00188098872806,70.0,0.0001761652888242518,0.00216859229042754,0.0006760607436066496,67.87754129897803,,
T1266,8QFB,A,boltz2_nomsa,1,results/20260709_casp15_casp16_unique_lt1000_msa-variants/_staging/boltz2_nomsa/predictions/T1266/boltz2_nomsa/rank_001.pdb,true,0,61.03349731909111,61.03349731909111,1,,,,bash runners/run_boltz2.sh results/20260709_casp15_casp16_unique_lt1000_msa-variants/_staging/boltz2_nomsa/sequences/T1266.fasta results/20260709_casp15_casp16_unique_lt1000_msa-variants/_staging/boltz2_nomsa/predictions/T1266/boltz2_nomsa 1,,,,,,,,,,,,,,runner CodeCarbon output: results/20260709_casp15_casp16_unique_lt1000_msa-variants/_staging/boltz2_nomsa/predictions/T1266/boltz2_nomsa/carbon/T1266_boltz2_nomsa_inference_emissions.csv,,,,,,,61.03349731909111,1.1565571157741037,0.002434857085840218,,,,,,true,offline,WORLD,world,constant,475.0,configurable_default_world_average,0.0011565571157741037,1.1565571157741037,0.002434857085840218,36.71912740536208,98.70555583700813,70.0,0.0002813878885515434,0.0015771823728556456,0.0005762868244330296,59.23127702996135,,
T1272s2,9C3C,a,boltz2_nomsa,1,results/20260709_casp15_casp16_unique_lt1000_msa-variants/_staging/boltz2_nomsa/predictions/T1272s2/boltz2_nomsa/rank_001.pdb,true,0,65.12221074104309,65.12221074104309,1,,,,bash runners/run_boltz2.sh results/20260709_casp15_casp16_unique_lt1000_msa-variants/_staging/boltz2_nomsa/sequences/T1272s2.fasta results/20260709_casp15_casp16_unique_lt1000_msa-variants/_staging/boltz2_nomsa/predictions/T1272s2/boltz2_nomsa 1,,,,,,,,,,,,,,runner CodeCarbon output: results/20260709_casp15_casp16_unique_lt1000_msa-variants/_staging/boltz2_nomsa/predictions/T1272s2/boltz2_nomsa/carbon/T1272s2_boltz2_nomsa_inference_emissions.csv,,,,,,,65.12221074104309,1.2355617179534777,0.0026011825641125844,,,,,,true,offline,WORLD,world,constant,475.0,configurable_default_world_average,0.0012355617179534777,1.2355617179534777,0.0026011825641125844,27.462148889467738,98.95463177832586,70.0,0.00029951376823937983,0.0016754335625677186,0.0006262352333054879,62.820367245934904,,
T1272s3,9C3C,b,boltz2_nomsa,1,results/20260709_casp15_casp16_unique_lt1000_msa-variants/_staging/boltz2_nomsa/predictions/T1272s3/boltz2_nomsa/rank_001.pdb,true,0,56.60345024615526,56.60345024615526,1,,,,bash runners/run_boltz2.sh results/20260709_casp15_casp16_unique_lt1000_msa-variants/_staging/boltz2_nomsa/sequences/T1272s3.fasta results/20260709_casp15_casp16_unique_lt1000_msa-variants/_staging/boltz2_nomsa/predictions/T1272s3/boltz2_nomsa 1,,,,,,,,,,,,,,runner CodeCarbon output: results/20260709_casp15_casp16_unique_lt1000_msa-variants/_staging/boltz2_nomsa/predictions/T1272s3/boltz2_nomsa/carbon/T1272s3_boltz2_nomsa_inference_emissions.csv,,,,,,,56.60345024615526,1.0022087982138193,0.002109913259397514,,,,,,true,offline,WORLD,world,constant,475.0,configurable_default_world_average,0.0010022087982138194,1.0022087982138193,0.002109913259397514,19.307451464125005,95.46606835523731,70.0,0.00015348994018218014,0.0014062383472079887,0.0005501849720073452,54.814560343977064,,
T1272s4,9C3C,d,boltz2_nomsa,1,results/20260709_casp15_casp16_unique_lt1000_msa-variants/_staging/boltz2_nomsa/predictions/T1272s4/boltz2_nomsa/rank_001.pdb,true,0,64.68604708602652,64.68604708602652,1,,,,bash runners/run_boltz2.sh results/20260709_casp15_casp16_unique_lt1000_msa-variants/_staging/boltz2_nomsa/sequences/T1272s4.fasta results/20260709_casp15_casp16_unique_lt1000_msa-variants/_staging/boltz2_nomsa/predictions/T1272s4/boltz2_nomsa 1,,,,,,,,,,,,,,runner CodeCarbon output: results/20260709_casp15_casp16_unique_lt1000_msa-variants/_staging/boltz2_nomsa/predictions/T1272s4/boltz2_nomsa/carbon/T1272s4_boltz2_nomsa_inference_emissions.csv,,,,,,,64.68604708602652,1.1330700121478057,0.002385410551890117,,,,,,true,offline,WORLD,world,constant,475.0,configurable_default_world_average,0.0011330700121478057,1.1330700121478057,0.002385410551890117,57.05867696126614,74.79814382012782,70.0,0.0004880105270896575,0.0012705712942349123,0.0006268287305655478,62.93713150313124,,
T1272s5,9C3C,g,boltz2_nomsa,1,results/20260709_casp15_casp16_unique_lt1000_msa-variants/_staging/boltz2_nomsa/predictions/T1272s5/boltz2_nomsa/rank_001.pdb,true,0,53.726963379886,53.726963379886,1,,,,bash runners/run_boltz2.sh results/20260709_casp15_casp16_unique_lt1000_msa-variants/_staging/boltz2_nomsa/sequences/T1272s5.fasta results/20260709_casp15_casp16_unique_lt1000_msa-variants/_staging/boltz2_nomsa/predictions/T1272s5/boltz2_nomsa 1,,,,,,,,,,,,,,runner CodeCarbon output: results/20260709_casp15_casp16_unique_lt1000_msa-variants/_staging/boltz2_nomsa/predictions/T1272s5/boltz2_nomsa/carbon/T1272s5_boltz2_nomsa_inference_emissions.csv,,,,,,,53.726963379886,0.894769437828611,0.0018837251322707598,,,,,,true,offline,WORLD,world,constant,475.0,configurable_default_world_average,0.0008947694378286109,0.894769437828611,0.0018837251322707598,18.233566727588236,87.63231790796868,70.0,0.0001338507154782369,0.001224103757056838,0.000525770659735685,52.04052073927596,,
T1272s6,9C3C,A,boltz2_nomsa,1,results/20260709_casp15_casp16_unique_lt1000_msa-variants/_staging/boltz2_nomsa/predictions/T1272s6/boltz2_nomsa/rank_001.pdb,true,0,104.55611459771171,104.55611459771171,1,,,,bash runners/run_boltz2.sh results/20260709_casp15_casp16_unique_lt1000_msa-variants/_staging/boltz2_nomsa/sequences/T1272s6.fasta results/20260709_casp15_casp16_unique_lt1000_msa-variants/_staging/boltz2_nomsa/predictions/T1272s6/boltz2_nomsa 1,,,,,,,,,,,,,,runner CodeCarbon output: results/20260709_casp15_casp16_unique_lt1000_msa-variants/_staging/boltz2_nomsa/predictions/T1272s6/boltz2_nomsa/carbon/T1272s6_boltz2_nomsa_inference_emissions.csv,,,,,,,104.55611459771171,2.7011944837694952,0.005686725228988411,,,,,,true,offline,WORLD,world,constant,475.0,configurable_default_world_average,0.002701194483769495,2.7011944837694952,0.005686725228988411,37.90369338872795,148.03249023877402,70.0,0.0005308539782673643,0.0041486844300564485,0.0010071868206645985,102.87449776567519,,
T1272s7,9C3C,B,boltz2_nomsa,1,results/20260709_casp15_casp16_unique_lt1000_msa-variants/_staging/boltz2_nomsa/predictions/T1272s7/boltz2_nomsa/rank_001.pdb,true,0,50.37573261372745,50.37573261372745,1,,,,bash runners/run_boltz2.sh results/20260709_casp15_casp16_unique_lt1000_msa-variants/_staging/boltz2_nomsa/sequences/T1272s7.fasta results/20260709_casp15_casp16_unique_lt1000_msa-variants/_staging/boltz2_nomsa/predictions/T1272s7/boltz2_nomsa 1,,,,,,,,,,,,,,runner CodeCarbon output: results/20260709_casp15_casp16_unique_lt1000_msa-variants/_staging/boltz2_nomsa/predictions/T1272s7/boltz2_nomsa/carbon/T1272s7_boltz2_nomsa_inference_emissions.csv,,,,,,,50.37573261372745,0.7737141687939841,0.0016288719343031245,,,,,,true,offline,WORLD,world,constant,475.0,configurable_default_world_average,0.0007737141687939841,0.7737141687939841,0.0016288719343031245,18.911319892781258,76.56291424936136,70.0,0.00013139009392260662,0.001006951916675547,0.0004905299237049702,48.69456039229408,,
T1272s9,9C3C,n,boltz2_nomsa,1,results/20260709_casp15_casp16_unique_lt1000_msa-variants/_staging/boltz2_nomsa/predictions/T1272s9/boltz2_nomsa/rank_001.pdb,true,0,54.28467549709603,54.28467549709603,1,,,,bash runners/run_boltz2.sh results/20260709_casp15_casp16_unique_lt1000_msa-variants/_staging/boltz2_nomsa/sequences/T1272s9.fasta results/20260709_casp15_casp16_unique_lt1000_msa-variants/_staging/boltz2_nomsa/predictions/T1272s9/boltz2_nomsa 1,,,,,,,,,,,,,,runner CodeCarbon output: results/20260709_casp15_casp16_unique_lt1000_msa-variants/_staging/boltz2_nomsa/predictions/T1272s9/boltz2_nomsa/carbon/T1272s9_boltz2_nomsa_inference_emissions.csv,,,,,,,54.28467549709603,0.9203663867145778,0.0019376134457149007,,,,,,true,offline,WORLD,world,constant,475.0,configurable_default_world_average,0.0009203663867145778,0.9203663867145778,0.0019376134457149007,47.507439485647055,77.2763500493387,70.0,0.0003338015121586731,0.001089453093783277,0.0005143588397729522,52.54574477719143,,
T1280,9F5M,AAA,boltz2_nomsa,1,results/20260709_casp15_casp16_unique_lt1000_msa-variants/_staging/boltz2_nomsa/predictions/T1280/boltz2_nomsa/rank_001.pdb,true,0,50.40662763500586,50.40662763500586,1,,,,bash runners/run_boltz2.sh results/20260709_casp15_casp16_unique_lt1000_msa-variants/_staging/boltz2_nomsa/sequences/T1280.fasta results/20260709_casp15_casp16_unique_lt1000_msa-variants/_staging/boltz2_nomsa/predictions/T1280/boltz2_nomsa 1,,,,,,,,,,,,,,runner CodeCarbon output: results/20260709_casp15_casp16_unique_lt1000_msa-variants/_staging/boltz2_nomsa/predictions/T1280/boltz2_nomsa/carbon/T1280_boltz2_nomsa_inference_emissions.csv,,,,,,,50.40662763500586,0.7360681558904304,0.001549617170295643,,,,,,true,offline,WORLD,world,constant,475.0,configurable_default_world_average,0.0007360681558904304,0.7360681558904304,0.001549617170295643,17.204454507478722,75.45183627958585,70.0,0.00011477547821660927,0.0009670129958294638,0.0004678286962495703,48.103504265192896,,
T1299,9FJL,A,boltz2_nomsa,1,results/20260709_casp15_casp16_unique_lt1000_msa-variants/_staging/boltz2_nomsa/predictions/T1299/boltz2_nomsa/rank_001.pdb,true,0,47.020976745989174,47.020976745989174,1,,,,bash runners/run_boltz2.sh results/20260709_casp15_casp16_unique_lt1000_msa-variants/_staging/boltz2_nomsa/sequences/T1299.fasta results/20260709_casp15_casp16_unique_lt1000_msa-variants/_staging/boltz2_nomsa/predictions/T1299/boltz2_nomsa 1,,,,,,,,,,,,,,runner CodeCarbon output: results/20260709_casp15_casp16_unique_lt1000_msa-variants/_staging/boltz2_nomsa/predictions/T1299/boltz2_nomsa/carbon/T1299_boltz2_nomsa_inference_emissions.csv,,,,,,,47.020976745989174,0.650049671156495,0.0013685256234873579,,,,,,true,offline,WORLD,world,constant,475.0,configurable_default_world_average,0.0006500496711564951,0.650049671156495,0.0013685256234873579,17.162627471625004,66.90329366887892,70.0,0.00010926815520058875,0.0008129748170411233,0.0004462826512456456,45.36439619585872,,
T1104,7ROA,A,colabfold_nomsa,1,results/20260709_casp15_casp16_unique_lt1000_msa-variants/_staging/colabfold_nomsa/predictions/T1104/colabfold_nomsa/rank_001.pdb,true,0,122,122,1,,,,bash runners/run_colabfold.sh results/20260709_casp15_casp16_unique_lt1000_msa-variants/_staging/colabfold_nomsa/sequences/T1104.fasta results/20260709_casp15_casp16_unique_lt1000_msa-variants/_staging/colabfold_nomsa/predictions/T1104/colabfold_nomsa 1,,false,none,single_sequence,none,,false,false,false,,,,0,ColabFold single_sequence mode; generated A3M contains only the query sequence.,,,,,,,122.0,1.7689466780315868,0.0037240982695401826,,,,,,true,offline,WORLD,world,constant,475.0,configurable_default_world_average,0.0017689466780315868,1.7689466780315868,0.0037240982695401826,38.90930897042796,59.783948168889346,70.0,0.0006278411648355449,0.0019464715571757552,0.0011497855475288813,119.41337701724842,,
T1106s1,7QIH,B,colabfold_nomsa,1,results/20260709_casp15_casp16_unique_lt1000_msa-variants/_staging/colabfold_nomsa/predictions/T1106s1/colabfold_nomsa/rank_001.pdb,true,0,120,120,1,,,,bash runners/run_colabfold.sh results/20260709_casp15_casp16_unique_lt1000_msa-variants/_staging/colabfold_nomsa/sequences/T1106s1.fasta results/20260709_casp15_casp16_unique_lt1000_msa-variants/_staging/colabfold_nomsa/predictions/T1106s1/colabfold_nomsa 1,,false,none,single_sequence,none,,false,false,false,,,,0,ColabFold single_sequence mode; generated A3M contains only the query sequence.,,,,,,,120.0,1.7686725266152135,0.0037235211086636072,,,,,,true,offline,WORLD,world,constant,475.0,configurable_default_world_average,0.0017686725266152135,1.7686725266152135,0.0037235211086636072,35.33161718730768,62.41482207122072,70.0,0.0005665008198921624,0.0020097885522716297,0.001147231736499816,117.7811616291292,,
T1106s2,7QIH,A,colabfold_nomsa,1,results/20260709_casp15_casp16_unique_lt1000_msa-variants/_staging/colabfold_nomsa/predictions/T1106s2/colabfold_nomsa/rank_001.pdb,true,0,120,120,1,,,,bash runners/run_colabfold.sh results/20260709_casp15_casp16_unique_lt1000_msa-variants/_staging/colabfold_nomsa/sequences/T1106s2.fasta results/20260709_casp15_casp16_unique_lt1000_msa-variants/_staging/colabfold_nomsa/predictions/T1106s2/colabfold_nomsa 1,,false,none,single_sequence,none,,false,false,false,,,,0,ColabFold single_sequence mode; generated A3M contains only the query sequence.,,,,,,,120.0,1.7996372079057714,0.0037887099113805716,,,,,,true,offline,WORLD,world,constant,475.0,configurable_default_world_average,0.0017996372079057714,1.7996372079057714,0.0037887099113805716,36.989365167826946,63.78645484493213,70.0,0.0005923355543929969,0.002059137480642903,0.0011372368763446702,118.32143471110612,,
T1112,8ORK,AAA,colabfold_nomsa,1,results/20260709_casp15_casp16_unique_lt1000_msa-variants/_staging/colabfold_nomsa/predictions/T1112/colabfold_nomsa/rank_001.pdb,true,0,128,128,1,,,,bash runners/run_colabfold.sh results/20260709_casp15_casp16_unique_lt1000_msa-variants/_staging/colabfold_nomsa/sequences/T1112.fasta results/20260709_casp15_casp16_unique_lt1000_msa-variants/_staging/colabfold_nomsa/predictions/T1112/colabfold_nomsa 1,,false,none,single_sequence,none,,false,false,false,,,,0,ColabFold single_sequence mode; generated A3M contains only the query sequence.,,,,,,,128.0,2.1247775146122723,0.004473215820236362,,,,,,true,offline,WORLD,world,constant,475.0,configurable_default_world_average,0.002124777514612272,2.1247775146122723,0.004473215820236362,32.74891690996199,77.98515121518278,70.0,0.0005625220143667075,0.0026917777089821016,0.0012189160968875516,126.48046849714592,,
T1114s1,7UTD,Q,colabfold_nomsa,1,results/20260709_casp15_casp16_unique_lt1000_msa-variants/_staging/colabfold_nomsa/predictions/T1114s1/colabfold_nomsa/rank_001.pdb,true,0,125,125,1,,,,bash runners/run_colabfold.sh results/20260709_casp15_casp16_unique_lt1000_msa-variants/_staging/colabfold_nomsa/sequences/T1114s1.fasta results/20260709_casp15_casp16_unique_lt1000_msa-variants/_staging/colabfold_nomsa/predictions/T1114s1/colabfold_nomsa 1,,false,none,single_sequence,none,,false,false,false,,,,0,ColabFold single_sequence mode; generated A3M contains only the query sequence.,,,,,,,125.0,1.8513376307503653,0.003897552906842874,,,,,,true,offline,WORLD,world,constant,475.0,configurable_default_world_average,0.0018513376307503653,1.8513376307503653,0.003897552906842874,33.43578594485656,63.85463447408477,70.0,0.0005581405533424945,0.0021518625548182513,0.001187549798682125,123.44781300332397,,
T1114s2,7UTD,B,colabfold_nomsa,1,results/20260709_casp15_casp16_unique_lt1000_msa-variants/_staging/colabfold_nomsa/predictions/T1114s2/colabfold_nomsa/rank_001.pdb,true,0,130,130,1,,,,bash runners/run_colabfold.sh results/20260709_casp15_casp16_unique_lt1000_msa-variants/_staging/colabfold_nomsa/sequences/T1114s2.fasta results/20260709_casp15_casp16_unique_lt1000_msa-variants/_staging/colabfold_nomsa/predictions/T1114s2/colabfold_nomsa 1,,false,none,single_sequence,none,,false,false,false,,,,0,ColabFold single_sequence mode; generated A3M contains only the query sequence.,,,,,,,130.0,2.0365844780177165,0.004287546269510982,,,,,,true,offline,WORLD,world,constant,475.0,configurable_default_world_average,0.0020365844780177163,2.0365844780177165,0.004287546269510982,34.17720155226378,70.57256625881956,70.0,0.0005907846662553629,0.002467358362778782,0.0012294032404768385,128.25853567989543,,
T1114s3,7UTD,A,colabfold_nomsa,1,results/20260709_casp15_casp16_unique_lt1000_msa-variants/_staging/colabfold_nomsa/predictions/T1114s3/colabfold_nomsa/rank_001.pdb,true,0,152,152,1,,,,bash runners/run_colabfold.sh results/20260709_casp15_casp16_unique_lt1000_msa-variants/_staging/colabfold_nomsa/sequences/T1114s3.fasta results/20260709_casp15_casp16_unique_lt1000_msa-variants/_staging/colabfold_nomsa/predictions/T1114s3/colabfold_nomsa 1,,false,none,single_sequence,none,,false,false,false,,,,0,ColabFold single_sequence mode; generated A3M contains only the query sequence.,,,,,,,152.0,2.502266620004221,0.005267929726324676,,,,,,true,offline,WORLD,world,constant,475.0,configurable_default_world_average,0.002502266620004221,2.502266620004221,0.005267929726324676,32.97462483172149,76.90884908567293,70.0,0.0006716375018575441,0.0031449814048727376,0.0014513108195943966,149.81051502376795,,
T1120,7QVB,B,colabfold_nomsa,1,results/20260709_casp15_casp16_unique_lt1000_msa-variants/_staging/colabfold_nomsa/predictions/T1120/colabfold_nomsa/rank_001.pdb,true,0,131,131,1,,,,bash runners/run_colabfold.sh results/20260709_casp15_casp16_unique_lt1000_msa-variants/_staging/colabfold_nomsa/sequences/T1120.fasta results/20260709_casp15_casp16_unique_lt1000_msa-variants/_staging/colabfold_nomsa/predictions/T1120/colabfold_nomsa 1,,false,none,single_sequence,none,,false,false,false,,,,0,ColabFold single_sequence mode; generated A3M contains only the query sequence.,,,,,,,131.0,1.966957959940948,0.004140964126191469,,,,,,true,offline,WORLD,world,constant,475.0,configurable_default_world_average,0.001966957959940948,1.966957959940948,0.004140964126191469,35.90095554147637,64.44522631156265,70.0,0.0006404704969989766,0.002261874031724176,0.001238619597468319,128.4581984160468,,
T1122,8BBT,A,colabfold_nomsa,1,results/20260709_casp15_casp16_unique_lt1000_msa-variants/_staging/colabfold_nomsa/predictions/T1122/colabfold_nomsa/rank_001.pdb,true,0,130,130,1,,,,bash runners/run_colabfold.sh results/20260709_casp15_casp16_unique_lt1000_msa-variants/_staging/colabfold_nomsa/sequences/T1122.fasta results/20260709_casp15_casp16_unique_lt1000_msa-variants/_staging/colabfold_nomsa/predictions/T1122/colabfold_nomsa 1,,false,none,single_sequence,none,,false,false,false,,,,0,ColabFold single_sequence mode; generated A3M contains only the query sequence.,,,,,,,130.0,1.943621268673694,0.004091834249839356,,,,,,true,offline,WORLD,world,constant,475.0,configurable_default_world_average,0.001943621268673694,1.943621268673694,0.004091834249839356,34.26607101361418,64.99311968767513,70.0,0.00059473407664787,0.0022574284726104565,0.001239671700581029,127.77067931834608,,
T1129s2,8A8C,B,colabfold_nomsa,1,results/20260709_casp15_casp16_unique_lt1000_msa-variants/_staging/colabfold_nomsa/predictions/T1129s2/colabfold_nomsa/rank_001.pdb,true,0,142,142,1,,,,bash runners/run_colabfold.sh results/20260709_casp15_casp16_unique_lt1000_msa-variants/_staging/colabfold_nomsa/sequences/T1129s2.fasta results/20260709_casp15_casp16_unique_lt1000_msa-variants/_staging/colabfold_nomsa/predictions/T1129s2/colabfold_nomsa 1,,false,none,single_sequence,none,,false,false,false,,,,0,ColabFold single_sequence mode; generated A3M contains only the query sequence.,,,,,,,142.0,2.514649212495642,0.005293998342096088,,,,,,true,offline,WORLD,world,constant,475.0,configurable_default_world_average,0.002514649212495642,2.514649212495642,0.005293998342096088,29.387296838773402,88.45237663179944,70.0,0.0005613679677382829,0.003386572987032821,0.001346057387324981,140.31118196295574,,
T1133,8DYS,A,colabfold_nomsa,1,results/20260709_casp15_casp16_unique_lt1000_msa-variants/_staging/colabfold_nomsa/predictions/T1133/colabfold_nomsa/rank_001.pdb,true,0,153,153,1,,,,bash runners/run_colabfold.sh results/20260709_casp15_casp16_unique_lt1000_msa-variants/_staging/colabfold_nomsa/sequences/T1133.fasta results/20260709_casp15_casp16_unique_lt1000_msa-variants/_staging/colabfold_nomsa/predictions/T1133/colabfold_nomsa 1,,false,none,single_sequence,none,,false,false,false,,,,0,ColabFold single_sequence mode; generated A3M contains only the query sequence.,,,,,,,153.0,2.5969886735752956,0.0054673445759479905,,,,,,true,offline,WORLD,world,constant,475.0,configurable_default_world_average,0.0025969886735752955,2.5969886735752956,0.0054673445759479905,32.46844877776504,80.88816174093161,70.0,0.0006661066755413813,0.003346762677416848,0.0014544752229897623,151.44856526935473,,
T1134s1,7UBZ,A,colabfold_nomsa,1,results/20260709_casp15_casp16_unique_lt1000_msa-variants/_staging/colabfold_nomsa/predictions/T1134s1/colabfold_nomsa/rank_001.pdb,true,0,128,128,1,,,,bash runners/run_colabfold.sh results/20260709_casp15_casp16_unique_lt1000_msa-variants/_staging/colabfold_nomsa/sequences/T1134s1.fasta results/20260709_casp15_casp16_unique_lt1000_msa-variants/_staging/colabfold_nomsa/predictions/T1134s1/colabfold_nomsa 1,,false,none,single_sequence,none,,false,false,false,,,,0,ColabFold single_sequence mode; generated A3M contains only the query sequence.,,,,,,,128.0,1.9269106246442362,0.004056653946619445,,,,,,true,offline,WORLD,world,constant,475.0,configurable_default_world_average,0.0019269106246442363,1.9269106246442362,0.004056653946619445,34.35812465764801,65.55351363492545,70.0,0.0005888450216140229,0.0022555729155655513,0.001212236009439867,126.20880974363536,,
T1134s2,7UBZ,D,colabfold_nomsa,1,results/20260709_casp15_casp16_unique_lt1000_msa-variants/_staging/colabfold_nomsa/predictions/T1134s2/colabfold_nomsa/rank_001.pdb,true,0,129,129,1,,,,bash runners/run_colabfold.sh results/20260709_casp15_casp16_unique_lt1000_msa-variants/_staging/colabfold_nomsa/sequences/T1134s2.fasta results/20260709_casp15_casp16_unique_lt1000_msa-variants/_staging/colabfold_nomsa/predictions/T1134s2/colabfold_nomsa 1,,false,none,single_sequence,none,,false,false,false,,,,0,ColabFold single_sequence mode; generated A3M contains only the query sequence.,,,,,,,129.0,2.000666707409714,0.00421192991033624,,,,,,true,offline,WORLD,world,constant,475.0,configurable_default_world_average,0.002000666707409714,2.000666707409714,0.00421192991033624,35.16358110748215,70.28860777906918,70.0,0.0006076309179663742,0.002373508287689674,0.001230790704680193,126.63818528596312,,
T1137s1,8FEF,A,colabfold_nomsa,1,results/20260709_casp15_casp16_unique_lt1000_msa-variants/_staging/colabfold_nomsa/predictions/T1137s1/colabfold_nomsa/rank_001.pdb,true,0,143,143,1,,,,bash runners/run_colabfold.sh results/20260709_casp15_casp16_unique_lt1000_msa-variants/_staging/colabfold_nomsa/sequences/T1137s1.fasta results/20260709_casp15_casp16_unique_lt1000_msa-variants/_staging/colabfold_nomsa/predictions/T1137s1/colabfold_nomsa 1,,false,none,single_sequence,none,,false,false,false,,,,0,ColabFold single_sequence mode; generated A3M contains only the query sequence.,,,,,,,143.0,2.1867477615348876,0.004603679497968184,,,,,,true,offline,WORLD,world,constant,475.0,configurable_default_world_average,0.0021867477615348874,2.1867477615348876,0.004603679497968184,33.52692347115109,68.3668076724671,70.0,0.0006361621273487297,0.002620490707499812,0.0013470266631196454,140.3509457311593,,
T1137s2,8FEF,B,colabfold_nomsa,1,results/20260709_casp15_casp16_unique_lt1000_msa-variants/_staging/colabfold_nomsa/predictions/T1137s2/colabfold_nomsa/rank_001.pdb,true,0,137,137,1,,,,bash runners/run_colabfold.sh results/20260709_casp15_casp16_unique_lt1000_msa-variants/_staging/colabfold_nomsa/sequences/T1137s2.fasta results/20260709_casp15_casp16_unique_lt1000_msa-variants/_staging/colabfold_nomsa/predictions/T1137s2/colabfold_nomsa 1,,false,none,single_sequence,none,,false,false,false,,,,0,ColabFold single_sequence mode; generated A3M contains only the query sequence.,,,,,,,137.0,2.094203952471988,0.004408850426256817,,,,,,true,offline,WORLD,world,constant,475.0,configurable_default_world_average,0.002094203952471988,2.094203952471988,0.004408850426256817,34.29558264720333,66.96485487673563,70.0,0.0006329727003815739,0.00246259530340609,0.0013132824224691532,134.96371708484367,,
T1137s3,8FEF,C,colabfold_nomsa,1,results/20260709_casp15_casp16_unique_lt1000_msa-variants/_staging/colabfold_nomsa/predictions/T1137s3/colabfold_nomsa/rank_001.pdb,true,0,137,137,1,,,,bash runners/run_colabfold.sh results/20260709_casp15_casp16_unique_lt1000_msa-variants/_staging/colabfold_nomsa/sequences/T1137s3.fasta results/20260709_casp15_casp16_unique_lt1000_msa-variants/_staging/colabfold_nomsa/predictions/T1137s3/colabfold_nomsa 1,,false,none,single_sequence,none,,false,false,false,,,,0,ColabFold single_sequence mode; generated A3M contains only the query sequence.,,,,,,,137.0,2.298714619751248,0.004839399199476312,,,,,,true,offline,WORLD,world,constant,475.0,configurable_default_world_average,0.002298714619751248,2.298714619751248,0.004839399199476312,31.27991942637314,79.83310260186435,70.0,0.0005758980657595602,0.00295732486585365,0.0013061762678630965,134.62904007732868,,
T1137s4,8FEF,D,colabfold_nomsa,1,results/20260709_casp15_casp16_unique_lt1000_msa-variants/_staging/colabfold_nomsa/predictions/T1137s4/colabfold_nomsa/rank_001.pdb,true,0,158,158,1,,,,bash runners/run_colabfold.sh results/20260709_casp15_casp16_unique_lt1000_msa-variants/_staging/colabfold_nomsa/sequences/T1137s4.fasta results/20260709_casp15_casp16_unique_lt1000_msa-variants/_staging/colabfold_nomsa/predictions/T1137s4/colabfold_nomsa 1,,false,none,single_sequence,none,,false,false,false,,,,0,ColabFold single_sequence mode; generated A3M contains only the query sequence.,,,,,,,158.0,2.623328230662681,0.005522796275079328,,,,,,true,offline,WORLD,world,constant,475.0,configurable_default_world_average,0.0026233282306626807,2.623328230662681,0.005522796275079328,36.452267542403256,75.79925604203395,70.0,0.0007745092114398795,0.003235038143579061,0.0015132489200603838,155.88533237902448,,
T1137s5,8FEF,E,colabfold_nomsa,1,results/20260709_casp15_casp16_unique_lt1000_msa-variants/_staging/colabfold_nomsa/predictions/T1137s5/colabfold_nomsa/rank_001.pdb,true,0,141,141,1,,,,bash runners/run_colabfold.sh results/20260709_casp15_casp16_unique_lt1000_msa-variants/_staging/colabfold_nomsa/sequences/T1137s5.fasta results/20260709_casp15_casp16_unique_lt1000_msa-variants/_staging/colabfold_nomsa/predictions/T1137s5/colabfold_nomsa 1,,false,none,single_sequence,none,,false,false,false,,,,0,ColabFold single_sequence mode; generated A3M contains only the query sequence.,,,,,,,141.0,2.1762189777954664,0.004581513637464139,,,,,,true,offline,WORLD,world,constant,475.0,configurable_default_world_average,0.0021762189777954663,2.1762189777954664,0.004581513637464139,34.49339804630979,68.12968268256166,70.0,0.0006476337407045637,0.0025858212353213617,0.0013480586614382146,138.97622733330354,,
T1137s6,8FEF,F,colabfold_nomsa,1,results/20260709_casp15_casp16_unique_lt1000_msa-variants/_staging/colabfold_nomsa/predictions/T1137s6/colabfold_nomsa/rank_001.pdb,true,0,154,154,1,,,,bash runners/run_colabfold.sh results/20260709_casp15_casp16_unique_lt1000_msa-variants/_staging/colabfold_nomsa/sequences/T1137s6.fasta results/20260709_casp15_casp16_unique_lt1000_msa-variants/_staging/colabfold_nomsa/predictions/T1137s6/colabfold_nomsa 1,,false,none,single_sequence,none,,false,false,false,,,,0,ColabFold single_sequence mode; generated A3M contains only the query sequence.,,,,,,,154.0,2.5338810600113124,0.005334486442129078,,,,,,true,offline,WORLD,world,constant,475.0,configurable_default_world_average,0.0025338810600113123,2.5338810600113124,0.005334486442129078,32.66972995553642,76.93593716455418,70.0,0.000676024943862459,0.0031877692168791327,0.0014706922813874884,151.82410019729286,,
T1137s7,8FEF,G,colabfold_nomsa,1,results/20260709_casp15_casp16_unique_lt1000_msa-variants/_staging/colabfold_nomsa/predictions/T1137s7/colabfold_nomsa/rank_001.pdb,true,0,163,163,1,,,,bash runners/run_colabfold.sh results/20260709_casp15_casp16_unique_lt1000_msa-variants/_staging/colabfold_nomsa/sequences/T1137s7.fasta results/20260709_casp15_casp16_unique_lt1000_msa-variants/_staging/colabfold_nomsa/predictions/T1137s7/colabfold_nomsa 1,,false,none,single_sequence,none,,false,false,false,,,,0,ColabFold single_sequence mode; generated A3M contains only the query sequence.,,,,,,,163.0,2.879483688151523,0.006062070922424259,,,,,,true,offline,WORLD,world,constant,475.0,configurable_default_world_average,0.0028794836881515227,2.879483688151523,0.006062070922424259,33.450499217334375,85.7937808416741,70.0,0.0007301167471545924,0.0037771644106143754,0.0015547897646552883,160.77337548183277,,
T1137s8,8FEF,I,colabfold_nomsa,1,results/20260709_casp15_casp16_unique_lt1000_msa-variants/_staging/colabfold_nomsa/predictions/T1137s8/colabfold_nomsa/rank_001.pdb,true,0,126,126,1,,,,bash runners/run_colabfold.sh results/20260709_casp15_casp16_unique_lt1000_msa-variants/_staging/colabfold_nomsa/sequences/T1137s8.fasta results/20260709_casp15_casp16_unique_lt1000_msa-variants/_staging/colabfold_nomsa/predictions/T1137s8/colabfold_nomsa 1,,false,none,single_sequence,none,,false,false,false,,,,0,ColabFold single_sequence mode; generated A3M contains only the query sequence.,,,,,,,126.0,1.9638202164928,0.004134358350511158,,,,,,true,offline,WORLD,world,constant,475.0,configurable_default_world_average,0.0019638202164928,1.9638202164928,0.004134358350511158,34.76401675302441,68.83794847401361,70.0,0.000588086626728231,0.002343965764055156,0.0012023059597277709,124.59369607781991,,
T1137s9,8FEF,J,colabfold_nomsa,1,results/20260709_casp15_casp16_unique_lt1000_msa-variants/_staging/colabfold_nomsa/predictions/T1137s9/colabfold_nomsa/rank_001.pdb,true,0,133,133,1,,,,bash runners/run_colabfold.sh results/20260709_casp15_casp16_unique_lt1000_msa-variants/_staging/colabfold_nomsa/sequences/T1137s9.fasta results/20260709_casp15_casp16_unique_lt1000_msa-variants/_staging/colabfold_nomsa/predictions/T1137s9/colabfold_nomsa 1,,false,none,single_sequence,none,,false,false,false,,,,0,ColabFold single_sequence mode; generated A3M contains only the query sequence.,,,,,,,133.0,1.9809573876318887,0.004170436605540818,,,,,,true,offline,WORLD,world,constant,475.0,configurable_default_world_average,0.0019809573876318886,1.9809573876318887,0.004170436605540818,33.07055415078462,64.56185031161213,70.0,0.0005881907654815525,0.002306448511824044,0.0012757973282352191,131.0991853182204,,
T1145,7UWW,A,colabfold_nomsa,1,results/20260709_casp15_casp16_unique_lt1000_msa-variants/_staging/colabfold_nomsa/predictions/T1145/colabfold_nomsa/rank_001.pdb,true,0,156,156,1,,,,bash runners/run_colabfold.sh results/20260709_casp15_casp16_unique_lt1000_msa-variants/_staging/colabfold_nomsa/sequences/T1145.fasta results/20260709_casp15_casp16_unique_lt1000_msa-variants/_staging/colabfold_nomsa/predictions/T1145/colabfold_nomsa 1,,false,none,single_sequence,none,,false,false,false,,,,0,ColabFold single_sequence mode; generated A3M contains only the query sequence.,,,,,,,156.0,2.7722526190494494,0.005836321303261999,,,,,,true,offline,WORLD,world,constant,475.0,configurable_default_world_average,0.0027722526190494495,2.7722526190494494,0.005836321303261999,31.64391033811767,87.26220378142754,70.0,0.0006653359248032912,0.0036854221150051103,0.0014855632634535954,154.30799272004515,,
T1147,8EM5,A,colabfold_nomsa,1,results/20260709_casp15_casp16_unique_lt1000_msa-variants/_staging/colabfold_nomsa/predictions/T1147/colabfold_nomsa/rank_001.pdb,true,0,114,114,1,,,,bash runners/run_colabfold.sh results/20260709_casp15_casp16_unique_lt1000_msa-variants/_staging/colabfold_nomsa/sequences/T1147.fasta results/20260709_casp15_casp16_unique_lt1000_msa-variants/_staging/colabfold_nomsa/predictions/T1147/colabfold_nomsa 1,,false,none,single_sequence,none,,false,false,false,,,,0,ColabFold single_sequence mode; generated A3M contains only the query sequence.,,,,,,,114.0,1.7507706446049647,0.003685832936010452,,,,,,true,offline,WORLD,world,constant,475.0,configurable_default_world_average,0.0017507706446049647,1.7507706446049647,0.003685832936010452,31.46055394892566,68.9692256538476,70.0,0.0004823576514053681,0.0021075889082950994,0.0010958863763099853,111.94121561292559,,
T1151s2,8D5V,A,colabfold_nomsa,1,results/20260709_casp15_casp16_unique_lt1000_msa-variants/_staging/colabfold_nomsa/predictions/T1151s2/colabfold_nomsa/rank_001.pdb,true,0,98,98,1,,,,bash runners/run_colabfold.sh results/20260709_casp15_casp16_unique_lt1000_msa-variants/_staging/colabfold_nomsa/sequences/T1151s2.fasta results/20260709_casp15_casp16_unique_lt1000_msa-variants/_staging/colabfold_nomsa/predictions/T1151s2/colabfold_nomsa 1,,false,none,single_sequence,none,,false,false,false,,,,0,ColabFold single_sequence mode; generated A3M contains only the query sequence.,,,,,,,98.0,1.5955007922805287,0.0033589490363800604,,,,,,true,offline,WORLD,world,constant,475.0,configurable_default_world_average,0.0015955007922805286,1.5955007922805287,0.0033589490363800604,30.26943247714736,77.30550009506607,70.0,0.00039624107210411747,0.0020305852355804177,0.0009321227286955237,96.36095382412896,,
T1155,8PBV,A,colabfold_nomsa,1,results/20260709_casp15_casp16_unique_lt1000_msa-variants/_staging/colabfold_nomsa/predictions/T1155/colabfold_nomsa/rank_001.pdb,true,0,99,99,1,,,,bash runners/run_colabfold.sh results/20260709_casp15_casp16_unique_lt1000_msa-variants/_staging/colabfold_nomsa/sequences/T1155.fasta results/20260709_casp15_casp16_unique_lt1000_msa-variants/_staging/colabfold_nomsa/predictions/T1155/colabfold_nomsa 1,,false,none,single_sequence,none,,false,false,false,,,,0,ColabFold single_sequence mode; generated A3M contains only the query sequence.,,,,,,,99.0,1.6362580622340817,0.0034447538152296456,,,,,,true,offline,WORLD,world,constant,475.0,configurable_default_world_average,0.0016362580622340816,1.6362580622340817,0.0034447538152296456,30.323206691507792,79.28702204240456,70.0,0.00040382319089167203,0.002089425282647994,0.0009515053416899822,96.8420714493841,,
T1157s2,8PKO,B,colabfold_nomsa,1,results/20260709_casp15_casp16_unique_lt1000_msa-variants/_staging/colabfold_nomsa/predictions/T1157s2/colabfold_nomsa/rank_001.pdb,true,0,142,142,1,,,,bash runners/run_colabfold.sh results/20260709_casp15_casp16_unique_lt1000_msa-variants/_staging/colabfold_nomsa/sequences/T1157s2.fasta results/20260709_casp15_casp16_unique_lt1000_msa-variants/_staging/colabfold_nomsa/predictions/T1157s2/colabfold_nomsa 1,,false,none,single_sequence,none,,false,false,false,,,,0,ColabFold single_sequence mode; generated A3M contains only the query sequence.,,,,,,,142.0,2.4224048102297666,0.0050997996004837195,,,,,,true,offline,WORLD,world,constant,475.0,configurable_default_world_average,0.0024224048102297665,2.4224048102297666,0.0050997996004837195,31.29009486781294,83.16581396574576,70.0,0.0005977963767142465,0.0031447775158213176,0.0013572257079481561,139.6661279918626,,
T1159,7PZT,A,colabfold_nomsa,1,results/20260709_casp15_casp16_unique_lt1000_msa-variants/_staging/colabfold_nomsa/predictions/T1159/colabfold_nomsa/rank_001.pdb,true,0,104,104,1,,,,bash runners/run_colabfold.sh results/20260709_casp15_casp16_unique_lt1000_msa-variants/_staging/colabfold_nomsa/sequences/T1159.fasta results/20260709_casp15_casp16_unique_lt1000_msa-variants/_staging/colabfold_nomsa/predictions/T1159/colabfold_nomsa 1,,false,none,single_sequence,none,,false,false,false,,,,0,ColabFold single_sequence mode; generated A3M contains only the query sequence.,,,,,,,104.0,1.6727324303137407,0.003521541958555244,,,,,,true,offline,WORLD,world,constant,475.0,configurable_default_world_average,0.0016727324303137407,1.6727324303137407,0.003521541958555244,29.431649414123754,75.64324450581461,70.0,0.0004119306845833188,0.0021059561291991713,0.001003655144772751,102.07214568508789,,
T1183,8IFX,B,colabfold_nomsa,1,results/20260709_casp15_casp16_unique_lt1000_msa-variants/_staging/colabfold_nomsa/predictions/T1183/colabfold_nomsa/rank_001.pdb,true,0,107,107,1,,,,bash runners/run_colabfold.sh results/20260709_casp15_casp16_unique_lt1000_msa-variants/_staging/colabfold_nomsa/sequences/T1183.fasta results/20260709_casp15_casp16_unique_lt1000_msa-variants/_staging/colabfold_nomsa/predictions/T1183/colabfold_nomsa 1,,false,none,single_sequence,none,,false,false,false,,,,0,ColabFold single_sequence mode; generated A3M contains only the query sequence.,,,,,,,107.0,1.7222454832002552,0.0036257799646321164,,,,,,true,offline,WORLD,world,constant,475.0,configurable_default_world_average,0.0017222454832002553,1.7222454832002552,0.0036257799646321164,28.9596396009303,76.18685201894256,70.0,0.0004164243898252149,0.0021907209192448818,0.0010186346555620222,105.29936430370435,,
T1185s1,8OUY,A,colabfold_nomsa,1,results/20260709_casp15_casp16_unique_lt1000_msa-variants/_staging/colabfold_nomsa/predictions/T1185s1/colabfold_nomsa/rank_001.pdb,true,0,128,128,1,,,,bash runners/run_colabfold.sh results/20260709_casp15_casp16_unique_lt1000_msa-variants/_staging/colabfold_nomsa/sequences/T1185s1.fasta results/20260709_casp15_casp16_unique_lt1000_msa-variants/_staging/colabfold_nomsa/predictions/T1185s1/colabfold_nomsa 1,,false,none,single_sequence,none,,false,false,false,,,,0,ColabFold single_sequence mode; generated A3M contains only the query sequence.,,,,,,,128.0,2.082066570981951,0.004383298044172528,,,,,,true,offline,WORLD,world,constant,475.0,configurable_default_world_average,0.002082066570981951,2.082066570981951,0.004383298044172528,31.041046669313975,76.10168628219435,70.0,0.0005353937627284888,0.0026205470964342226,0.0012273571850098153,125.85913744894788,,
T1185s2,8OUY,B,colabfold_nomsa,1,results/20260709_casp15_casp16_unique_lt1000_msa-variants/_staging/colabfold_nomsa/predictions/T1185s2/colabfold_nomsa/rank_001.pdb,true,0,113,113,1,,,,bash runners/run_colabfold.sh results/20260709_casp15_casp16_unique_lt1000_msa-variants/_staging/colabfold_nomsa/sequences/T1185s2.fasta results/20260709_casp15_casp16_unique_lt1000_msa-variants/_staging/colabfold_nomsa/predictions/T1185s2/colabfold_nomsa 1,,false,none,single_sequence,none,,false,false,false,,,,0,ColabFold single_sequence mode; generated A3M contains only the query sequence.,,,,,,,113.0,1.9069378014554434,0.0040146058978009335,,,,,,true,offline,WORLD,world,constant,475.0,configurable_default_world_average,0.0019069378014554435,1.9069378014554434,0.0040146058978009335,29.540513789849978,81.92275299883298,70.0,0.00044806573283504605,0.002491555882123464,0.001074984282842424,111.32355572003871,,
T1185s4,8OUY,D,colabfold_nomsa,1,results/20260709_casp15_casp16_unique_lt1000_msa-variants/_staging/colabfold_nomsa/predictions/T1185s4/colabfold_nomsa/rank_001.pdb,true,0,112,112,1,,,,bash runners/run_colabfold.sh results/20260709_casp15_casp16_unique_lt1000_msa-variants/_staging/colabfold_nomsa/sequences/T1185s4.fasta results/20260709_casp15_casp16_unique_lt1000_msa-variants/_staging/colabfold_nomsa/predictions/T1185s4/colabfold_nomsa 1,,false,none,single_sequence,none,,false,false,false,,,,0,ColabFold single_sequence mode; generated A3M contains only the query sequence.,,,,,,,112.0,1.8324952768343068,0.003857884793335383,,,,,,true,offline,WORLD,world,constant,475.0,configurable_default_world_average,0.0018324952768343067,1.8324952768343068,0.003857884793335383,30.323378045793568,77.66947352183718,70.0,0.00045550276006916493,0.002337841314719924,0.0010645407185462924,110.27090383600444,,
T1194,8OKH,A,colabfold_nomsa,1,results/20260709_casp15_casp16_unique_lt1000_msa-variants/_staging/colabfold_nomsa/predictions/T1194/colabfold_nomsa/rank_001.pdb,true,0,105,105,1,,,,bash runners/run_colabfold.sh results/20260709_casp15_casp16_unique_lt1000_msa-variants/_staging/colabfold_nomsa/sequences/T1194.fasta results/20260709_casp15_casp16_unique_lt1000_msa-variants/_staging/colabfold_nomsa/predictions/T1194/colabfold_nomsa 1,,false,none,single_sequence,none,,false,false,false,,,,0,ColabFold single_sequence mode; generated A3M contains only the query sequence.,,,,,,,105.0,1.68905416363761,0.0035559035023949685,,,,,,true,offline,WORLD,world,constant,475.0,configurable_default_world_average,0.00168905416363761,1.68905416363761,0.0035559035023949685,28.99093064377205,76.11892972994872,70.0,0.0004079139419233117,0.0021373700432292253,0.0010106195172424328,103.00028137397021,,
T1212,9B0L,P,colabfold_nomsa,1,results/20260709_casp15_casp16_unique_lt1000_msa-variants/_staging/colabfold_nomsa/predictions/T1212/colabfold_nomsa/rank_001.pdb,true,0,136,136,1,,,,bash runners/run_colabfold.sh results/20260709_casp15_casp16_unique_lt1000_msa-variants/_staging/colabfold_nomsa/sequences/T1212.fasta results/20260709_casp15_casp16_unique_lt1000_msa-variants/_staging/colabfold_nomsa/predictions/T1212/colabfold_nomsa 1,,false,none,single_sequence,none,,false,false,false,,,,0,ColabFold single_sequence mode; generated A3M contains only the query sequence.,,,,,,,136.0,2.29903448964234,0.004840072609773347,,,,,,true,offline,WORLD,world,constant,475.0,configurable_default_world_average,0.00229903448964234,2.29903448964234,0.004840072609773347,30.511023309580796,81.41063093782847,70.0,0.0005573993505996012,0.002989601280575016,0.00129307197859873,134.300310137216,,
T1227s1,9N8W,A,colabfold_nomsa,1,results/20260709_casp15_casp16_unique_lt1000_msa-variants/_staging/colabfold_nomsa/predictions/T1227s1/colabfold_nomsa/rank_001.pdb,true,0,134,134,1,,,,bash runners/run_colabfold.sh results/20260709_casp15_casp16_unique_lt1000_msa-variants/_staging/colabfold_nomsa/sequences/T1227s1.fasta results/20260709_casp15_casp16_unique_lt1000_msa-variants/_staging/colabfold_nomsa/predictions/T1227s1/colabfold_nomsa 1,,false,none,single_sequence,none,,false,false,false,,,,0,ColabFold single_sequence mode; generated A3M contains only the query sequence.,,,,,,,134.0,2.2316674725544705,0.00469824731064099,,,,,,true,offline,WORLD,world,constant,475.0,configurable_default_world_average,0.0022316674725544705,2.2316674725544705,0.00469824731064099,32.3587337550744,78.13990271908732,70.0,0.0005860928096089821,0.002821279757021955,0.0012908747440100548,132.14099696511403,,
T1266,8QFB,A,colabfold_nomsa,1,results/20260709_casp15_casp16_unique_lt1000_msa-variants/_staging/colabfold_nomsa/predictions/T1266/colabfold_nomsa/rank_001.pdb,true,0,113,113,1,,,,bash runners/run_colabfold.sh results/20260709_casp15_casp16_unique_lt1000_msa-variants/_staging/colabfold_nomsa/sequences/T1266.fasta results/20260709_casp15_casp16_unique_lt1000_msa-variants/_staging/colabfold_nomsa/predictions/T1266/colabfold_nomsa 1,,false,none,single_sequence,none,,false,false,false,,,,0,ColabFold single_sequence mode; generated A3M contains only the query sequence.,,,,,,,113.0,1.8394228577780842,0.003872469174269651,,,,,,true,offline,WORLD,world,constant,475.0,configurable_default_world_average,0.0018394228577780843,1.8394228577780842,0.003872469174269651,29.783749346697228,77.97705262205365,70.0,0.00044885584503036535,0.002353660216265041,0.0010699531129742459,110.5188260502182,,
T1272s2,9C3C,a,colabfold_nomsa,1,results/20260709_casp15_casp16_unique_lt1000_msa-variants/_staging/colabfold_nomsa/predictions/T1272s2/colabfold_nomsa/rank_001.pdb,true,0,129,129,1,,,,bash runners/run_colabfold.sh results/20260709_casp15_casp16_unique_lt1000_msa-variants/_staging/colabfold_nomsa/sequences/T1272s2.fasta results/20260709_casp15_casp16_unique_lt1000_msa-variants/_staging/colabfold_nomsa/predictions/T1272s2/colabfold_nomsa 1,,false,none,single_sequence,none,,false,false,false,,,,0,ColabFold single_sequence mode; generated A3M contains only the query sequence.,,,,,,,129.0,2.0991826895825034,0.004419331978068429,,,,,,true,offline,WORLD,world,constant,475.0,configurable_default_world_average,0.0020991826895825033,2.0991826895825034,0.004419331978068429,32.20003608799999,75.94988831702416,70.0,0.0005566094065760365,0.0026390740556934134,0.0012236485157989792,127.17474134499207,,
T1272s3,9C3C,b,colabfold_nomsa,1,results/20260709_casp15_casp16_unique_lt1000_msa-variants/_staging/colabfold_nomsa/predictions/T1272s3/colabfold_nomsa/rank_001.pdb,true,0,127,127,1,,,,bash runners/run_colabfold.sh results/20260709_casp15_casp16_unique_lt1000_msa-variants/_staging/colabfold_nomsa/sequences/T1272s3.fasta results/20260709_casp15_casp16_unique_lt1000_msa-variants/_staging/colabfold_nomsa/predictions/T1272s3/colabfold_nomsa 1,,false,none,single_sequence,none,,false,false,false,,,,0,ColabFold single_sequence mode; generated A3M contains only the query sequence.,,,,,,,127.0,2.0248438364026318,0.004262829129268698,,,,,,true,offline,WORLD,world,constant,475.0,configurable_default_world_average,0.0020248438364026317,2.0248438364026318,0.004262829129268698,32.359347999731824,72.8166799622202,70.0,0.000554374567022367,0.0024870917118917646,0.0012213628503545703,124.98489944590256,,
T1272s4,9C3C,d,colabfold_nomsa,1,results/20260709_casp15_casp16_unique_lt1000_msa-variants/_staging/colabfold_nomsa/predictions/T1272s4/colabfold_nomsa/rank_001.pdb,true,0,126,126,1,,,,bash runners/run_colabfold.sh results/20260709_casp15_casp16_unique_lt1000_msa-variants/_staging/colabfold_nomsa/sequences/T1272s4.fasta results/20260709_casp15_casp16_unique_lt1000_msa-variants/_staging/colabfold_nomsa/predictions/T1272s4/colabfold_nomsa 1,,false,none,single_sequence,none,,false,false,false,,,,0,ColabFold single_sequence mode; generated A3M contains only the query sequence.,,,,,,,126.0,1.9927529550507896,0.004195269379054294,,,,,,true,offline,WORLD,world,constant,475.0,configurable_default_world_average,0.0019927529550507897,1.9927529550507896,0.004195269379054294,31.651720963365822,72.2246163499231,70.0,0.0005383967433614307,0.0024454200118881886,0.001211452623804669,123.87754679424688,,
T1272s5,9C3C,g,colabfold_nomsa,1,results/20260709_casp15_casp16_unique_lt1000_msa-variants/_staging/colabfold_nomsa/predictions/T1272s5/colabfold_nomsa/rank_001.pdb,true,0,128,128,1,,,,bash runners/run_colabfold.sh results/20260709_casp15_casp16_unique_lt1000_msa-variants/_staging/colabfold_nomsa/sequences/T1272s5.fasta results/20260709_casp15_casp16_unique_lt1000_msa-variants/_staging/colabfold_nomsa/predictions/T1272s5/colabfold_nomsa 1,,false,none,single_sequence,none,,false,false,false,,,,0,ColabFold single_sequence mode; generated A3M contains only the query sequence.,,,,,,,128.0,2.0077073590856935,0.00422675233491725,,,,,,true,offline,WORLD,world,constant,475.0,configurable_default_world_average,0.0020077073590856935,2.0077073590856935,0.00422675233491725,31.747005225605978,71.19985198780779,70.0,0.0005461212363938297,0.0024614480802682692,0.0012191830182551506,126.42645696084946,,
T1272s6,9C3C,A,colabfold_nomsa,1,results/20260709_casp15_casp16_unique_lt1000_msa-variants/_staging/colabfold_nomsa/predictions/T1272s6/colabfold_nomsa/rank_001.pdb,true,0,135,135,1,,,,bash runners/run_colabfold.sh results/20260709_casp15_casp16_unique_lt1000_msa-variants/_staging/colabfold_nomsa/sequences/T1272s6.fasta results/20260709_casp15_casp16_unique_lt1000_msa-variants/_staging/colabfold_nomsa/predictions/T1272s6/colabfold_nomsa 1,,false,none,single_sequence,none,,false,false,false,,,,0,ColabFold single_sequence mode; generated A3M contains only the query sequence.,,,,,,,135.0,2.507906192697486,0.005279802510942076,,,,,,true,offline,WORLD,world,constant,475.0,configurable_default_world_average,0.0025079061926974863,2.507906192697486,0.005279802510942076,27.55206443575,95.65791878944785,70.0,0.0005003724932813801,0.0034804811177195916,0.0012989488999411052,133.09955334337428,,
T1272s7,9C3C,B,colabfold_nomsa,1,results/20260709_casp15_casp16_unique_lt1000_msa-variants/_staging/colabfold_nomsa/predictions/T1272s7/colabfold_nomsa/rank_001.pdb,true,0,123,123,1,,,,bash runners/run_colabfold.sh results/20260709_casp15_casp16_unique_lt1000_msa-variants/_staging/colabfold_nomsa/sequences/T1272s7.fasta results/20260709_casp15_casp16_unique_lt1000_msa-variants/_staging/colabfold_nomsa/predictions/T1272s7/colabfold_nomsa 1,,false,none,single_sequence,none,,false,false,false,,,,0,ColabFold single_sequence mode; generated A3M contains only the query sequence.,,,,,,,123.0,1.9139092487601441,0.004029282628968725,,,,,,true,offline,WORLD,world,constant,475.0,configurable_default_world_average,0.001913909248760144,1.9139092487601441,0.004029282628968725,31.55224435687499,70.62028722117252,70.0,0.0005182509633306407,0.0023416907622433314,0.001169340903394752,121.35991193400696,,
T1272s9,9C3C,n,colabfold_nomsa,1,results/20260709_casp15_casp16_unique_lt1000_msa-variants/_staging/colabfold_nomsa/predictions/T1272s9/colabfold_nomsa/rank_001.pdb,true,0,120,120,1,,,,bash runners/run_colabfold.sh results/20260709_casp15_casp16_unique_lt1000_msa-variants/_staging/colabfold_nomsa/sequences/T1272s9.fasta results/20260709_casp15_casp16_unique_lt1000_msa-variants/_staging/colabfold_nomsa/predictions/T1272s9/colabfold_nomsa 1,,false,none,single_sequence,none,,false,false,false,,,,0,ColabFold single_sequence mode; generated A3M contains only the query sequence.,,,,,,,120.0,1.8851549573371542,0.003968747278604535,,,,,,true,offline,WORLD,world,constant,475.0,configurable_default_world_average,0.0018851549573371542,1.8851549573371542,0.003968747278604535,31.712136723384567,71.40037054231166,70.0,0.0005113926190410528,0.002312242683125021,0.0011451119764384606,118.50916485534981,,
T1280,9F5M,AAA,colabfold_nomsa,1,results/20260709_casp15_casp16_unique_lt1000_msa-variants/_staging/colabfold_nomsa/predictions/T1280/colabfold_nomsa/rank_001.pdb,true,0,124,124,1,,,,bash runners/run_colabfold.sh results/20260709_casp15_casp16_unique_lt1000_msa-variants/_staging/colabfold_nomsa/sequences/T1280.fasta results/20260709_casp15_casp16_unique_lt1000_msa-variants/_staging/colabfold_nomsa/predictions/T1280/colabfold_nomsa 1,,false,none,single_sequence,none,,false,false,false,,,,0,ColabFold single_sequence mode; generated A3M contains only the query sequence.,,,,,,,124.0,1.9552541630419848,0.0041163245537726,,,,,,true,offline,WORLD,world,constant,475.0,configurable_default_world_average,0.001955254163041985,1.9552541630419848,0.0041163245537726,32.02949866459093,71.81891103937564,70.0,0.0005331919220615009,0.0023939421929242144,0.0011891904387868841,121.88082930073142,,
T1299,9FJL,A,colabfold_nomsa,1,results/20260709_casp15_casp16_unique_lt1000_msa-variants/_staging/colabfold_nomsa/predictions/T1299/colabfold_nomsa/rank_001.pdb,true,0,104,104,1,,,,bash runners/run_colabfold.sh results/20260709_casp15_casp16_unique_lt1000_msa-variants/_staging/colabfold_nomsa/sequences/T1299.fasta results/20260709_casp15_casp16_unique_lt1000_msa-variants/_staging/colabfold_nomsa/predictions/T1299/colabfold_nomsa 1,,false,none,single_sequence,none,,false,false,false,,,,0,ColabFold single_sequence mode; generated A3M contains only the query sequence.,,,,,,,104.0,1.6602805751616156,0.003495327526656033,,,,,,true,offline,WORLD,world,constant,475.0,configurable_default_world_average,0.0016602805751616157,1.6602805751616156,0.003495327526656033,30.71729308439106,74.05614713699302,70.0,0.0004289458195025867,0.0020730633251133668,0.0009933183820400799,102.54557437403128,,
T1104,7ROA,A,openfold_nomsa,1,results/20260709_casp15_casp16_unique_lt1000_msa-variants/_staging/openfold_nomsa/predictions/T1104/openfold_nomsa/rank_001.pdb,true,0,21.505641444120556,21.505641444120556,1,,,,bash runners/run_openfold.sh results/20260709_casp15_casp16_unique_lt1000_msa-variants/_staging/openfold_nomsa/sequences/T1104.fasta results/20260709_casp15_casp16_unique_lt1000_msa-variants/_staging/openfold_nomsa/predictions/T1104/openfold_nomsa 1,,,,,,,,,,,,,,runner CodeCarbon output: results/20260709_casp15_casp16_unique_lt1000_msa-variants/_staging/openfold_nomsa/predictions/T1104/openfold_nomsa/carbon/T1104_openfold_nomsa_inference_emissions.csv,,,,,,,21.505641444120556,0.4044018701038855,0.0008513723581134432,,,,,,true,offline,WORLD,world,constant,475.0,configurable_default_world_average,0.0004044018701038855,0.4044018701038855,0.0008513723581134432,19.960372655763166,111.3500277589877,70.0,6.025957262280782e-05,0.0005750901822949572,0.00021602260319567802,19.7842211346142,,
T1106s1,7QIH,B,openfold_nomsa,1,results/20260709_casp15_casp16_unique_lt1000_msa-variants/_staging/openfold_nomsa/predictions/T1106s1/openfold_nomsa/rank_001.pdb,true,0,31.899626488797367,31.899626488797367,1,,,,bash runners/run_openfold.sh results/20260709_casp15_casp16_unique_lt1000_msa-variants/_staging/openfold_nomsa/sequences/T1106s1.fasta results/20260709_casp15_casp16_unique_lt1000_msa-variants/_staging/openfold_nomsa/predictions/T1106s1/openfold_nomsa 1,,,,,,,,,,,,,,runner CodeCarbon output: results/20260709_casp15_casp16_unique_lt1000_msa-variants/_staging/openfold_nomsa/predictions/T1106s1/openfold_nomsa/carbon/T1106s1_openfold_nomsa_inference_emissions.csv,,,,,,,31.899626488797367,0.6539949265090553,0.00137683142422959,,,,,,true,offline,WORLD,world,constant,475.0,configurable_default_world_average,0.0006539949265090553,0.6539949265090553,0.00137683142422959,96.14493737019826,81.29556148165157,70.0,0.0004317733284751784,0.0006472296844499681,0.0002978284113044438,30.1776799201034,,
T1106s2,7QIH,A,openfold_nomsa,1,results/20260709_casp15_casp16_unique_lt1000_msa-variants/_staging/openfold_nomsa/predictions/T1106s2/openfold_nomsa/rank_001.pdb,true,0,21.04031732911244,21.04031732911244,1,,,,bash runners/run_openfold.sh results/20260709_casp15_casp16_unique_lt1000_msa-variants/_staging/openfold_nomsa/sequences/T1106s2.fasta results/20260709_casp15_casp16_unique_lt1000_msa-variants/_staging/openfold_nomsa/predictions/T1106s2/openfold_nomsa 1,,,,,,,,,,,,,,runner CodeCarbon output: results/20260709_casp15_casp16_unique_lt1000_msa-variants/_staging/openfold_nomsa/predictions/T1106s2/openfold_nomsa/carbon/T1106s2_openfold_nomsa_inference_emissions.csv,,,,,,,21.04031732911244,0.3947882845087394,0.0008311332305447145,,,,,,true,offline,WORLD,world,constant,475.0,configurable_default_world_average,0.00039478828450873935,0.3947882845087394,0.0008311332305447145,22.228478809625003,115.55984506336758,70.0,6.086194334196341e-05,0.0005721135132468191,0.00019815777395593213,19.3492919979617,,
T1112,8ORK,AAA,openfold_nomsa,1,results/20260709_casp15_casp16_unique_lt1000_msa-variants/_staging/openfold_nomsa/predictions/T1112/openfold_nomsa/rank_001.pdb,true,0,94.40417005680501,94.40417005680501,1,,,,bash runners/run_openfold.sh results/20260709_casp15_casp16_unique_lt1000_msa-variants/_staging/openfold_nomsa/sequences/T1112.fasta results/20260709_casp15_casp16_unique_lt1000_msa-variants/_staging/openfold_nomsa/predictions/T1112/openfold_nomsa 1,,,,,,,,,,,,,,runner CodeCarbon output: results/20260709_casp15_casp16_unique_lt1000_msa-variants/_staging/openfold_nomsa/predictions/T1112/openfold_nomsa/carbon/T1112_openfold_nomsa_inference_emissions.csv,,,,,,,94.40417005680501,2.8104273368891075,0.005916689130292858,,,,,,true,offline,WORLD,world,constant,475.0,configurable_default_world_average,0.0028104273368891076,2.8104273368891075,0.005916689130292858,37.61861333246739,178.49298866739284,70.0,0.0004761531121573849,0.004531462514055562,0.0009090735040799093,92.63993780501187,,
T1114s1,7UTD,Q,openfold_nomsa,1,results/20260709_casp15_casp16_unique_lt1000_msa-variants/_staging/openfold_nomsa/predictions/T1114s1/openfold_nomsa/rank_001.pdb,true,0,30.396679770201445,30.396679770201445,1,,,,bash runners/run_openfold.sh results/20260709_casp15_casp16_unique_lt1000_msa-variants/_staging/openfold_nomsa/sequences/T1114s1.fasta results/20260709_casp15_casp16_unique_lt1000_msa-variants/_staging/openfold_nomsa/predictions/T1114s1/openfold_nomsa 1,,,,,,,,,,,,,,runner CodeCarbon output: results/20260709_casp15_casp16_unique_lt1000_msa-variants/_staging/openfold_nomsa/predictions/T1114s1/openfold_nomsa/carbon/T1114s1_openfold_nomsa_inference_emissions.csv,,,,,,,30.396679770201445,0.6880753676896922,0.0014485797214519836,,,,,,true,offline,WORLD,world,constant,475.0,configurable_default_world_average,0.0006880753676896923,0.6880753676896922,0.0014485797214519836,22.844578489071434,139.07775321304996,70.0,9.452762843233251e-05,0.0010554652888146165,0.0002985868042050343,28.636952063068748,,
T1114s2,7UTD,B,openfold_nomsa,1,results/20260709_casp15_casp16_unique_lt1000_msa-variants/_staging/openfold_nomsa/predictions/T1114s2/openfold_nomsa/rank_001.pdb,true,0,62.65964271174744,62.65964271174744,1,,,,bash runners/run_openfold.sh results/20260709_casp15_casp16_unique_lt1000_msa-variants/_staging/openfold_nomsa/sequences/T1114s2.fasta results/20260709_casp15_casp16_unique_lt1000_msa-variants/_staging/openfold_nomsa/predictions/T1114s2/openfold_nomsa 1,,,,,,,,,,,,,,runner CodeCarbon output: results/20260709_casp15_casp16_unique_lt1000_msa-variants/_staging/openfold_nomsa/predictions/T1114s2/openfold_nomsa/carbon/T1114s2_openfold_nomsa_inference_emissions.csv,,,,,,,62.65964271174744,1.6735662702990584,0.003523297411155912,,,,,,true,offline,WORLD,world,constant,475.0,configurable_default_world_average,0.0016735662702990583,1.6735662702990584,0.003523297411155912,17.837405644575007,167.54745963627983,70.0,0.00015524736394801662,0.002759133596192953,0.0006089164510149408,60.86820725398138,,
T1114s3,7UTD,A,openfold_nomsa,1,results/20260709_casp15_casp16_unique_lt1000_msa-variants/_staging/openfold_nomsa/predictions/T1114s3/openfold_nomsa/rank_001.pdb,true,0,143.5372558911331,143.5372558911331,1,,,,bash runners/run_openfold.sh results/20260709_casp15_casp16_unique_lt1000_msa-variants/_staging/openfold_nomsa/sequences/T1114s3.fasta results/20260709_casp15_casp16_unique_lt1000_msa-variants/_staging/openfold_nomsa/predictions/T1114s3/openfold_nomsa 1,,,,,,,,,,,,,,runner CodeCarbon output: results/20260709_casp15_casp16_unique_lt1000_msa-variants/_staging/openfold_nomsa/predictions/T1114s3/openfold_nomsa/carbon/T1114s3_openfold_nomsa_inference_emissions.csv,,,,,,,143.5372558911331,4.074644150984673,0.008578198212599312,,,,,,true,offline,WORLD,world,constant,475.0,configurable_default_world_average,0.004074644150984673,4.074644150984673,0.008578198212599312,46.11434515600001,163.14162683499552,70.0,0.0008910029340357324,0.006310493659505312,0.001376701619058279,141.8296671072021,,
T1120,7QVB,B,openfold_nomsa,1,results/20260709_casp15_casp16_unique_lt1000_msa-variants/_staging/openfold_nomsa/predictions/T1120/openfold_nomsa/rank_001.pdb,true,0,35.12645663134754,35.12645663134754,1,,,,bash runners/run_openfold.sh results/20260709_casp15_casp16_unique_lt1000_msa-variants/_staging/openfold_nomsa/sequences/T1120.fasta results/20260709_casp15_casp16_unique_lt1000_msa-variants/_staging/openfold_nomsa/predictions/T1120/openfold_nomsa 1,,,,,,,,,,,,,,runner CodeCarbon output: results/20260709_casp15_casp16_unique_lt1000_msa-variants/_staging/openfold_nomsa/predictions/T1120/openfold_nomsa/carbon/T1120_openfold_nomsa_inference_emissions.csv,,,,,,,35.12645663134754,0.8481006145074279,0.0017854749779103746,,,,,,true,offline,WORLD,world,constant,475.0,configurable_default_world_average,0.0008481006145074279,0.8481006145074279,0.0017854749779103746,18.56153039039062,155.20724947947102,70.0,8.7045967619126e-05,0.001367699149714241,0.00033072986057700797,33.308606564067304,,
T1122,8BBT,A,openfold_nomsa,1,results/20260709_casp15_casp16_unique_lt1000_msa-variants/_staging/openfold_nomsa/predictions/T1122/openfold_nomsa/rank_001.pdb,true,0,36.06966891605407,36.06966891605407,1,,,,bash runners/run_openfold.sh results/20260709_casp15_casp16_unique_lt1000_msa-variants/_staging/openfold_nomsa/sequences/T1122.fasta results/20260709_casp15_casp16_unique_lt1000_msa-variants/_staging/openfold_nomsa/predictions/T1122/openfold_nomsa 1,,,,,,,,,,,,,,runner CodeCarbon output: results/20260709_casp15_casp16_unique_lt1000_msa-variants/_staging/openfold_nomsa/predictions/T1122/openfold_nomsa/carbon/T1122_openfold_nomsa_inference_emissions.csv,,,,,,,36.06966891605407,0.8711645600875632,0.0018340306528159224,,,,,,true,offline,WORLD,world,constant,475.0,configurable_default_world_average,0.0008711645600875631,0.8711645600875632,0.0018340306528159224,18.665545178250003,154.9340190859605,70.0,9.003791113513099e-05,0.0014046991793108532,0.0003392935623699385,34.298785145860165,,
T1129s2,8A8C,B,openfold_nomsa,1,results/20260709_casp15_casp16_unique_lt1000_msa-variants/_staging/openfold_nomsa/predictions/T1129s2/openfold_nomsa/rank_001.pdb,true,0,182.99768832325935,182.99768832325935,1,,,,bash runners/run_openfold.sh results/20260709_casp15_casp16_unique_lt1000_msa-variants/_staging/openfold_nomsa/sequences/T1129s2.fasta results/20260709_casp15_casp16_unique_lt1000_msa-variants/_staging/openfold_nomsa/predictions/T1129s2/openfold_nomsa 1,,,,,,,,,,,,,,runner CodeCarbon output: results/20260709_casp15_casp16_unique_lt1000_msa-variants/_staging/openfold_nomsa/predictions/T1129s2/openfold_nomsa/carbon/T1129s2_openfold_nomsa_inference_emissions.csv,,,,,,,182.99768832325935,5.446418614592026,0.011466144451772686,,,,,,true,offline,WORLD,world,constant,475.0,configurable_default_world_average,0.0054464186145920255,5.446418614592026,0.011466144451772686,40.90339469837503,176.43272302562872,70.0,0.0009996892887637555,0.008731816707669537,0.0017346384553393965,181.2825810899958,,
T1133,8DYS,A,openfold_nomsa,1,results/20260709_casp15_casp16_unique_lt1000_msa-variants/_staging/openfold_nomsa/predictions/T1133/openfold_nomsa/rank_001.pdb,true,0,156.39280864596367,156.39280864596367,1,,,,bash runners/run_openfold.sh results/20260709_casp15_casp16_unique_lt1000_msa-variants/_staging/openfold_nomsa/sequences/T1133.fasta results/20260709_casp15_casp16_unique_lt1000_msa-variants/_staging/openfold_nomsa/predictions/T1133/openfold_nomsa 1,,,,,,,,,,,,,,runner CodeCarbon output: results/20260709_casp15_casp16_unique_lt1000_msa-variants/_staging/openfold_nomsa/predictions/T1133/openfold_nomsa/carbon/T1133_openfold_nomsa_inference_emissions.csv,,,,,,,156.39280864596367,4.553717400290331,0.009586773474295434,,,,,,true,offline,WORLD,world,constant,475.0,configurable_default_world_average,0.004553717400290331,4.553717400290331,0.009586773474295434,31.525778724267827,175.54628604623917,70.0,0.0006659519583272668,0.0074232445497059985,0.001497576966262164,154.7223258423619,,
T1134s1,7UBZ,A,openfold_nomsa,1,results/20260709_casp15_casp16_unique_lt1000_msa-variants/_staging/openfold_nomsa/predictions/T1134s1/openfold_nomsa/rank_001.pdb,true,0,34.29672558000311,34.29672558000311,1,,,,bash runners/run_openfold.sh results/20260709_casp15_casp16_unique_lt1000_msa-variants/_staging/openfold_nomsa/sequences/T1134s1.fasta results/20260709_casp15_casp16_unique_lt1000_msa-variants/_staging/openfold_nomsa/predictions/T1134s1/openfold_nomsa 1,,,,,,,,,,,,,,runner CodeCarbon output: results/20260709_casp15_casp16_unique_lt1000_msa-variants/_staging/openfold_nomsa/predictions/T1134s1/openfold_nomsa/carbon/T1134s1_openfold_nomsa_inference_emissions.csv,,,,,,,34.29672558000311,0.8406526880950771,0.0017697951328317413,,,,,,true,offline,WORLD,world,constant,475.0,configurable_default_world_average,0.0008406526880950771,0.8406526880950771,0.0017697951328317413,18.845761621757813,155.79878793990684,70.0,8.994391789444432e-05,0.001343152463409325,0.0003366987515279713,32.60596015397459,,
T1134s2,7UBZ,D,openfold_nomsa,1,results/20260709_casp15_casp16_unique_lt1000_msa-variants/_staging/openfold_nomsa/predictions/T1134s2/openfold_nomsa/rank_001.pdb,true,0,50.33753085229546,50.33753085229546,1,,,,bash runners/run_openfold.sh results/20260709_casp15_casp16_unique_lt1000_msa-variants/_staging/openfold_nomsa/sequences/T1134s2.fasta results/20260709_casp15_casp16_unique_lt1000_msa-variants/_staging/openfold_nomsa/predictions/T1134s2/openfold_nomsa 1,,,,,,,,,,,,,,runner CodeCarbon output: results/20260709_casp15_casp16_unique_lt1000_msa-variants/_staging/openfold_nomsa/predictions/T1134s2/openfold_nomsa/carbon/T1134s2_openfold_nomsa_inference_emissions.csv,,,,,,,50.33753085229546,1.2859472649822459,0.0027072573999626227,,,,,,true,offline,WORLD,world,constant,475.0,configurable_default_world_average,0.001285947264982246,1.2859472649822459,0.0027072573999626227,19.422790921085102,161.67901745319824,70.0,0.0001316967672163151,0.0020978536227289624,0.0004777070100173458,48.50108360033482,,
T1137s1,8FEF,A,openfold_nomsa,1,results/20260709_casp15_casp16_unique_lt1000_msa-variants/_staging/openfold_nomsa/predictions/T1137s1/openfold_nomsa/rank_001.pdb,true,0,77.98752934020013,77.98752934020013,1,,,,bash runners/run_openfold.sh results/20260709_casp15_casp16_unique_lt1000_msa-variants/_staging/openfold_nomsa/sequences/T1137s1.fasta results/20260709_casp15_casp16_unique_lt1000_msa-variants/_staging/openfold_nomsa/predictions/T1137s1/openfold_nomsa 1,,,,,,,,,,,,,,runner CodeCarbon output: results/20260709_casp15_casp16_unique_lt1000_msa-variants/_staging/openfold_nomsa/predictions/T1137s1/openfold_nomsa/carbon/T1137s1_openfold_nomsa_inference_emissions.csv,,,,,,,77.98752934020013,2.231928649587094,0.0046987971570254606,,,,,,true,offline,WORLD,world,constant,475.0,configurable_default_world_average,0.002231928649587094,2.231928649587094,0.0046987971570254606,45.727689784590005,169.22275206236688,70.0,0.0004695267172742352,0.0034923552938863622,0.0007369151458648656,76.21894273208454,,
T1137s2,8FEF,B,openfold_nomsa,1,results/20260709_casp15_casp16_unique_lt1000_msa-variants/_staging/openfold_nomsa/predictions/T1137s2/openfold_nomsa/rank_001.pdb,true,0,57.400646687019616,57.400646687019616,1,,,,bash runners/run_openfold.sh results/20260709_casp15_casp16_unique_lt1000_msa-variants/_staging/openfold_nomsa/sequences/T1137s2.fasta results/20260709_casp15_casp16_unique_lt1000_msa-variants/_staging/openfold_nomsa/predictions/T1137s2/openfold_nomsa 1,,,,,,,,,,,,,,runner CodeCarbon output: results/20260709_casp15_casp16_unique_lt1000_msa-variants/_staging/openfold_nomsa/predictions/T1137s2/openfold_nomsa/carbon/T1137s2_openfold_nomsa_inference_emissions.csv,,,,,,,57.400646687019616,1.5090462382004604,0.0031769394488430744,,,,,,true,offline,WORLD,world,constant,475.0,configurable_default_world_average,0.0015090462382004604,1.5090462382004604,0.0031769394488430744,20.050642599149995,161.93343619039092,70.0,0.00015820817150195786,0.002462573081167818,0.0005561581961732978,55.57340924581513,,
T1137s3,8FEF,C,openfold_nomsa,1,results/20260709_casp15_casp16_unique_lt1000_msa-variants/_staging/openfold_nomsa/predictions/T1137s3/openfold_nomsa/rank_001.pdb,true,0,123.55156678613275,123.55156678613275,1,,,,bash runners/run_openfold.sh results/20260709_casp15_casp16_unique_lt1000_msa-variants/_staging/openfold_nomsa/sequences/T1137s3.fasta results/20260709_casp15_casp16_unique_lt1000_msa-variants/_staging/openfold_nomsa/predictions/T1137s3/openfold_nomsa 1,,,,,,,,,,,,,,runner CodeCarbon output: results/20260709_casp15_casp16_unique_lt1000_msa-variants/_staging/openfold_nomsa/predictions/T1137s3/openfold_nomsa/carbon/T1137s3_openfold_nomsa_inference_emissions.csv,,,,,,,123.55156678613275,3.5800383645380847,0.007536922872711757,,,,,,true,offline,WORLD,world,constant,475.0,configurable_default_world_average,0.003580038364538085,3.5800383645380847,0.007536922872711757,34.9374975671591,173.86767084963083,70.0,0.0005772432717805171,0.005774542119628023,0.0011851374813032132,121.85184087697417,,
T1137s4,8FEF,D,openfold_nomsa,1,results/20260709_casp15_casp16_unique_lt1000_msa-variants/_staging/openfold_nomsa/predictions/T1137s4/openfold_nomsa/rank_001.pdb,true,0,136.92994783865288,136.92994783865288,1,,,,bash runners/run_openfold.sh results/20260709_casp15_casp16_unique_lt1000_msa-variants/_staging/openfold_nomsa/sequences/T1137s4.fasta results/20260709_casp15_casp16_unique_lt1000_msa-variants/_staging/openfold_nomsa/predictions/T1137s4/openfold_nomsa 1,,,,,,,,,,,,,,runner CodeCarbon output: results/20260709_casp15_casp16_unique_lt1000_msa-variants/_staging/openfold_nomsa/predictions/T1137s4/openfold_nomsa/carbon/T1137s4_openfold_nomsa_inference_emissions.csv,,,,,,,136.92994783865288,3.9550616873833873,0.008326445657649237,,,,,,true,offline,WORLD,world,constant,475.0,configurable_default_world_average,0.003955061687383387,3.9550616873833873,0.008326445657649237,29.20504861940485,175.91316729455923,70.0,0.0005371972335440683,0.006488886302218333,0.001300362121886833,135.2872569267638,,
T1137s5,8FEF,E,openfold_nomsa,1,results/20260709_casp15_casp16_unique_lt1000_msa-variants/_staging/openfold_nomsa/predictions/T1137s5/openfold_nomsa/rank_001.pdb,true,0,70.9660148457624,70.9660148457624,1,,,,bash runners/run_openfold.sh results/20260709_casp15_casp16_unique_lt1000_msa-variants/_staging/openfold_nomsa/sequences/T1137s5.fasta results/20260709_casp15_casp16_unique_lt1000_msa-variants/_staging/openfold_nomsa/predictions/T1137s5/openfold_nomsa 1,,,,,,,,,,,,,,runner CodeCarbon output: results/20260709_casp15_casp16_unique_lt1000_msa-variants/_staging/openfold_nomsa/predictions/T1137s5/openfold_nomsa/carbon/T1137s5_openfold_nomsa_inference_emissions.csv,,,,,,,70.9660148457624,2.045566469480335,0.004306455725221758,,,,,,true,offline,WORLD,world,constant,475.0,configurable_default_world_average,0.002045566469480335,2.045566469480335,0.004306455725221758,49.777832539511024,169.29168265862177,70.0,0.00046515347874220684,0.003168729479426702,0.0006725727670528514,69.29678680701181,,
T1137s6,8FEF,F,openfold_nomsa,1,results/20260709_casp15_casp16_unique_lt1000_msa-variants/_staging/openfold_nomsa/predictions/T1137s6/openfold_nomsa/rank_001.pdb,true,0,125.530702942051,125.530702942051,1,,,,bash runners/run_openfold.sh results/20260709_casp15_casp16_unique_lt1000_msa-variants/_staging/openfold_nomsa/sequences/T1137s6.fasta results/20260709_casp15_casp16_unique_lt1000_msa-variants/_staging/openfold_nomsa/predictions/T1137s6/openfold_nomsa 1,,,,,,,,,,,,,,runner CodeCarbon output: results/20260709_casp15_casp16_unique_lt1000_msa-variants/_staging/openfold_nomsa/predictions/T1137s6/openfold_nomsa/carbon/T1137s6_openfold_nomsa_inference_emissions.csv,,,,,,,125.530702942051,3.547647860145459,0.007468732337148334,,,,,,true,offline,WORLD,world,constant,475.0,configurable_default_world_average,0.003547647860145459,3.547647860145459,0.007468732337148334,24.21655024196341,172.68864257565392,70.0,0.00042253101253839006,0.00583868383761299,0.0012075174869969482,123.80900948122144,,
T1137s7,8FEF,G,openfold_nomsa,1,results/20260709_casp15_casp16_unique_lt1000_msa-variants/_staging/openfold_nomsa/predictions/T1137s7/openfold_nomsa/rank_001.pdb,true,0,196.62118073785678,196.62118073785678,1,,,,bash runners/run_openfold.sh results/20260709_casp15_casp16_unique_lt1000_msa-variants/_staging/openfold_nomsa/sequences/T1137s7.fasta results/20260709_casp15_casp16_unique_lt1000_msa-variants/_staging/openfold_nomsa/predictions/T1137s7/openfold_nomsa 1,,,,,,,,,,,,,,runner CodeCarbon output: results/20260709_casp15_casp16_unique_lt1000_msa-variants/_staging/openfold_nomsa/predictions/T1137s7/openfold_nomsa/carbon/T1137s7_openfold_nomsa_inference_emissions.csv,,,,,,,196.62118073785678,5.775084192192839,0.012158071983563872,,,,,,true,offline,WORLD,world,constant,475.0,configurable_default_world_average,0.005775084192192839,5.775084192192839,0.012158071983563872,33.00171158283033,176.65943238424774,70.0,0.0009264646612532838,0.009373774443460547,0.0018578328788500386,194.24445055611432,,
T1137s8,8FEF,I,openfold_nomsa,1,results/20260709_casp15_casp16_unique_lt1000_msa-variants/_staging/openfold_nomsa/predictions/T1137s8/openfold_nomsa/rank_001.pdb,true,0,41.22970271483064,41.22970271483064,1,,,,bash runners/run_openfold.sh results/20260709_casp15_casp16_unique_lt1000_msa-variants/_staging/openfold_nomsa/sequences/T1137s8.fasta results/20260709_casp15_casp16_unique_lt1000_msa-variants/_staging/openfold_nomsa/predictions/T1137s8/openfold_nomsa 1,,,,,,,,,,,,,,runner CodeCarbon output: results/20260709_casp15_casp16_unique_lt1000_msa-variants/_staging/openfold_nomsa/predictions/T1137s8/openfold_nomsa/carbon/T1137s8_openfold_nomsa_inference_emissions.csv,,,,,,,41.22970271483064,1.0444457340515323,0.0021988331243190154,,,,,,true,offline,WORLD,world,constant,475.0,configurable_default_world_average,0.0010444457340515322,1.0444457340515323,0.0021988331243190154,19.284825029249998,161.8941316823497,70.0,0.00010730826206648545,0.0016999894155489415,0.00039153544670358925,39.492130083963275,,
T1137s9,8FEF,J,openfold_nomsa,1,results/20260709_casp15_casp16_unique_lt1000_msa-variants/_staging/openfold_nomsa/predictions/T1137s9/openfold_nomsa/rank_001.pdb,true,0,45.5541284061037,45.5541284061037,1,,,,bash runners/run_openfold.sh results/20260709_casp15_casp16_unique_lt1000_msa-variants/_staging/openfold_nomsa/sequences/T1137s9.fasta results/20260709_casp15_casp16_unique_lt1000_msa-variants/_staging/openfold_nomsa/predictions/T1137s9/openfold_nomsa 1,,,,,,,,,,,,,,runner CodeCarbon output: results/20260709_casp15_casp16_unique_lt1000_msa-variants/_staging/openfold_nomsa/predictions/T1137s9/openfold_nomsa/carbon/T1137s9_openfold_nomsa_inference_emissions.csv,,,,,,,45.5541284061037,1.2999625364568896,0.0027367632346460835,,,,,,true,offline,WORLD,world,constant,475.0,configurable_default_world_average,0.0012999625364568895,1.2999625364568896,0.0027367632346460835,69.29538952568026,159.5432768287058,70.0,0.00041106289936515187,0.0018804123376625625,0.00044528799761836936,43.889870738144964,,
T1145,7UWW,A,openfold_nomsa,1,results/20260709_casp15_casp16_unique_lt1000_msa-variants/_staging/openfold_nomsa/predictions/T1145/openfold_nomsa/rank_001.pdb,true,0,180.05858668871224,180.05858668871224,1,,,,bash runners/run_openfold.sh results/20260709_casp15_casp16_unique_lt1000_msa-variants/_staging/openfold_nomsa/sequences/T1145.fasta results/20260709_casp15_casp16_unique_lt1000_msa-variants/_staging/openfold_nomsa/predictions/T1145/openfold_nomsa 1,,,,,,,,,,,,,,runner CodeCarbon output: results/20260709_casp15_casp16_unique_lt1000_msa-variants/_staging/openfold_nomsa/predictions/T1145/openfold_nomsa/carbon/T1145_openfold_nomsa_inference_emissions.csv,,,,,,,180.05858668871224,5.296226609827838,0.01114995075753229,,,,,,true,offline,WORLD,world,constant,475.0,configurable_default_world_average,0.005296226609827838,5.296226609827838,0.01114995075753229,30.000129977707616,178.93058390259733,70.0,0.0007246565490265191,0.008716052806171604,0.0017092414023341712,178.32186319772154,,
T1147,8EM5,A,openfold_nomsa,1,results/20260709_casp15_casp16_unique_lt1000_msa-variants/_staging/openfold_nomsa/predictions/T1147/openfold_nomsa/rank_001.pdb,true,0,19.879945331718773,19.879945331718773,1,,,,bash runners/run_openfold.sh results/20260709_casp15_casp16_unique_lt1000_msa-variants/_staging/openfold_nomsa/sequences/T1147.fasta results/20260709_casp15_casp16_unique_lt1000_msa-variants/_staging/openfold_nomsa/predictions/T1147/openfold_nomsa 1,,,,,,,,,,,,,,runner CodeCarbon output: results/20260709_casp15_casp16_unique_lt1000_msa-variants/_staging/openfold_nomsa/predictions/T1147/openfold_nomsa/carbon/T1147_openfold_nomsa_inference_emissions.csv,,,,,,,19.879945331718773,0.370234594440586,0.0007794412514538652,,,,,,true,offline,WORLD,world,constant,475.0,configurable_default_world_average,0.000370234594440586,0.370234594440586,0.0007794412514538652,21.024233035235294,115.85899839098482,70.0,5.427254226746299e-05,0.0005393170981200512,0.00018585161106635096,18.209945249836892,,
T1151s2,8D5V,A,openfold_nomsa,1,results/20260709_casp15_casp16_unique_lt1000_msa-variants/_staging/openfold_nomsa/predictions/T1151s2/openfold_nomsa/rank_001.pdb,true,0,21.267735996749252,21.267735996749252,1,,,,bash runners/run_openfold.sh results/20260709_casp15_casp16_unique_lt1000_msa-variants/_staging/openfold_nomsa/sequences/T1151s2.fasta results/20260709_casp15_casp16_unique_lt1000_msa-variants/_staging/openfold_nomsa/predictions/T1151s2/openfold_nomsa 1,,,,,,,,,,,,,,runner CodeCarbon output: results/20260709_casp15_casp16_unique_lt1000_msa-variants/_staging/openfold_nomsa/predictions/T1151s2/openfold_nomsa/carbon/T1151s2_openfold_nomsa_inference_emissions.csv,,,,,,,21.267735996749252,0.40846920510227763,0.000859935168636374,,,,,,true,offline,WORLD,world,constant,475.0,configurable_default_world_average,0.0004084692051022776,0.40846920510227763,0.000859935168636374,22.073343477986846,110.49215759187827,70.0,6.447429289952497e-05,0.0005838399115170034,0.00021162096421984542,19.5554042509757,,
T1155,8PBV,A,openfold_nomsa,1,results/20260709_casp15_casp16_unique_lt1000_msa-variants/_staging/openfold_nomsa/predictions/T1155/openfold_nomsa/rank_001.pdb,true,0,21.387777457013726,21.387777457013726,1,,,,bash runners/run_openfold.sh results/20260709_casp15_casp16_unique_lt1000_msa-variants/_staging/openfold_nomsa/sequences/T1155.fasta results/20260709_casp15_casp16_unique_lt1000_msa-variants/_staging/openfold_nomsa/predictions/T1155/openfold_nomsa 1,,,,,,,,,,,,,,runner CodeCarbon output: results/20260709_casp15_casp16_unique_lt1000_msa-variants/_staging/openfold_nomsa/predictions/T1155/openfold_nomsa/carbon/T1155_openfold_nomsa_inference_emissions.csv,,,,,,,21.387777457013726,0.41104929984866134,0.0008653669470498134,,,,,,true,offline,WORLD,world,constant,475.0,configurable_default_world_average,0.00041104929984866134,0.41104929984866134,0.0008653669470498134,21.27223352664474,114.17688097933454,70.0,6.478875125161413e-05,0.0005863890802189076,0.00021418911557929176,19.651763905771077,,
T1157s2,8PKO,B,openfold_nomsa,1,results/20260709_casp15_casp16_unique_lt1000_msa-variants/_staging/openfold_nomsa/predictions/T1157s2/openfold_nomsa/rank_001.pdb,true,0,114.715934606269,114.715934606269,1,,,,bash runners/run_openfold.sh results/20260709_casp15_casp16_unique_lt1000_msa-variants/_staging/openfold_nomsa/sequences/T1157s2.fasta results/20260709_casp15_casp16_unique_lt1000_msa-variants/_staging/openfold_nomsa/predictions/T1157s2/openfold_nomsa 1,,,,,,,,,,,,,,runner CodeCarbon output: results/20260709_casp15_casp16_unique_lt1000_msa-variants/_staging/openfold_nomsa/predictions/T1157s2/openfold_nomsa/carbon/T1157s2_openfold_nomsa_inference_emissions.csv,,,,,,,114.715934606269,3.257341829331379,0.006857561745960798,,,,,,true,offline,WORLD,world,constant,475.0,configurable_default_world_average,0.003257341829331379,3.257341829331379,0.006857561745960798,33.561505169082594,170.0573348424039,70.0,0.0005187941424359684,0.005233598075761847,0.001105169527762984,113.02590931300074,,
T1159,7PZT,A,openfold_nomsa,1,results/20260709_casp15_casp16_unique_lt1000_msa-variants/_staging/openfold_nomsa/predictions/T1159/openfold_nomsa/rank_001.pdb,true,0,25.53730836790055,25.53730836790055,1,,,,bash runners/run_openfold.sh results/20260709_casp15_casp16_unique_lt1000_msa-variants/_staging/openfold_nomsa/sequences/T1159.fasta results/20260709_casp15_casp16_unique_lt1000_msa-variants/_staging/openfold_nomsa/predictions/T1159/openfold_nomsa 1,,,,,,,,,,,,,,runner CodeCarbon output: results/20260709_casp15_casp16_unique_lt1000_msa-variants/_staging/openfold_nomsa/predictions/T1159/openfold_nomsa/carbon/T1159_openfold_nomsa_inference_emissions.csv,,,,,,,25.53730836790055,0.567086844879508,0.001193867041851596,,,,,,true,offline,WORLD,world,constant,475.0,configurable_default_world_average,0.000567086844879508,0.567086844879508,0.001193867041851596,19.298842226543478,139.955659264818,70.0,6.816373180141348e-05,0.0008694962511519577,0.000256207058898225,23.874698700848967,,
T1183,8IFX,B,openfold_nomsa,1,results/20260709_casp15_casp16_unique_lt1000_msa-variants/_staging/openfold_nomsa/predictions/T1183/openfold_nomsa/rank_001.pdb,true,0,41.97092686872929,41.97092686872929,1,,,,bash runners/run_openfold.sh results/20260709_casp15_casp16_unique_lt1000_msa-variants/_staging/openfold_nomsa/sequences/T1183.fasta results/20260709_casp15_casp16_unique_lt1000_msa-variants/_staging/openfold_nomsa/predictions/T1183/openfold_nomsa 1,,,,,,,,,,,,,,runner CodeCarbon output: results/20260709_casp15_casp16_unique_lt1000_msa-variants/_staging/openfold_nomsa/predictions/T1183/openfold_nomsa/carbon/T1183_openfold_nomsa_inference_emissions.csv,,,,,,,41.97092686872929,0.9849871772899923,0.002073657215347352,,,,,,true,offline,WORLD,world,constant,475.0,configurable_default_world_average,0.0009849871772899923,0.9849871772899923,0.002073657215347352,86.81793000375,113.9142298387214,70.0,0.00046275503809800167,0.0012187693083482998,0.00039213286890105045,40.16939214896411,,
T1185s1,8OUY,A,openfold_nomsa,1,results/20260709_casp15_casp16_unique_lt1000_msa-variants/_staging/openfold_nomsa/predictions/T1185s1/openfold_nomsa/rank_001.pdb,true,0,58.00755411060527,58.00755411060527,1,,,,bash runners/run_openfold.sh results/20260709_casp15_casp16_unique_lt1000_msa-variants/_staging/openfold_nomsa/sequences/T1185s1.fasta results/20260709_casp15_casp16_unique_lt1000_msa-variants/_staging/openfold_nomsa/predictions/T1185s1/openfold_nomsa 1,,,,,,,,,,,,,,runner CodeCarbon output: results/20260709_casp15_casp16_unique_lt1000_msa-variants/_staging/openfold_nomsa/predictions/T1185s1/openfold_nomsa/carbon/T1185s1_openfold_nomsa_inference_emissions.csv,,,,,,,58.00755411060527,1.5099721602888967,0.0031788887585029405,,,,,,true,offline,WORLD,world,constant,475.0,configurable_default_world_average,0.0015099721602888968,1.5099721602888967,0.0031788887585029405,18.2769473838,164.1462494881889,70.0,0.00014288595195635818,0.002486346989076793,0.0005496558174697891,56.312163828872144,,
T1185s2,8OUY,B,openfold_nomsa,1,results/20260709_casp15_casp16_unique_lt1000_msa-variants/_staging/openfold_nomsa/predictions/T1185s2/openfold_nomsa/rank_001.pdb,true,0,63.40120519604534,63.40120519604534,1,,,,bash runners/run_openfold.sh results/20260709_casp15_casp16_unique_lt1000_msa-variants/_staging/openfold_nomsa/sequences/T1185s2.fasta results/20260709_casp15_casp16_unique_lt1000_msa-variants/_staging/openfold_nomsa/predictions/T1185s2/openfold_nomsa 1,,,,,,,,,,,,,,runner CodeCarbon output: results/20260709_casp15_casp16_unique_lt1000_msa-variants/_staging/openfold_nomsa/predictions/T1185s2/openfold_nomsa/carbon/T1185s2_openfold_nomsa_inference_emissions.csv,,,,,,,63.40120519604534,1.7053253745771257,0.0035901586833202645,,,,,,true,offline,WORLD,world,constant,475.0,configurable_default_world_average,0.0017053253745771258,1.7053253745771257,0.0035901586833202645,17.88913746377459,168.8084347262733,70.0,0.0001568984057518588,0.002818700032737098,0.0006145602448313084,61.715284436009824,,
T1185s4,8OUY,D,openfold_nomsa,1,results/20260709_casp15_casp16_unique_lt1000_msa-variants/_staging/openfold_nomsa/predictions/T1185s4/openfold_nomsa/rank_001.pdb,true,0,50.329069421160966,50.329069421160966,1,,,,bash runners/run_openfold.sh results/20260709_casp15_casp16_unique_lt1000_msa-variants/_staging/openfold_nomsa/sequences/T1185s4.fasta results/20260709_casp15_casp16_unique_lt1000_msa-variants/_staging/openfold_nomsa/predictions/T1185s4/openfold_nomsa 1,,,,,,,,,,,,,,runner CodeCarbon output: results/20260709_casp15_casp16_unique_lt1000_msa-variants/_staging/openfold_nomsa/predictions/T1185s4/openfold_nomsa/carbon/T1185s4_openfold_nomsa_inference_emissions.csv,,,,,,,50.329069421160966,1.2713834741565244,0.002676596787697946,,,,,,true,offline,WORLD,world,constant,475.0,configurable_default_world_average,0.0012713834741565244,1.2713834741565244,0.002676596787697946,53.191868590276606,139.93386537375238,70.0,0.00040153245181772317,0.0018070770012101889,0.0004679873346700335,48.116346129216254,,
T1194,8OKH,A,openfold_nomsa,1,results/20260709_casp15_casp16_unique_lt1000_msa-variants/_staging/openfold_nomsa/predictions/T1194/openfold_nomsa/rank_001.pdb,true,0,26.015117916744202,26.015117916744202,1,,,,bash runners/run_openfold.sh results/20260709_casp15_casp16_unique_lt1000_msa-variants/_staging/openfold_nomsa/sequences/T1194.fasta results/20260709_casp15_casp16_unique_lt1000_msa-variants/_staging/openfold_nomsa/predictions/T1194/openfold_nomsa 1,,,,,,,,,,,,,,runner CodeCarbon output: results/20260709_casp15_casp16_unique_lt1000_msa-variants/_staging/openfold_nomsa/predictions/T1194/openfold_nomsa/carbon/T1194_openfold_nomsa_inference_emissions.csv,,,,,,,26.015117916744202,0.5723400131198287,0.0012049263434101658,,,,,,true,offline,WORLD,world,constant,475.0,configurable_default_world_average,0.0005723400131198287,0.5723400131198287,0.0012049263434101658,19.492518804717395,140.8776633070497,70.0,6.727467780526835e-05,0.0008925879362884359,0.0002450637293164619,24.32418840005994,,
T1212,9B0L,P,openfold_nomsa,1,results/20260709_casp15_casp16_unique_lt1000_msa-variants/_staging/openfold_nomsa/predictions/T1212/openfold_nomsa/rank_001.pdb,true,0,99.55927811609581,99.55927811609581,1,,,,bash runners/run_openfold.sh results/20260709_casp15_casp16_unique_lt1000_msa-variants/_staging/openfold_nomsa/sequences/T1212.fasta results/20260709_casp15_casp16_unique_lt1000_msa-variants/_staging/openfold_nomsa/predictions/T1212/openfold_nomsa 1,,,,,,,,,,,,,,runner CodeCarbon output: results/20260709_casp15_casp16_unique_lt1000_msa-variants/_staging/openfold_nomsa/predictions/T1212/openfold_nomsa/carbon/T1212_openfold_nomsa_inference_emissions.csv,,,,,,,99.55927811609581,2.8811000589133045,0.006065473808238536,,,,,,true,offline,WORLD,world,constant,475.0,configurable_default_world_average,0.0028811000589133045,2.8811000589133045,0.006065473808238536,40.261015749185574,171.30836059721835,70.0,0.0005400468636059242,0.004565139485443126,0.0009602874591894862,97.8699468751438,,
T1227s1,9N8W,A,openfold_nomsa,1,results/20260709_casp15_casp16_unique_lt1000_msa-variants/_staging/openfold_nomsa/predictions/T1227s1/openfold_nomsa/rank_001.pdb,true,0,84.91664812294766,84.91664812294766,1,,,,bash runners/run_openfold.sh results/20260709_casp15_casp16_unique_lt1000_msa-variants/_staging/openfold_nomsa/sequences/T1227s1.fasta results/20260709_casp15_casp16_unique_lt1000_msa-variants/_staging/openfold_nomsa/predictions/T1227s1/openfold_nomsa 1,,,,,,,,,,,,,,runner CodeCarbon output: results/20260709_casp15_casp16_unique_lt1000_msa-variants/_staging/openfold_nomsa/predictions/T1227s1/openfold_nomsa/carbon/T1227s1_openfold_nomsa_inference_emissions.csv,,,,,,,84.91664812294766,2.298309162289981,0.004838545604821013,,,,,,true,offline,WORLD,world,constant,475.0,configurable_default_world_average,0.002298309162289981,2.298309162289981,0.004838545604821013,18.790772223219513,169.20803828330034,70.0,0.00021710018180349524,0.0038169558313398966,0.0008044895916776214,83.17521773697808,,
T1266,8QFB,A,openfold_nomsa,1,results/20260709_casp15_casp16_unique_lt1000_msa-variants/_staging/openfold_nomsa/predictions/T1266/openfold_nomsa/rank_001.pdb,true,0,54.08352816198021,54.08352816198021,1,,,,bash runners/run_openfold.sh results/20260709_casp15_casp16_unique_lt1000_msa-variants/_staging/openfold_nomsa/sequences/T1266.fasta results/20260709_casp15_casp16_unique_lt1000_msa-variants/_staging/openfold_nomsa/predictions/T1266/openfold_nomsa 1,,,,,,,,,,,,,,runner CodeCarbon output: results/20260709_casp15_casp16_unique_lt1000_msa-variants/_staging/openfold_nomsa/predictions/T1266/openfold_nomsa/carbon/T1266_openfold_nomsa_inference_emissions.csv,,,,,,,54.08352816198021,1.5750675596250447,0.0033159317044737786,,,,,,true,offline,WORLD,world,constant,475.0,configurable_default_world_average,0.0015750675596250447,1.5750675596250447,0.0033159317044737786,65.33585434976472,167.02023346899958,70.0,0.00045791477959514253,0.0023460890990918415,0.0005119278257867942,52.408241759985685,,
T1272s2,9C3C,a,openfold_nomsa,1,results/20260709_casp15_casp16_unique_lt1000_msa-variants/_staging/openfold_nomsa/predictions/T1272s2/openfold_nomsa/rank_001.pdb,true,0,61.24647776829079,61.24647776829079,1,,,,bash runners/run_openfold.sh results/20260709_casp15_casp16_unique_lt1000_msa-variants/_staging/openfold_nomsa/sequences/T1272s2.fasta results/20260709_casp15_casp16_unique_lt1000_msa-variants/_staging/openfold_nomsa/predictions/T1272s2/openfold_nomsa 1,,,,,,,,,,,,,,runner CodeCarbon output: results/20260709_casp15_casp16_unique_lt1000_msa-variants/_staging/openfold_nomsa/predictions/T1272s2/openfold_nomsa/carbon/T1272s2_openfold_nomsa_inference_emissions.csv,,,,,,,61.24647776829079,1.6301436168946795,0.003431881298725641,,,,,,true,offline,WORLD,world,constant,475.0,configurable_default_world_average,0.0016301436168946796,1.6301436168946795,0.003431881298725641,18.633830672495687,167.5856506064785,71.20689655172414,0.00015456604116324924,0.002684484369808615,0.0005928308877537755,59.55270660109818,,
T1272s3,9C3C,b,openfold_nomsa,1,results/20260709_casp15_casp16_unique_lt1000_msa-variants/_staging/openfold_nomsa/predictions/T1272s3/openfold_nomsa/rank_001.pdb,true,0,50.50925991917029,50.50925991917029,1,,,,bash runners/run_openfold.sh results/20260709_casp15_casp16_unique_lt1000_msa-variants/_staging/openfold_nomsa/sequences/T1272s3.fasta results/20260709_casp15_casp16_unique_lt1000_msa-variants/_staging/openfold_nomsa/predictions/T1272s3/openfold_nomsa 1,,,,,,,,,,,,,,runner CodeCarbon output: results/20260709_casp15_casp16_unique_lt1000_msa-variants/_staging/openfold_nomsa/predictions/T1272s3/openfold_nomsa/carbon/T1272s3_openfold_nomsa_inference_emissions.csv,,,,,,,50.50925991917029,1.3257761246875488,0.0027911076309211553,,,,,,true,offline,WORLD,world,constant,475.0,configurable_default_world_average,0.0013257761246875488,1.3257761246875488,0.0027911076309211553,18.494337839484377,165.06718785686527,70.0,0.0001294697732798279,0.002168602845994627,0.0004930350116467001,48.827949312049896,,
T1272s4,9C3C,d,openfold_nomsa,1,results/20260709_casp15_casp16_unique_lt1000_msa-variants/_staging/openfold_nomsa/predictions/T1272s4/openfold_nomsa/rank_001.pdb,true,0,46.08426191471517,46.08426191471517,1,,,,bash runners/run_openfold.sh results/20260709_casp15_casp16_unique_lt1000_msa-variants/_staging/openfold_nomsa/sequences/T1272s4.fasta results/20260709_casp15_casp16_unique_lt1000_msa-variants/_staging/openfold_nomsa/predictions/T1272s4/openfold_nomsa 1,,,,,,,,,,,,,,runner CodeCarbon output: results/20260709_casp15_casp16_unique_lt1000_msa-variants/_staging/openfold_nomsa/predictions/T1272s4/openfold_nomsa/carbon/T1272s4_openfold_nomsa_inference_emissions.csv,,,,,,,46.08426191471517,1.2894122208313512,0.0027145520438554764,,,,,,true,offline,WORLD,world,constant,475.0,configurable_default_world_average,0.0012894122208313512,1.2894122208313512,0.0027145520438554764,62.21335110029651,162.14682795756724,70.0,0.0003612725418524497,0.0019184929236821802,0.0004347865783208464,44.390352027956396,,
T1272s5,9C3C,g,openfold_nomsa,1,results/20260709_casp15_casp16_unique_lt1000_msa-variants/_staging/openfold_nomsa/predictions/T1272s5/openfold_nomsa/rank_001.pdb,true,0,46.18055222323164,46.18055222323164,1,,,,bash runners/run_openfold.sh results/20260709_casp15_casp16_unique_lt1000_msa-variants/_staging/openfold_nomsa/sequences/T1272s5.fasta results/20260709_casp15_casp16_unique_lt1000_msa-variants/_staging/openfold_nomsa/predictions/T1272s5/openfold_nomsa 1,,,,,,,,,,,,,,runner CodeCarbon output: results/20260709_casp15_casp16_unique_lt1000_msa-variants/_staging/openfold_nomsa/predictions/T1272s5/openfold_nomsa/carbon/T1272s5_openfold_nomsa_inference_emissions.csv,,,,,,,46.18055222323164,1.1666750335473453,0.0024561579653628323,,,,,,true,offline,WORLD,world,constant,475.0,configurable_default_world_average,0.0011666750335473453,1.1666750335473453,0.0024561579653628323,19.201052642302326,160.49259702254164,70.0,0.00011908322094068213,0.0019016923546857356,0.00043538238973641355,44.30202383873984,,
T1272s6,9C3C,A,openfold_nomsa,1,results/20260709_casp15_casp16_unique_lt1000_msa-variants/_staging/openfold_nomsa/predictions/T1272s6/openfold_nomsa/rank_001.pdb,true,0,172.67406458687037,172.67406458687037,1,,,,bash runners/run_openfold.sh results/20260709_casp15_casp16_unique_lt1000_msa-variants/_staging/openfold_nomsa/sequences/T1272s6.fasta results/20260709_casp15_casp16_unique_lt1000_msa-variants/_staging/openfold_nomsa/predictions/T1272s6/openfold_nomsa 1,,,,,,,,,,,,,,runner CodeCarbon output: results/20260709_casp15_casp16_unique_lt1000_msa-variants/_staging/openfold_nomsa/predictions/T1272s6/openfold_nomsa/carbon/T1272s6_openfold_nomsa_inference_emissions.csv,,,,,,,172.67406458687037,5.056975109479508,0.010646263388377911,,,,,,true,offline,WORLD,world,constant,475.0,configurable_default_world_average,0.005056975109479508,5.056975109479508,0.010646263388377911,29.813476641688258,177.62717466661738,70.0,0.0006953763188239839,0.008295482191936543,0.0016554048776173853,170.9250498553738,,
T1272s7,9C3C,B,openfold_nomsa,1,results/20260709_casp15_casp16_unique_lt1000_msa-variants/_staging/openfold_nomsa/predictions/T1272s7/openfold_nomsa/rank_001.pdb,true,0,37.08626005426049,37.08626005426049,1,,,,bash runners/run_openfold.sh results/20260709_casp15_casp16_unique_lt1000_msa-variants/_staging/openfold_nomsa/sequences/T1272s7.fasta results/20260709_casp15_casp16_unique_lt1000_msa-variants/_staging/openfold_nomsa/predictions/T1272s7/openfold_nomsa 1,,,,,,,,,,,,,,runner CodeCarbon output: results/20260709_casp15_casp16_unique_lt1000_msa-variants/_staging/openfold_nomsa/predictions/T1272s7/openfold_nomsa/carbon/T1272s7_openfold_nomsa_inference_emissions.csv,,,,,,,37.08626005426049,0.9942643390786187,0.002093188082270776,,,,,,true,offline,WORLD,world,constant,475.0,configurable_default_world_average,0.0009942643390786186,0.9942643390786187,0.002093188082270776,50.6861758213897,160.05755406352867,70.0,0.0002357641485641508,0.0015060231492647347,0.0003514007844418909,35.419273077044636,,
T1272s9,9C3C,n,openfold_nomsa,1,results/20260709_casp15_casp16_unique_lt1000_msa-variants/_staging/openfold_nomsa/predictions/T1272s9/openfold_nomsa/rank_001.pdb,true,0,38.59019866678864,38.59019866678864,1,,,,bash runners/run_openfold.sh results/20260709_casp15_casp16_unique_lt1000_msa-variants/_staging/openfold_nomsa/sequences/T1272s9.fasta results/20260709_casp15_casp16_unique_lt1000_msa-variants/_staging/openfold_nomsa/predictions/T1272s9/openfold_nomsa 1,,,,,,,,,,,,,,runner CodeCarbon output: results/20260709_casp15_casp16_unique_lt1000_msa-variants/_staging/openfold_nomsa/predictions/T1272s9/openfold_nomsa/carbon/T1272s9_openfold_nomsa_inference_emissions.csv,,,,,,,38.59019866678864,0.9572617779325103,0.002015287953542127,,,,,,true,offline,WORLD,world,constant,475.0,configurable_default_world_average,0.0009572617779325103,0.9572617779325103,0.002015287953542127,32.92885622164285,148.89317991302943,70.0,0.00022163652636504925,0.0014358655931374642,0.0003577858340396132,36.26928690588102,,
T1280,9F5M,AAA,openfold_nomsa,1,results/20260709_casp15_casp16_unique_lt1000_msa-variants/_staging/openfold_nomsa/predictions/T1280/openfold_nomsa/rank_001.pdb,true,0,35.36218401230872,35.36218401230872,1,,,,bash runners/run_openfold.sh results/20260709_casp15_casp16_unique_lt1000_msa-variants/_staging/openfold_nomsa/sequences/T1280.fasta results/20260709_casp15_casp16_unique_lt1000_msa-variants/_staging/openfold_nomsa/predictions/T1280/openfold_nomsa 1,,,,,,,,,,,,,,runner CodeCarbon output: results/20260709_casp15_casp16_unique_lt1000_msa-variants/_staging/openfold_nomsa/predictions/T1280/openfold_nomsa/carbon/T1280_openfold_nomsa_inference_emissions.csv,,,,,,,35.36218401230872,0.8748780861479887,0.0018418486024168183,,,,,,true,offline,WORLD,world,constant,475.0,configurable_default_world_average,0.0008748780861479886,0.8748780861479887,0.0018418486024168183,17.77639632775,155.60802625009356,70.0,8.708578423693227e-05,0.0014068747366060563,0.0003478880815738294,33.684933696873486,,
T1299,9FJL,A,openfold_nomsa,1,results/20260709_casp15_casp16_unique_lt1000_msa-variants/_staging/openfold_nomsa/predictions/T1299/openfold_nomsa/rank_001.pdb,true,0,26.912729145027697,26.912729145027697,1,,,,bash runners/run_openfold.sh results/20260709_casp15_casp16_unique_lt1000_msa-variants/_staging/openfold_nomsa/sequences/T1299.fasta results/20260709_casp15_casp16_unique_lt1000_msa-variants/_staging/openfold_nomsa/predictions/T1299/openfold_nomsa 1,,,,,,,,,,,,,,runner CodeCarbon output: results/20260709_casp15_casp16_unique_lt1000_msa-variants/_staging/openfold_nomsa/predictions/T1299/openfold_nomsa/carbon/T1299_openfold_nomsa_inference_emissions.csv,,,,,,,26.912729145027697,0.5901401292509532,0.0012424002721072697,,,,,,true,offline,WORLD,world,constant,475.0,configurable_default_world_average,0.0005901401292509532,0.5901401292509532,0.0012424002721072697,19.791706070812495,139.4885546714034,70.0,7.144804190872788e-05,0.0009178929565365479,0.00025305927366199387,25.252654742915183,,
