target_id,pdb_id,chain,model,rank,source_result_dir,prediction_pdb,reference_pdb,lddt_ca,ca_rmsd,gdt_ts,gdt_ts_percent,gdt_p1,gdt_p2,gdt_p4,gdt_p8,gdt_ts_method,gdt_ts_error,tmalign_tm_score_ref,GDT_TS,GDT_TS_percent,tmalign_available,tmalign_tm_score_pred,tmalign_rmsd,tmalign_aligned_length,score_status,score_notes
T1104,7ROA,A,esmfold,1,results/2026-06-09-combine-8models-gpu,results/2026-06-09-combine-8models-gpu/predictions/T1104/esmfold/rank_001.pdb,results/2026-06-09-combine-8models-gpu/references/T1104.pdb,0.8003412969283277,2.1210953628140112,0.8022,80.22,0.4522,0.8,0.9565,1.0,external_tmscore_matched,,0.85171,0.8022,80.22,True,0.83899,1.98,114,success,
T1106s1,7QIH,B,esmfold,1,results/2026-06-09-combine-8models-gpu,results/2026-06-09-combine-8models-gpu/predictions/T1106s1/esmfold/rank_001.pdb,results/2026-06-09-combine-8models-gpu/references/T1106s1.pdb,0.8098349381017882,12.714499369244674,0.4965,49.65,0.3521,0.4789,0.507,0.6479,external_tmscore_matched,,0.50721,0.4965,49.65,True,0.32502,3.49,52,success,
T1106s2,7QIH,A,esmfold,1,results/2026-06-09-combine-8models-gpu,results/2026-06-09-combine-8models-gpu/predictions/T1106s2/esmfold/rank_001.pdb,results/2026-06-09-combine-8models-gpu/references/T1106s2.pdb,0.9574000878348704,1.376598047815787,0.9459,94.59,0.8378,0.964,0.982,1.0,external_tmscore_matched,,0.9442,0.9459,94.59,True,0.9204,1.06,110,success,
T1112,8ORK,AAA,esmfold,1,results/2026-06-09-combine-8models-gpu,results/2026-06-09-combine-8models-gpu/predictions/T1112/esmfold/rank_001.pdb,results/2026-06-09-combine-8models-gpu/references/T1112.pdb,0.857225113025676,3.6004845884973387,0.6663,66.63,0.3527,0.5491,0.7969,0.9665,external_tmscore_matched,,0.868,0.6663,66.63,True,0.84731,3.13,443,success,
T1114s1,7UTD,Q,esmfold,1,results/2026-06-09-combine-8models-gpu,results/2026-06-09-combine-8models-gpu/predictions/T1114s1/esmfold/rank_001.pdb,results/2026-06-09-combine-8models-gpu/references/T1114s1.pdb,0.8495192307692307,10.459450591987029,0.6907,69.07,0.4237,0.6271,0.8305,0.8814,external_tmscore_matched,,0.58287,0.6907,69.07,True,0.25144,2.56,58,success,
T1114s2,7UTD,B,esmfold,1,results/2026-06-09-combine-8models-gpu,results/2026-06-09-combine-8models-gpu/predictions/T1114s2/esmfold/rank_001.pdb,results/2026-06-09-combine-8models-gpu/references/T1114s2.pdb,0.7215511402122375,11.21197000848153,0.6793,67.93,0.4752,0.646,0.764,0.8323,external_tmscore_matched,,0.78059,0.6793,67.93,True,0.68587,2.57,274,success,
T1114s3,7UTD,A,esmfold,1,results/2026-06-09-combine-8models-gpu,results/2026-06-09-combine-8models-gpu/predictions/T1114s3/esmfold/rank_001.pdb,results/2026-06-09-combine-8models-gpu/references/T1114s3.pdb,0.8579947653322229,2.355138624246727,0.8892,88.92,0.6973,0.9102,0.9609,0.9883,external_tmscore_matched,,0.96271,0.8892,88.92,True,0.92212,1.64,508,success,
T1120,7QVB,B,esmfold,1,results/2026-06-09-combine-8models-gpu,results/2026-06-09-combine-8models-gpu/predictions/T1120/esmfold/rank_001.pdb,results/2026-06-09-combine-8models-gpu/references/T1120.pdb,0.8451143451143451,6.688091713018088,0.5154,51.54,0.3421,0.443,0.5088,0.7675,external_tmscore_matched,,0.55064,0.5154,51.54,True,0.53848,5.41,200,success,
T1122,8BBT,A,esmfold,1,results/2026-06-09-combine-8models-gpu,results/2026-06-09-combine-8models-gpu/predictions/T1122/esmfold/rank_001.pdb,results/2026-06-09-combine-8models-gpu/references/T1122.pdb,0.5304864253393665,15.129296404618596,0.3696,36.96,0.213,0.313,0.4043,0.5478,external_tmscore_matched,,0.45735,0.3696,36.96,True,0.44001,4.81,147,success,
T1129s2,8A8C,B,esmfold,1,results/2026-06-09-combine-8models-gpu,results/2026-06-09-combine-8models-gpu/predictions/T1129s2/esmfold/rank_001.pdb,results/2026-06-09-combine-8models-gpu/references/T1129s2.pdb,0.1587818287037037,29.532477570267258,0.0668,6.68,0.0284,0.0341,0.0549,0.1496,external_tmscore_matched,,0.26185,0.0668,6.68,True,0.22852,8.1,244,success,
T1133,8DYS,A,esmfold,1,results/2026-06-09-combine-8models-gpu,results/2026-06-09-combine-8models-gpu/predictions/T1133/esmfold/rank_001.pdb,results/2026-06-09-combine-8models-gpu/references/T1133.pdb,0.91536589844826,7.45645632962075,0.9181,91.81,0.7702,0.9389,0.9804,0.9829,external_tmscore_matched,,0.98076,0.9181,91.81,True,0.68898,1.06,409,success,
T1134s1,7UBZ,A,esmfold,1,results/2026-06-09-combine-8models-gpu,results/2026-06-09-combine-8models-gpu/predictions/T1134s1/esmfold/rank_001.pdb,results/2026-06-09-combine-8models-gpu/references/T1134s1.pdb,0.90495503438547,1.698494066534556,0.8902,89.02,0.6652,0.9217,0.9739,1.0,external_tmscore_matched,,0.94588,0.8902,89.02,True,0.94588,1.7,230,success,
T1134s2,7UBZ,D,esmfold,1,results/2026-06-09-combine-8models-gpu,results/2026-06-09-combine-8models-gpu/predictions/T1134s2/esmfold/rank_001.pdb,results/2026-06-09-combine-8models-gpu/references/T1134s2.pdb,0.8260598503740648,6.471688607475504,0.797,79.7,0.6436,0.802,0.8465,0.896,external_tmscore_matched,,0.85674,0.797,79.7,True,0.56255,1.97,186,success,
T1137s1,8FEF,A,esmfold,1,results/2026-06-09-combine-8models-gpu,results/2026-06-09-combine-8models-gpu/predictions/T1137s1/esmfold/rank_001.pdb,results/2026-06-09-combine-8models-gpu/references/T1137s1.pdb,0.7673459715639811,38.66966982647645,0.2978,29.78,0.2143,0.2653,0.3469,0.3648,external_tmscore_matched,,0.34419,0.2978,29.78,True,0.33091,3.5,154,success,
T1137s2,8FEF,B,esmfold,1,results/2026-06-09-combine-8models-gpu,results/2026-06-09-combine-8models-gpu/predictions/T1137s2/esmfold/rank_001.pdb,results/2026-06-09-combine-8models-gpu/references/T1137s2.pdb,0.8869635070002295,46.98745951978927,0.3485,34.849999999999994,0.2716,0.3194,0.3522,0.4507,external_tmscore_matched,,0.37851,0.3485,34.849999999999994,True,0.37072,3.38,151,success,
T1137s3,8FEF,C,esmfold,1,results/2026-06-09-combine-8models-gpu,results/2026-06-09-combine-8models-gpu/predictions/T1137s3/esmfold/rank_001.pdb,results/2026-06-09-combine-8models-gpu/references/T1137s3.pdb,0.8944430662366658,45.25881749398043,0.3524,35.24,0.2968,0.3355,0.3677,0.4097,external_tmscore_matched,,0.38621,0.3524,35.24,True,0.23623,3.8,139,success,
T1137s4,8FEF,D,esmfold,1,results/2026-06-09-combine-8models-gpu,results/2026-06-09-combine-8models-gpu/predictions/T1137s4/esmfold/rank_001.pdb,results/2026-06-09-combine-8models-gpu/references/T1137s4.pdb,0.7098579040852576,56.77431139855789,0.3325,33.25,0.2519,0.3247,0.3636,0.3896,external_tmscore_matched,,0.37586,0.3325,33.25,True,0.27177,3.48,168,success,
T1137s5,8FEF,E,esmfold,1,results/2026-06-09-combine-8models-gpu,results/2026-06-09-combine-8models-gpu/predictions/T1137s5/esmfold/rank_001.pdb,results/2026-06-09-combine-8models-gpu/references/T1137s5.pdb,0.7961150652431791,57.76049962719177,0.3108,31.08,0.243,0.3045,0.338,0.3575,external_tmscore_matched,,0.33768,0.3108,31.08,True,0.31101,2.58,130,success,
T1137s6,8FEF,F,esmfold,1,results/2026-06-09-combine-8models-gpu,results/2026-06-09-combine-8models-gpu/predictions/T1137s6/esmfold/rank_001.pdb,results/2026-06-09-combine-8models-gpu/references/T1137s6.pdb,0.7824451694761645,72.18779548790953,0.3051,30.51,0.213,0.2607,0.3584,0.3885,external_tmscore_matched,,0.34637,0.3051,30.51,True,0.27191,3.04,156,success,
T1137s7,8FEF,G,esmfold,1,results/2026-06-09-combine-8models-gpu,results/2026-06-09-combine-8models-gpu/predictions/T1137s7/esmfold/rank_001.pdb,results/2026-06-09-combine-8models-gpu/references/T1137s7.pdb,0.7935208143024925,13.214510528073944,0.7717,77.17,0.5786,0.8094,0.8328,0.8662,external_tmscore_matched,,0.82849,0.7717,77.17,True,0.38651,1.83,260,success,
T1137s8,8FEF,I,esmfold,1,results/2026-06-09-combine-8models-gpu,results/2026-06-09-combine-8models-gpu/predictions/T1137s8/esmfold/rank_001.pdb,results/2026-06-09-combine-8models-gpu/references/T1137s8.pdb,0.8966251379908532,1.5566987221129518,0.8953,89.53,0.7391,0.8617,0.9802,1.0,external_tmscore_matched,,0.94994,0.8953,89.53,True,0.90509,1.43,252,success,
T1137s9,8FEF,J,esmfold,1,results/2026-06-09-combine-8models-gpu,results/2026-06-09-combine-8models-gpu/predictions/T1137s9/esmfold/rank_001.pdb,results/2026-06-09-combine-8models-gpu/references/T1137s9.pdb,0.9064239332096476,1.5869604489434932,0.8688,86.88,0.5932,0.9011,0.981,1.0,external_tmscore_matched,,0.9477,0.8688,86.88,True,0.86559,1.59,263,success,
T1145,7UWW,A,esmfold,1,results/2026-06-09-combine-8models-gpu,results/2026-06-09-combine-8models-gpu/predictions/T1145/esmfold/rank_001.pdb,results/2026-06-09-combine-8models-gpu/references/T1145.pdb,0.5981229159480281,28.65262762747991,0.2943,29.43,0.1883,0.2373,0.2991,0.4525,external_tmscore_matched,,0.43239,0.2943,29.43,True,0.43066,5.89,361,success,
T1147,8EM5,A,esmfold,1,results/2026-06-09-combine-8models-gpu,results/2026-06-09-combine-8models-gpu/predictions/T1147/esmfold/rank_001.pdb,results/2026-06-09-combine-8models-gpu/references/T1147.pdb,0.9259070005109862,1.1519488308282126,0.9429,94.29,0.8261,0.9565,0.9891,1.0,external_tmscore_matched,,0.93687,0.9429,94.29,True,0.84176,1.15,92,success,
T1151s2,8D5V,A,esmfold,1,results/2026-06-09-combine-8models-gpu,results/2026-06-09-combine-8models-gpu/predictions/T1151s2/esmfold/rank_001.pdb,results/2026-06-09-combine-8models-gpu/references/T1151s2.pdb,0.8262764632627646,2.61097199465945,0.8661,86.61,0.7381,0.8452,0.8929,0.9881,external_tmscore_matched,,0.85064,0.8661,86.61,True,0.63054,2.31,82,success,
T1155,8PBV,A,esmfold,1,results/2026-06-09-combine-8models-gpu,results/2026-06-09-combine-8models-gpu/predictions/T1155/esmfold/rank_001.pdb,results/2026-06-09-combine-8models-gpu/references/T1155.pdb,0.6334919948074427,7.027905422074234,0.6078,60.78,0.2931,0.5086,0.7328,0.8966,external_tmscore_matched,,0.67013,0.6078,60.78,True,0.67013,2.91,103,success,
T1157s2,8PKO,B,esmfold,1,results/2026-06-09-combine-8models-gpu,results/2026-06-09-combine-8models-gpu/predictions/T1157s2/esmfold/rank_001.pdb,results/2026-06-09-combine-8models-gpu/references/T1157s2.pdb,0.9094405594405596,8.736272374427205,0.4364,43.64,0.2716,0.2974,0.4677,0.7091,external_tmscore_matched,,0.63928,0.4364,43.64,True,0.60681,5.71,418,success,
T1159,7PZT,A,esmfold,1,results/2026-06-09-combine-8models-gpu,results/2026-06-09-combine-8models-gpu/predictions/T1159/esmfold/rank_001.pdb,results/2026-06-09-combine-8models-gpu/references/T1159.pdb,0.7832506203473946,3.0627434183081923,0.7609,76.09,0.4813,0.6938,0.875,0.9938,external_tmscore_matched,,0.85014,0.7609,76.09,True,0.85014,2.05,153,success,
T1183,8IFX,B,esmfold,1,results/2026-06-09-combine-8models-gpu,results/2026-06-09-combine-8models-gpu/predictions/T1183/esmfold/rank_001.pdb,results/2026-06-09-combine-8models-gpu/references/T1183.pdb,0.9523981806905106,1.1597106647116788,0.9615,96.15,0.8769,0.9795,0.9897,1.0,external_tmscore_matched,,0.97489,0.9615,96.15,True,0.95095,1.09,195,success,
T1185s1,8OUY,A,esmfold,1,results/2026-06-09-combine-8models-gpu,results/2026-06-09-combine-8models-gpu/predictions/T1185s1/esmfold/rank_001.pdb,results/2026-06-09-combine-8models-gpu/references/T1185s1.pdb,0.8615642994241842,9.201022916549878,0.85,85.0,0.8,0.8571,0.8714,0.8714,external_tmscore_matched,,0.82899,0.85,85.0,True,0.1789,1.46,65,success,
T1185s2,8OUY,B,esmfold,1,results/2026-06-09-combine-8models-gpu,results/2026-06-09-combine-8models-gpu/predictions/T1185s2/esmfold/rank_001.pdb,results/2026-06-09-combine-8models-gpu/references/T1185s2.pdb,0.8442094944685617,8.286217249761828,0.7204,72.04,0.5942,0.7061,0.7668,0.8147,external_tmscore_matched,,0.82596,0.7204,72.04,True,0.69402,2.69,284,success,
T1185s4,8OUY,D,esmfold,1,results/2026-06-09-combine-8models-gpu,results/2026-06-09-combine-8models-gpu/predictions/T1185s4/esmfold/rank_001.pdb,results/2026-06-09-combine-8models-gpu/references/T1185s4.pdb,0.8394804954705121,2.1313946001998705,0.8718,87.18,0.6752,0.859,0.953,1.0,external_tmscore_matched,,0.93014,0.8718,87.18,True,0.78324,1.74,232,success,
T1194,8OKH,A,esmfold,1,results/2026-06-09-combine-8models-gpu,results/2026-06-09-combine-8models-gpu/predictions/T1194/esmfold/rank_001.pdb,results/2026-06-09-combine-8models-gpu/references/T1194.pdb,0.9531811185223192,0.6400151025665802,0.9878,98.78,0.9512,1.0,1.0,1.0,external_tmscore_matched,,0.98303,0.9878,98.78,True,0.96,0.64,164,success,
T1212,9B0L,P,esmfold,1,results/2026-06-09-combine-8models-gpu,results/2026-06-09-combine-8models-gpu/predictions/T1212/esmfold/rank_001.pdb,results/2026-06-09-combine-8models-gpu/references/T1212.pdb,0.7451111521077391,15.286011676961955,0.7328,73.28,0.5236,0.7425,0.8197,0.8455,external_tmscore_matched,,0.83042,0.7328,73.28,True,0.83042,2.28,408,success,
T1227s1,9N8W,A,esmfold,1,results/2026-06-09-combine-8models-gpu,results/2026-06-09-combine-8models-gpu/predictions/T1227s1/esmfold/rank_001.pdb,results/2026-06-09-combine-8models-gpu/references/T1227s1.pdb,0.8903933278418452,1.7778400220207184,0.8284,82.84,0.4643,0.8699,0.9796,1.0,external_tmscore_matched,,0.95478,0.8284,82.84,True,0.87895,1.78,392,success,
T1266,8QFB,A,esmfold,1,results/2026-06-09-combine-8models-gpu,results/2026-06-09-combine-8models-gpu/predictions/T1266/esmfold/rank_001.pdb,results/2026-06-09-combine-8models-gpu/references/T1266.pdb,0.6546339139902014,13.944181300878336,0.5696,56.96,0.4933,0.5604,0.5973,0.6275,external_tmscore_matched,,0.63982,0.5696,56.96,True,0.57189,3.51,220,success,
T1272s2,9C3C,a,esmfold,1,results/2026-06-09-combine-8models-gpu,results/2026-06-09-combine-8models-gpu/predictions/T1272s2/esmfold/rank_001.pdb,results/2026-06-09-combine-8models-gpu/references/T1272s2.pdb,0.8216148174788708,40.08141564713513,0.6191,61.91,0.429,0.6309,0.6877,0.7287,external_tmscore_matched,,0.6928,0.6191,61.91,True,0.60794,1.64,231,success,
T1272s3,9C3C,b,esmfold,1,results/2026-06-09-combine-8models-gpu,results/2026-06-09-combine-8models-gpu/predictions/T1272s3/esmfold/rank_001.pdb,results/2026-06-09-combine-8models-gpu/references/T1272s3.pdb,0.7729007633587787,12.30798591927334,0.291,29.1,0.1298,0.2252,0.2824,0.5267,external_tmscore_matched,,0.44445,0.291,29.1,True,0.38386,5.16,178,success,
T1272s4,9C3C,d,esmfold,1,results/2026-06-09-combine-8models-gpu,results/2026-06-09-combine-8models-gpu/predictions/T1272s4/esmfold/rank_001.pdb,results/2026-06-09-combine-8models-gpu/references/T1272s4.pdb,0.8321615106468461,15.43923756268491,0.2862,28.62,0.1227,0.2193,0.3197,0.4833,external_tmscore_matched,,0.39709,0.2862,28.62,True,0.37467,4.54,148,success,
T1272s5,9C3C,g,esmfold,1,results/2026-06-09-combine-8models-gpu,results/2026-06-09-combine-8models-gpu/predictions/T1272s5/esmfold/rank_001.pdb,results/2026-06-09-combine-8models-gpu/references/T1272s5.pdb,0.803357314148681,9.433581757475508,0.3722,37.22,0.1288,0.2765,0.4773,0.6061,external_tmscore_matched,,0.5286,0.3722,37.22,True,0.48817,5.04,200,success,
T1272s6,9C3C,A,esmfold,1,results/2026-06-09-combine-8models-gpu,results/2026-06-09-combine-8models-gpu/predictions/T1272s6/esmfold/rank_001.pdb,results/2026-06-09-combine-8models-gpu/references/T1272s6.pdb,0.8484108265947888,20.744816582119636,0.5119,51.190000000000005,0.3925,0.4975,0.56,0.5975,external_tmscore_matched,,0.58556,0.5119,51.190000000000005,True,0.3824,2.99,256,success,
T1272s7,9C3C,B,esmfold,1,results/2026-06-09-combine-8models-gpu,results/2026-06-09-combine-8models-gpu/predictions/T1272s7/esmfold/rank_001.pdb,results/2026-06-09-combine-8models-gpu/references/T1272s7.pdb,0.7586206896551724,41.331125906582,0.4086,40.86,0.2276,0.4345,0.4759,0.4966,external_tmscore_matched,,0.43938,0.4086,40.86,True,0.27213,2.03,71,success,
T1272s9,9C3C,n,esmfold,1,results/2026-06-09-combine-8models-gpu,results/2026-06-09-combine-8models-gpu/predictions/T1272s9/esmfold/rank_001.pdb,results/2026-06-09-combine-8models-gpu/references/T1272s9.pdb,0.8360021350413664,3.1567107362411315,0.8,80.0,0.5886,0.7543,0.8857,0.9714,external_tmscore_matched,,0.86227,0.8,80.0,True,0.64864,2.48,172,success,
T1280,9F5M,AAA,esmfold,1,results/2026-06-09-combine-8models-gpu,results/2026-06-09-combine-8models-gpu/predictions/T1280/esmfold/rank_001.pdb,results/2026-06-09-combine-8models-gpu/references/T1280.pdb,0.953524336643334,0.86234211536952,0.953,95.3,0.8248,0.9915,0.9957,1.0,external_tmscore_matched,,0.98194,0.953,95.3,True,0.96971,0.79,234,success,
T1299,9FJL,A,esmfold,1,results/2026-06-09-combine-8models-gpu,results/2026-06-09-combine-8models-gpu/predictions/T1299/esmfold/rank_001.pdb,results/2026-06-09-combine-8models-gpu/references/T1299.pdb,0.9418510523475444,1.024015868327354,0.9524,95.24,0.8333,0.9762,1.0,1.0,external_tmscore_matched,,0.96434,0.9524,95.24,True,0.96434,1.02,168,success,
T1104,7ROA,A,omegafold,1,results/2026-06-09-combine-8models-gpu,results/2026-06-09-combine-8models-gpu/predictions/T1104/omegafold/rank_001.pdb,results/2026-06-09-combine-8models-gpu/references/T1104.pdb,0.4949753507773985,11.98139836196826,0.4457,44.57,0.2522,0.3739,0.487,0.6696,external_tmscore_matched,,0.47206,0.4457,44.57,True,0.46576,3.66,78,success,
T1106s1,7QIH,B,omegafold,1,results/2026-06-09-combine-8models-gpu,results/2026-06-09-combine-8models-gpu/predictions/T1106s1/omegafold/rank_001.pdb,results/2026-06-09-combine-8models-gpu/references/T1106s1.pdb,0.8194635488308116,11.56364437540387,0.4824,48.24,0.3803,0.493,0.493,0.5634,external_tmscore_matched,,0.46341,0.4824,48.24,True,0.28455,1.9,39,success,
T1106s2,7QIH,A,omegafold,1,results/2026-06-09-combine-8models-gpu,results/2026-06-09-combine-8models-gpu/predictions/T1106s2/omegafold/rank_001.pdb,results/2026-06-09-combine-8models-gpu/references/T1106s2.pdb,0.920838823012736,2.300173283094129,0.9099,90.99,0.7748,0.9279,0.9459,0.991,external_tmscore_matched,,0.91283,0.9099,90.99,True,0.88992,1.46,108,success,
T1112,8ORK,AAA,omegafold,1,results/2026-06-09-combine-8models-gpu,results/2026-06-09-combine-8models-gpu/predictions/T1112/omegafold/rank_001.pdb,results/2026-06-09-combine-8models-gpu/references/T1112.pdb,0.850422246865137,3.162893819705097,0.7042,70.42,0.3683,0.5692,0.9018,0.9777,external_tmscore_matched,,0.89547,0.7042,70.42,True,0.87373,2.78,444,success,
T1114s1,7UTD,Q,omegafold,1,results/2026-06-09-combine-8models-gpu,results/2026-06-09-combine-8models-gpu/predictions/T1114s1/omegafold/rank_001.pdb,results/2026-06-09-combine-8models-gpu/references/T1114s1.pdb,0.8254807692307693,14.041265906872178,0.6568,65.68,0.4237,0.5763,0.7627,0.8644,external_tmscore_matched,,0.60494,0.6568,65.68,True,0.23142,2.81,52,success,
T1114s2,7UTD,B,omegafold,1,results/2026-06-09-combine-8models-gpu,results/2026-06-09-combine-8models-gpu/predictions/T1114s2/omegafold/rank_001.pdb,results/2026-06-09-combine-8models-gpu/references/T1114s2.pdb,0.6369101377286068,13.02433698818398,0.5567,55.67,0.4037,0.5466,0.618,0.6584,external_tmscore_matched,,0.66751,0.5567,55.67,True,0.5887,4.08,255,success,
T1114s3,7UTD,A,omegafold,1,results/2026-06-09-combine-8models-gpu,results/2026-06-09-combine-8models-gpu/predictions/T1114s3/omegafold/rank_001.pdb,results/2026-06-09-combine-8models-gpu/references/T1114s3.pdb,0.7343406103146748,3.9266389753889546,0.7271,72.71,0.418,0.7246,0.834,0.9316,external_tmscore_matched,,0.8962,0.7271,72.71,True,0.8596,3.1,502,success,
T1120,7QVB,B,omegafold,1,results/2026-06-09-combine-8models-gpu,results/2026-06-09-combine-8models-gpu/predictions/T1120/omegafold/rank_001.pdb,results/2026-06-09-combine-8models-gpu/references/T1120.pdb,0.8613421113421114,11.371145753182716,0.4518,45.18,0.3684,0.4518,0.4649,0.5219,external_tmscore_matched,,0.51146,0.4518,45.18,True,0.4977,3.85,144,success,
T1122,8BBT,A,omegafold,1,results/2026-06-09-combine-8models-gpu,results/2026-06-09-combine-8models-gpu/predictions/T1122/omegafold/rank_001.pdb,results/2026-06-09-combine-8models-gpu/references/T1122.pdb,0.4713800904977376,16.787146499857467,0.2739,27.39,0.1304,0.1652,0.3217,0.4783,external_tmscore_matched,,0.41387,0.2739,27.39,True,0.39847,4.67,134,success,
T1129s2,8A8C,B,omegafold,1,results/2026-06-09-combine-8models-gpu,results/2026-06-09-combine-8models-gpu/predictions/T1129s2/omegafold/rank_001.pdb,results/2026-06-09-combine-8models-gpu/references/T1129s2.pdb,0.1817129629629629,28.680583231698588,0.1293,12.93,0.0549,0.0985,0.1553,0.2083,external_tmscore_matched,,0.26523,0.1293,12.93,True,0.22796,7.03,213,success,
T1133,8DYS,A,omegafold,1,results/2026-06-09-combine-8models-gpu,results/2026-06-09-combine-8models-gpu/predictions/T1133/omegafold/rank_001.pdb,results/2026-06-09-combine-8models-gpu/references/T1133.pdb,0.9042098980809844,6.880145243074043,0.9034,90.34,0.7408,0.9218,0.9682,0.9829,external_tmscore_matched,,0.97572,0.9034,90.34,True,0.68617,1.23,409,success,
T1134s1,7UBZ,A,omegafold,1,results/2026-06-09-combine-8models-gpu,results/2026-06-09-combine-8models-gpu/predictions/T1134s1/omegafold/rank_001.pdb,results/2026-06-09-combine-8models-gpu/references/T1134s1.pdb,0.900326221125022,2.101359809925024,0.9033,90.33,0.7261,0.9304,0.9652,0.9913,external_tmscore_matched,,0.94713,0.9033,90.33,True,0.94713,1.52,228,success,
T1134s2,7UBZ,D,omegafold,1,results/2026-06-09-combine-8models-gpu,results/2026-06-09-combine-8models-gpu/predictions/T1134s2/omegafold/rank_001.pdb,results/2026-06-09-combine-8models-gpu/references/T1134s2.pdb,0.8376785309453638,6.194412582596248,0.8292,82.92,0.7327,0.8317,0.8614,0.8911,external_tmscore_matched,,0.87042,0.8292,82.92,True,0.56919,1.77,186,success,
T1137s1,8FEF,A,omegafold,1,results/2026-06-09-combine-8models-gpu,results/2026-06-09-combine-8models-gpu/predictions/T1137s1/omegafold/rank_001.pdb,results/2026-06-09-combine-8models-gpu/references/T1137s1.pdb,0.7733175355450237,62.999587268907405,0.3329,33.29,0.2296,0.3138,0.3597,0.4286,external_tmscore_matched,,0.37633,0.3329,33.29,True,0.36181,3.16,167,success,
T1137s2,8FEF,B,omegafold,1,results/2026-06-09-combine-8models-gpu,results/2026-06-09-combine-8models-gpu/predictions/T1137s2/omegafold/rank_001.pdb,results/2026-06-09-combine-8models-gpu/references/T1137s2.pdb,0.889258664218499,62.06453680378232,0.3351,33.51,0.2806,0.3164,0.3493,0.394,external_tmscore_matched,,0.39071,0.3351,33.51,True,0.38266,4.19,162,success,
T1137s3,8FEF,C,omegafold,1,results/2026-06-09-combine-8models-gpu,results/2026-06-09-combine-8models-gpu/predictions/T1137s3/omegafold/rank_001.pdb,results/2026-06-09-combine-8models-gpu/references/T1137s3.pdb,0.8892954601835772,56.32837824134132,0.3339,33.39,0.2806,0.3097,0.3387,0.4065,external_tmscore_matched,,0.34028,0.3339,33.39,True,0.20859,3.22,122,success,
T1137s4,8FEF,D,omegafold,1,results/2026-06-09-combine-8models-gpu,results/2026-06-09-combine-8models-gpu/predictions/T1137s4/omegafold/rank_001.pdb,results/2026-06-09-combine-8models-gpu/references/T1137s4.pdb,0.727708703374778,61.854856714501,0.3325,33.25,0.2519,0.2909,0.3688,0.4182,external_tmscore_matched,,0.38476,0.3325,33.25,True,0.27853,3.48,172,success,
T1137s5,8FEF,E,omegafold,1,results/2026-06-09-combine-8models-gpu,results/2026-06-09-combine-8models-gpu/predictions/T1137s5/omegafold/rank_001.pdb,results/2026-06-09-combine-8models-gpu/references/T1137s5.pdb,0.7986852510873863,56.9555696111753,0.3247,32.47,0.2291,0.3073,0.3743,0.3883,external_tmscore_matched,,0.36635,0.3247,32.47,True,0.33748,2.29,140,success,
T1137s6,8FEF,F,omegafold,1,results/2026-06-09-combine-8models-gpu,results/2026-06-09-combine-8models-gpu/predictions/T1137s6/omegafold/rank_001.pdb,results/2026-06-09-combine-8models-gpu/references/T1137s6.pdb,0.7476889613920609,53.3573348183401,0.2945,29.45,0.213,0.2481,0.3033,0.4135,external_tmscore_matched,,0.38634,0.2945,29.45,True,0.30612,4.77,192,success,
T1137s7,8FEF,G,omegafold,1,results/2026-06-09-combine-8models-gpu,results/2026-06-09-combine-8models-gpu/predictions/T1137s7/omegafold/rank_001.pdb,results/2026-06-09-combine-8models-gpu/references/T1137s7.pdb,0.8146939840793423,16.0106362546362,0.8077,80.77,0.5686,0.8294,0.8997,0.9331,external_tmscore_matched,,0.91672,0.8077,80.77,True,0.4334,2.39,298,success,
T1137s8,8FEF,I,omegafold,1,results/2026-06-09-combine-8models-gpu,results/2026-06-09-combine-8models-gpu/predictions/T1137s8/omegafold/rank_001.pdb,results/2026-06-09-combine-8models-gpu/references/T1137s8.pdb,0.9039977921463492,1.4557269679876144,0.8883,88.83,0.6798,0.8854,0.9881,1.0,external_tmscore_matched,,0.95229,0.8883,88.83,True,0.90745,1.44,253,success,
T1137s9,8FEF,J,omegafold,1,results/2026-06-09-combine-8models-gpu,results/2026-06-09-combine-8models-gpu/predictions/T1137s9/omegafold/rank_001.pdb,results/2026-06-09-combine-8models-gpu/references/T1137s9.pdb,0.8730674087816945,2.56672905929981,0.7605,76.05,0.4144,0.6882,0.9544,0.9848,external_tmscore_matched,,0.89396,0.7605,76.05,True,0.81927,2.31,261,success,
T1145,7UWW,A,omegafold,1,results/2026-06-09-combine-8models-gpu,results/2026-06-09-combine-8models-gpu/predictions/T1145/omegafold/rank_001.pdb,results/2026-06-09-combine-8models-gpu/references/T1145.pdb,0.4688973209152581,25.448742960299533,0.1922,19.22,0.0997,0.1487,0.2168,0.3038,external_tmscore_matched,,0.34163,0.1922,19.22,True,0.34023,5.93,280,success,
T1147,8EM5,A,omegafold,1,results/2026-06-09-combine-8models-gpu,results/2026-06-09-combine-8models-gpu/predictions/T1147/omegafold/rank_001.pdb,results/2026-06-09-combine-8models-gpu/references/T1147.pdb,0.9048288196218702,1.291634267145086,0.9402,94.02,0.8478,0.9239,0.9891,1.0,external_tmscore_matched,,0.92669,0.9402,94.02,True,0.83284,1.07,91,success,
T1151s2,8D5V,A,omegafold,1,results/2026-06-09-combine-8models-gpu,results/2026-06-09-combine-8models-gpu/predictions/T1151s2/omegafold/rank_001.pdb,results/2026-06-09-combine-8models-gpu/references/T1151s2.pdb,0.8514943960149439,2.121694793420024,0.872,87.2,0.5952,0.9286,0.9643,1.0,external_tmscore_matched,,0.8675,0.872,87.2,True,0.64765,1.48,82,success,
T1155,8PBV,A,omegafold,1,results/2026-06-09-combine-8models-gpu,results/2026-06-09-combine-8models-gpu/predictions/T1155/omegafold/rank_001.pdb,results/2026-06-09-combine-8models-gpu/references/T1155.pdb,0.6075292081350065,7.252454353260581,0.5927,59.27,0.2931,0.5,0.6983,0.8793,external_tmscore_matched,,0.64259,0.5927,59.27,True,0.64259,3.09,99,success,
T1157s2,8PKO,B,omegafold,1,results/2026-06-09-combine-8models-gpu,results/2026-06-09-combine-8models-gpu/predictions/T1157s2/omegafold/rank_001.pdb,results/2026-06-09-combine-8models-gpu/references/T1157s2.pdb,0.8913752913752914,11.071880433433272,0.4736,47.36,0.25,0.3491,0.5453,0.75,external_tmscore_matched,,0.63323,0.4736,47.36,True,0.59843,4.25,364,success,
T1159,7PZT,A,omegafold,1,results/2026-06-09-combine-8models-gpu,results/2026-06-09-combine-8models-gpu/predictions/T1159/omegafold/rank_001.pdb,results/2026-06-09-combine-8models-gpu/references/T1159.pdb,0.6449131513647643,5.878629068453728,0.5828,58.28,0.3,0.475,0.65,0.9062,external_tmscore_matched,,0.71274,0.5828,58.28,True,0.71274,3.16,147,success,
T1183,8IFX,B,omegafold,1,results/2026-06-09-combine-8models-gpu,results/2026-06-09-combine-8models-gpu/predictions/T1183/omegafold/rank_001.pdb,results/2026-06-09-combine-8models-gpu/references/T1183.pdb,0.8320239818069051,5.447139099042203,0.8256,82.56,0.6564,0.8205,0.8872,0.9385,external_tmscore_matched,,0.87564,0.8256,82.56,True,0.85479,1.88,184,success,
T1185s1,8OUY,A,omegafold,1,results/2026-06-09-combine-8models-gpu,results/2026-06-09-combine-8models-gpu/predictions/T1185s1/omegafold/rank_001.pdb,results/2026-06-09-combine-8models-gpu/references/T1185s1.pdb,0.8416506717850287,9.050270631785404,0.8429,84.28999999999999,0.7857,0.8429,0.8714,0.8714,external_tmscore_matched,,0.81563,0.8429,84.28999999999999,True,0.17814,1.84,66,success,
T1185s2,8OUY,B,omegafold,1,results/2026-06-09-combine-8models-gpu,results/2026-06-09-combine-8models-gpu/predictions/T1185s2/omegafold/rank_001.pdb,results/2026-06-09-combine-8models-gpu/references/T1185s2.pdb,0.8557975073519115,19.64583268299773,0.7157,71.57,0.6006,0.6837,0.7668,0.8115,external_tmscore_matched,,0.76972,0.7157,71.57,True,0.64515,1.99,256,success,
T1185s4,8OUY,D,omegafold,1,results/2026-06-09-combine-8models-gpu,results/2026-06-09-combine-8models-gpu/predictions/T1185s4/omegafold/rank_001.pdb,results/2026-06-09-combine-8models-gpu/references/T1185s4.pdb,0.8254760584211499,2.333298532305622,0.8451,84.50999999999999,0.6154,0.8376,0.9274,1.0,external_tmscore_matched,,0.91893,0.8451,84.50999999999999,True,0.7741,1.77,230,success,
T1194,8OKH,A,omegafold,1,results/2026-06-09-combine-8models-gpu,results/2026-06-09-combine-8models-gpu/predictions/T1194/omegafold/rank_001.pdb,results/2026-06-09-combine-8models-gpu/references/T1194.pdb,0.8124679322729604,2.078399310629216,0.8537,85.37,0.6646,0.811,0.939,1.0,external_tmscore_matched,,0.91355,0.8537,85.37,True,0.89296,1.75,162,success,
T1212,9B0L,P,omegafold,1,results/2026-06-09-combine-8models-gpu,results/2026-06-09-combine-8models-gpu/predictions/T1212/omegafold/rank_001.pdb,results/2026-06-09-combine-8models-gpu/references/T1212.pdb,0.6748916151646527,21.95484724604889,0.4914,49.14,0.2361,0.3541,0.5708,0.8047,external_tmscore_matched,,0.69508,0.4914,49.14,True,0.69508,4.07,391,success,
T1227s1,9N8W,A,omegafold,1,results/2026-06-09-combine-8models-gpu,results/2026-06-09-combine-8models-gpu/predictions/T1227s1/omegafold/rank_001.pdb,results/2026-06-09-combine-8models-gpu/references/T1227s1.pdb,0.7497940691927513,3.1317352141883275,0.6486,64.86,0.2168,0.5306,0.8597,0.9872,external_tmscore_matched,,0.87464,0.6486,64.86,True,0.80893,3.07,391,success,
T1266,8QFB,A,omegafold,1,results/2026-06-09-combine-8models-gpu,results/2026-06-09-combine-8models-gpu/predictions/T1266/omegafold/rank_001.pdb,results/2026-06-09-combine-8models-gpu/references/T1266.pdb,0.6492583015786608,14.333090868656177,0.5663,56.63,0.4866,0.5671,0.5872,0.6242,external_tmscore_matched,,0.63537,0.5663,56.63,True,0.56744,3.36,215,success,
T1272s2,9C3C,a,omegafold,1,results/2026-06-09-combine-8models-gpu,results/2026-06-09-combine-8models-gpu/predictions/T1272s2/omegafold/rank_001.pdb,results/2026-06-09-combine-8models-gpu/references/T1272s2.pdb,0.700458550620392,37.32635733524269,0.4369,43.69,0.1987,0.3502,0.5489,0.6498,external_tmscore_matched,,0.57965,0.4369,43.69,True,0.51391,3.91,224,success,
T1272s3,9C3C,b,omegafold,1,results/2026-06-09-combine-8models-gpu,results/2026-06-09-combine-8models-gpu/predictions/T1272s3/omegafold/rank_001.pdb,results/2026-06-09-combine-8models-gpu/references/T1272s3.pdb,0.7495982322217758,17.06865077165222,0.3053,30.53,0.1336,0.2023,0.3473,0.5382,external_tmscore_matched,,0.44021,0.3053,30.53,True,0.38223,5.6,187,success,
T1272s4,9C3C,d,omegafold,1,results/2026-06-09-combine-8models-gpu,results/2026-06-09-combine-8models-gpu/predictions/T1272s4/omegafold/rank_001.pdb,results/2026-06-09-combine-8models-gpu/references/T1272s4.pdb,0.8689232623543592,12.396719416779623,0.3634,36.34,0.1636,0.3048,0.3941,0.5911,external_tmscore_matched,,0.45923,0.3634,36.34,True,0.43318,4.47,172,success,
T1272s5,9C3C,g,omegafold,1,results/2026-06-09-combine-8models-gpu,results/2026-06-09-combine-8models-gpu/predictions/T1272s5/omegafold/rank_001.pdb,results/2026-06-09-combine-8models-gpu/references/T1272s5.pdb,0.8004596322941647,13.331905864195049,0.3504,35.04,0.1667,0.2917,0.375,0.5682,external_tmscore_matched,,0.45444,0.3504,35.04,True,0.42057,5.15,177,success,
T1272s6,9C3C,A,omegafold,1,results/2026-06-09-combine-8models-gpu,results/2026-06-09-combine-8models-gpu/predictions/T1272s6/omegafold/rank_001.pdb,results/2026-06-09-combine-8models-gpu/references/T1272s6.pdb,0.7826538634321653,25.60836735338567,0.4381,43.81,0.28,0.38,0.495,0.5975,external_tmscore_matched,,0.54223,0.4381,43.81,True,0.35848,3.28,247,success,
T1272s7,9C3C,B,omegafold,1,results/2026-06-09-combine-8models-gpu,results/2026-06-09-combine-8models-gpu/predictions/T1272s7/omegafold/rank_001.pdb,results/2026-06-09-combine-8models-gpu/references/T1272s7.pdb,0.5318302387267904,33.405071025557085,0.1966,19.66,0.1103,0.1517,0.2069,0.3172,external_tmscore_matched,,0.27716,0.1966,19.66,True,0.18373,3.66,57,success,
T1272s9,9C3C,n,omegafold,1,results/2026-06-09-combine-8models-gpu,results/2026-06-09-combine-8models-gpu/predictions/T1272s9/omegafold/rank_001.pdb,results/2026-06-09-combine-8models-gpu/references/T1272s9.pdb,0.8360021350413664,3.0923355873075136,0.7943,79.43,0.5657,0.7257,0.9086,0.9771,external_tmscore_matched,,0.86962,0.7943,79.43,True,0.65421,2.26,172,success,
T1280,9F5M,AAA,omegafold,1,results/2026-06-09-combine-8models-gpu,results/2026-06-09-combine-8models-gpu/predictions/T1280/omegafold/rank_001.pdb,results/2026-06-09-combine-8models-gpu/references/T1280.pdb,0.9525476151717402,0.8175451648423553,0.9615,96.15,0.8675,0.9786,1.0,1.0,external_tmscore_matched,,0.98219,0.9615,96.15,True,0.96996,0.79,234,success,
T1299,9FJL,A,omegafold,1,results/2026-06-09-combine-8models-gpu,results/2026-06-09-combine-8models-gpu/predictions/T1299/omegafold/rank_001.pdb,results/2026-06-09-combine-8models-gpu/references/T1299.pdb,0.946505666486778,0.8256510930009433,0.9628,96.28,0.869,0.9821,1.0,1.0,external_tmscore_matched,,0.97394,0.9628,96.28,True,0.97394,0.83,168,success,
T1104,7ROA,A,boltz2,1,results/2026-06-09-combine-8models-gpu,results/2026-06-09-combine-8models-gpu/predictions/T1104/boltz2/rank_001.pdb,results/2026-06-09-combine-8models-gpu/references/T1104.pdb,0.9336367083807356,1.3510071242978818,0.963,96.3,0.8957,0.9739,0.9826,1.0,external_tmscore_matched,,0.95554,0.963,96.3,True,0.93971,1.0,114,success,
T1106s1,7QIH,B,boltz2,1,results/2026-06-09-combine-8models-gpu,results/2026-06-09-combine-8models-gpu/predictions/T1106s1/boltz2/rank_001.pdb,results/2026-06-09-combine-8models-gpu/references/T1106s1.pdb,0.8892709766162311,7.7106098852139295,0.6408,64.08,0.4507,0.6056,0.7183,0.7887,external_tmscore_matched,,0.59694,0.6408,64.08,True,0.37849,1.93,53,success,
T1106s2,7QIH,A,boltz2,1,results/2026-06-09-combine-8models-gpu,results/2026-06-09-combine-8models-gpu/predictions/T1106s2/boltz2/rank_001.pdb,results/2026-06-09-combine-8models-gpu/references/T1106s2.pdb,0.9477382520860782,1.5269922538692628,0.8964,89.64,0.6667,0.955,0.964,1.0,external_tmscore_matched,,0.91794,0.8964,89.64,True,0.8955,1.23,110,success,
T1112,8ORK,AAA,boltz2,1,results/2026-06-09-combine-8models-gpu,results/2026-06-09-combine-8models-gpu/predictions/T1112/boltz2/rank_001.pdb,results/2026-06-09-combine-8models-gpu/references/T1112.pdb,0.878678665870511,3.05764748093387,0.7277,72.77,0.3862,0.6496,0.8839,0.9911,external_tmscore_matched,,0.89928,0.7277,72.77,True,0.87736,2.63,443,success,
T1114s1,7UTD,Q,boltz2,1,results/2026-06-09-combine-8models-gpu,results/2026-06-09-combine-8models-gpu/predictions/T1114s1/boltz2/rank_001.pdb,results/2026-06-09-combine-8models-gpu/references/T1114s1.pdb,0.7548076923076923,15.35207707060784,0.4661,46.61,0.322,0.4407,0.5085,0.5932,external_tmscore_matched,,0.42088,0.4661,46.61,True,0.1563,2.34,34,success,
T1114s2,7UTD,B,boltz2,1,results/2026-06-09-combine-8models-gpu,results/2026-06-09-combine-8models-gpu/predictions/T1114s2/boltz2/rank_001.pdb,results/2026-06-09-combine-8models-gpu/references/T1114s2.pdb,0.9541375028223076,0.7288498047881806,0.9682,96.82,0.8851,0.9876,1.0,1.0,external_tmscore_matched,,0.98833,0.9682,96.82,True,0.86354,0.73,322,success,
T1114s3,7UTD,A,boltz2,1,results/2026-06-09-combine-8models-gpu,results/2026-06-09-combine-8models-gpu/predictions/T1114s3/boltz2/rank_001.pdb,results/2026-06-09-combine-8models-gpu/references/T1114s3.pdb,0.9741092142049848,0.5777500848511247,0.9922,99.22,0.9688,1.0,1.0,1.0,external_tmscore_matched,,0.99487,0.9922,99.22,True,0.95228,0.58,512,success,
T1120,7QVB,B,boltz2,1,results/2026-06-09-combine-8models-gpu,results/2026-06-09-combine-8models-gpu/predictions/T1120/boltz2/rank_001.pdb,results/2026-06-09-combine-8models-gpu/references/T1120.pdb,0.9212289212289212,8.896056211921394,0.5164,51.64,0.4518,0.5132,0.5219,0.5789,external_tmscore_matched,,0.51503,0.5164,51.64,True,0.50004,1.86,123,success,
T1122,8BBT,A,boltz2,1,results/2026-06-09-combine-8models-gpu,results/2026-06-09-combine-8models-gpu/predictions/T1122/boltz2/rank_001.pdb,results/2026-06-09-combine-8models-gpu/references/T1122.pdb,0.4355769230769231,17.981584014016082,0.1957,19.57,0.0783,0.113,0.1957,0.3957,external_tmscore_matched,,0.32688,0.1957,19.57,True,0.31599,5.27,120,success,
T1129s2,8A8C,B,boltz2,1,results/2026-06-09-combine-8models-gpu,results/2026-06-09-combine-8models-gpu/predictions/T1129s2/boltz2/rank_001.pdb,results/2026-06-09-combine-8models-gpu/references/T1129s2.pdb,0.7993923611111111,2.4954489849797383,0.8376,83.76,0.6345,0.8087,0.9129,0.9943,external_tmscore_matched,,0.95284,0.8376,83.76,True,0.79054,1.99,527,success,
T1133,8DYS,A,boltz2,1,results/2026-06-09-combine-8models-gpu,results/2026-06-09-combine-8models-gpu/predictions/T1133/boltz2/rank_001.pdb,results/2026-06-09-combine-8models-gpu/references/T1133.pdb,0.918556606372234,5.5354040500441295,0.9004,90.03999999999999,0.7237,0.9267,0.9682,0.9829,external_tmscore_matched,,0.9757,0.9004,90.03999999999999,True,0.68612,1.24,409,success,
T1134s1,7UBZ,A,boltz2,1,results/2026-06-09-combine-8models-gpu,results/2026-06-09-combine-8models-gpu/predictions/T1134s1/boltz2/rank_001.pdb,results/2026-06-09-combine-8models-gpu/references/T1134s1.pdb,0.9774731087991536,0.9495135305897516,0.95,95.0,0.8174,0.987,0.9957,1.0,external_tmscore_matched,,0.97631,0.95,95.0,True,0.97631,0.95,230,success,
T1134s2,7UBZ,D,boltz2,1,results/2026-06-09-combine-8models-gpu,results/2026-06-09-combine-8models-gpu/predictions/T1134s2/boltz2/rank_001.pdb,results/2026-06-09-combine-8models-gpu/references/T1134s2.pdb,0.8361482656993879,6.739548555087671,0.8255,82.55,0.7327,0.8267,0.8564,0.8861,external_tmscore_matched,,0.87352,0.8255,82.55,True,0.57028,1.82,186,success,
T1137s1,8FEF,A,boltz2,1,results/2026-06-09-combine-8models-gpu,results/2026-06-09-combine-8models-gpu/predictions/T1137s1/boltz2/rank_001.pdb,results/2026-06-09-combine-8models-gpu/references/T1137s1.pdb,0.8125118483412322,77.61185086868606,0.2851,28.51,0.2245,0.2526,0.3214,0.3418,external_tmscore_matched,,0.34312,0.2851,28.51,True,0.32994,3.72,155,success,
T1137s2,8FEF,B,boltz2,1,results/2026-06-09-combine-8models-gpu,results/2026-06-09-combine-8models-gpu/predictions/T1137s2/boltz2/rank_001.pdb,results/2026-06-09-combine-8models-gpu/references/T1137s2.pdb,0.8900619692448933,67.01291670621376,0.309,30.9,0.2836,0.3045,0.3164,0.3313,external_tmscore_matched,,0.32333,0.309,30.9,True,0.31601,2.32,115,success,
T1137s3,8FEF,C,boltz2,1,results/2026-06-09-combine-8models-gpu,results/2026-06-09-combine-8models-gpu/predictions/T1137s3/boltz2/rank_001.pdb,results/2026-06-09-combine-8models-gpu/references/T1137s3.pdb,0.8819151575291492,66.51691061728985,0.321,32.1,0.3,0.3129,0.3258,0.3452,external_tmscore_matched,,0.32866,0.321,32.1,True,0.19717,2.6,109,success,
T1137s4,8FEF,D,boltz2,1,results/2026-06-09-combine-8models-gpu,results/2026-06-09-combine-8models-gpu/predictions/T1137s4/boltz2/rank_001.pdb,results/2026-06-09-combine-8models-gpu/references/T1137s4.pdb,0.8245559502664298,67.10821396700283,0.2955,29.55,0.239,0.2857,0.3091,0.3481,external_tmscore_matched,,0.30948,0.2955,29.55,True,0.22083,2.57,129,success,
T1137s5,8FEF,E,boltz2,1,results/2026-06-09-combine-8models-gpu,results/2026-06-09-combine-8models-gpu/predictions/T1137s5/boltz2/rank_001.pdb,results/2026-06-09-combine-8models-gpu/references/T1137s5.pdb,0.8251285092922104,73.24561253526272,0.2933,29.33,0.2486,0.2905,0.3073,0.3268,external_tmscore_matched,,0.31925,0.2933,29.33,True,0.29408,3.31,126,success,
T1137s6,8FEF,F,boltz2,1,results/2026-06-09-combine-8models-gpu,results/2026-06-09-combine-8models-gpu/predictions/T1137s6/boltz2/rank_001.pdb,results/2026-06-09-combine-8models-gpu/references/T1137s6.pdb,0.8179264092804059,70.91463386113388,0.2462,24.62,0.2105,0.2406,0.2506,0.2832,external_tmscore_matched,,0.28684,0.2462,24.62,True,0.22792,4.63,144,success,
T1137s7,8FEF,G,boltz2,1,results/2026-06-09-combine-8models-gpu,results/2026-06-09-combine-8models-gpu/predictions/T1137s7/boltz2/rank_001.pdb,results/2026-06-09-combine-8models-gpu/references/T1137s7.pdb,0.8965157249119144,15.267798580976894,0.8771,87.71,0.7157,0.9064,0.9431,0.9431,external_tmscore_matched,,0.9724,0.8771,87.71,True,0.45103,1.13,299,success,
T1137s8,8FEF,I,boltz2,1,results/2026-06-09-combine-8models-gpu,results/2026-06-09-combine-8models-gpu/predictions/T1137s8/boltz2/rank_001.pdb,results/2026-06-09-combine-8models-gpu/references/T1137s8.pdb,0.9528071282132156,1.0420459655451804,0.9585,95.85,0.8656,0.9763,0.9921,1.0,external_tmscore_matched,,0.97652,0.9585,95.85,True,0.92962,1.04,253,success,
T1137s9,8FEF,J,boltz2,1,results/2026-06-09-combine-8models-gpu,results/2026-06-09-combine-8models-gpu/predictions/T1137s9/boltz2/rank_001.pdb,results/2026-06-09-combine-8models-gpu/references/T1137s9.pdb,0.942756648113791,1.830831275869081,0.9163,91.63,0.7643,0.9316,0.981,0.9886,external_tmscore_matched,,0.95773,0.9163,91.63,True,0.87355,1.21,260,success,
T1145,7UWW,A,boltz2,1,results/2026-06-09-combine-8models-gpu,results/2026-06-09-combine-8models-gpu/predictions/T1145/boltz2/rank_001.pdb,results/2026-06-09-combine-8models-gpu/references/T1145.pdb,0.9301339542370932,4.321142572518108,0.7041,70.41,0.4589,0.6108,0.7611,0.9858,external_tmscore_matched,,0.84751,0.7041,70.41,True,0.84387,3.81,618,success,
T1147,8EM5,A,boltz2,1,results/2026-06-09-combine-8models-gpu,results/2026-06-09-combine-8models-gpu/predictions/T1147/boltz2/rank_001.pdb,results/2026-06-09-combine-8models-gpu/references/T1147.pdb,0.9762391415431784,0.5668854383051244,0.9946,99.46,0.9783,1.0,1.0,1.0,external_tmscore_matched,,0.97718,0.9946,99.46,True,0.87509,0.57,92,success,
T1151s2,8D5V,A,boltz2,1,results/2026-06-09-combine-8models-gpu,results/2026-06-09-combine-8models-gpu/predictions/T1151s2/boltz2/rank_001.pdb,results/2026-06-09-combine-8models-gpu/references/T1151s2.pdb,0.8809153175591532,1.7262305699618548,0.9167,91.67,0.7976,0.9048,0.9643,1.0,external_tmscore_matched,,0.89711,0.9167,91.67,True,0.66352,1.73,84,success,
T1155,8PBV,A,boltz2,1,results/2026-06-09-combine-8models-gpu,results/2026-06-09-combine-8models-gpu/predictions/T1155/boltz2/rank_001.pdb,results/2026-06-09-combine-8models-gpu/references/T1155.pdb,0.6435525746430116,5.36159375358704,0.5884,58.84,0.2931,0.4655,0.6897,0.9052,external_tmscore_matched,,0.65199,0.5884,58.84,True,0.65199,3.33,107,success,
T1157s2,8PKO,B,boltz2,1,results/2026-06-09-combine-8models-gpu,results/2026-06-09-combine-8models-gpu/predictions/T1157s2/boltz2/rank_001.pdb,results/2026-06-09-combine-8models-gpu/references/T1157s2.pdb,0.9167832167832168,13.197040624209125,0.4089,40.89,0.2672,0.2802,0.4332,0.6552,external_tmscore_matched,,0.57613,0.4089,40.89,True,0.54548,5.6,357,success,
T1159,7PZT,A,boltz2,1,results/2026-06-09-combine-8models-gpu,results/2026-06-09-combine-8models-gpu/predictions/T1159/boltz2/rank_001.pdb,results/2026-06-09-combine-8models-gpu/references/T1159.pdb,0.9706575682382134,0.5516912871784311,0.9906,99.06,0.9625,1.0,1.0,1.0,external_tmscore_matched,,0.98712,0.9906,99.06,True,0.98712,0.55,160,success,
T1183,8IFX,B,boltz2,1,results/2026-06-09-combine-8models-gpu,results/2026-06-09-combine-8models-gpu/predictions/T1183/boltz2/rank_001.pdb,results/2026-06-09-combine-8models-gpu/references/T1183.pdb,0.9465060988215837,1.3771980447198928,0.9295,92.95,0.759,0.9744,0.9897,0.9949,external_tmscore_matched,,0.96352,0.9295,92.95,True,0.94006,1.09,194,success,
T1185s1,8OUY,A,boltz2,1,results/2026-06-09-combine-8models-gpu,results/2026-06-09-combine-8models-gpu/predictions/T1185s1/boltz2/rank_001.pdb,results/2026-06-09-combine-8models-gpu/references/T1185s1.pdb,0.8620441458733205,8.576668189896541,0.8464,84.64,0.7857,0.8571,0.8714,0.8714,external_tmscore_matched,,0.81455,0.8464,84.64,True,0.17219,1.37,62,success,
T1185s2,8OUY,B,boltz2,1,results/2026-06-09-combine-8models-gpu,results/2026-06-09-combine-8models-gpu/predictions/T1185s2/boltz2/rank_001.pdb,results/2026-06-09-combine-8models-gpu/references/T1185s2.pdb,0.8228539420249265,8.093640874517687,0.6869,68.69,0.4984,0.6837,0.7508,0.8147,external_tmscore_matched,,0.80733,0.6869,68.69,True,0.67953,2.98,283,success,
T1185s4,8OUY,D,boltz2,1,results/2026-06-09-combine-8models-gpu,results/2026-06-09-combine-8models-gpu/predictions/T1185s4/boltz2/rank_001.pdb,results/2026-06-09-combine-8models-gpu/references/T1185s4.pdb,0.8765021260861526,1.5001602613646363,0.9113,91.13,0.7265,0.9402,0.9786,1.0,external_tmscore_matched,,0.95694,0.9113,91.13,True,0.80403,1.45,234,success,
T1194,8OKH,A,boltz2,1,results/2026-06-09-combine-8models-gpu,results/2026-06-09-combine-8models-gpu/predictions/T1194/boltz2/rank_001.pdb,results/2026-06-09-combine-8models-gpu/references/T1194.pdb,0.96158286300667,0.7127647084246476,0.9741,97.41,0.9024,0.9939,1.0,1.0,external_tmscore_matched,,0.98028,0.9741,97.41,True,0.95736,0.71,164,success,
T1212,9B0L,P,boltz2,1,results/2026-06-09-combine-8models-gpu,results/2026-06-09-combine-8models-gpu/predictions/T1212/boltz2/rank_001.pdb,results/2026-06-09-combine-8models-gpu/references/T1212.pdb,0.9143759800756388,1.5935278252699197,0.882,88.2,0.6588,0.9013,0.97,0.9979,external_tmscore_matched,,0.96784,0.882,88.2,True,0.96784,1.59,466,success,
T1227s1,9N8W,A,boltz2,1,results/2026-06-09-combine-8models-gpu,results/2026-06-09-combine-8models-gpu/predictions/T1227s1/boltz2/rank_001.pdb,results/2026-06-09-combine-8models-gpu/references/T1227s1.pdb,0.8999433690280065,1.3825391430842204,0.8514,85.14,0.5179,0.8878,1.0,1.0,external_tmscore_matched,,0.96604,0.8514,85.14,True,0.8889,1.38,392,success,
T1266,8QFB,A,boltz2,1,results/2026-06-09-combine-8models-gpu,results/2026-06-09-combine-8models-gpu/predictions/T1266/boltz2/rank_001.pdb,results/2026-06-09-combine-8models-gpu/references/T1266.pdb,0.9566208492106696,0.6565018318434314,0.9799,97.99,0.9195,1.0,1.0,1.0,external_tmscore_matched,,0.98954,0.9799,97.99,True,0.87855,0.66,298,success,
T1272s2,9C3C,a,boltz2,1,results/2026-06-09-combine-8models-gpu,results/2026-06-09-combine-8models-gpu/predictions/T1272s2/boltz2/rank_001.pdb,results/2026-06-09-combine-8models-gpu/references/T1272s2.pdb,0.8387430318288078,29.924515717116574,0.6207,62.07,0.4322,0.6562,0.6845,0.7098,external_tmscore_matched,,0.68739,0.6207,62.07,True,0.60302,1.69,229,success,
T1272s3,9C3C,b,boltz2,1,results/2026-06-09-combine-8models-gpu,results/2026-06-09-combine-8models-gpu/predictions/T1272s3/boltz2/rank_001.pdb,results/2026-06-09-combine-8models-gpu/references/T1272s3.pdb,0.6642225793491362,49.50696591612331,0.1689,16.89,0.0878,0.1107,0.1985,0.2786,external_tmscore_matched,,0.22157,0.1689,16.89,True,0.18938,4.72,82,success,
T1272s4,9C3C,d,boltz2,1,results/2026-06-09-combine-8models-gpu,results/2026-06-09-combine-8models-gpu/predictions/T1272s4/boltz2/rank_001.pdb,results/2026-06-09-combine-8models-gpu/references/T1272s4.pdb,0.7603455202892728,37.17283459804119,0.1877,18.77,0.1115,0.1301,0.2007,0.3086,external_tmscore_matched,,0.25116,0.1877,18.77,True,0.23855,6.38,116,success,
T1272s5,9C3C,g,boltz2,1,results/2026-06-09-combine-8models-gpu,results/2026-06-09-combine-8models-gpu/predictions/T1272s5/boltz2/rank_001.pdb,results/2026-06-09-combine-8models-gpu/references/T1272s5.pdb,0.7063349320543565,35.36163545077196,0.1562,15.62,0.1098,0.1174,0.1705,0.2273,external_tmscore_matched,,0.27219,0.1562,15.62,True,0.25237,5.44,109,success,
T1272s6,9C3C,A,boltz2,1,results/2026-06-09-combine-8models-gpu,results/2026-06-09-combine-8models-gpu/predictions/T1272s6/boltz2/rank_001.pdb,results/2026-06-09-combine-8models-gpu/references/T1272s6.pdb,0.8675033692722371,23.64336984674482,0.5306,53.06,0.4475,0.5225,0.56,0.5925,external_tmscore_matched,,0.57001,0.5306,53.06,True,0.36983,2.04,240,success,
T1272s7,9C3C,B,boltz2,1,results/2026-06-09-combine-8models-gpu,results/2026-06-09-combine-8models-gpu/predictions/T1272s7/boltz2/rank_001.pdb,results/2026-06-09-combine-8models-gpu/references/T1272s7.pdb,0.7601127320954907,48.3807010581959,0.4017,40.17,0.2483,0.4138,0.4621,0.4828,external_tmscore_matched,,0.43923,0.4017,40.17,True,0.27308,2.09,72,success,
T1272s9,9C3C,n,boltz2,1,results/2026-06-09-combine-8models-gpu,results/2026-06-09-combine-8models-gpu/predictions/T1272s9/boltz2/rank_001.pdb,results/2026-06-09-combine-8models-gpu/references/T1272s9.pdb,0.8157192420603149,2.5659461457690886,0.8129,81.28999999999999,0.48,0.8571,0.9314,0.9829,external_tmscore_matched,,0.89939,0.8129,81.28999999999999,True,0.67512,1.9,174,success,
T1280,9F5M,AAA,boltz2,1,results/2026-06-09-combine-8models-gpu,results/2026-06-09-combine-8models-gpu/predictions/T1280/boltz2/rank_001.pdb,results/2026-06-09-combine-8models-gpu/references/T1280.pdb,0.952425524987791,0.9487158713640474,0.9583,95.83,0.8632,0.9744,0.9957,1.0,external_tmscore_matched,,0.98048,0.9583,95.83,True,0.96827,0.86,234,success,
T1299,9FJL,A,boltz2,1,results/2026-06-09-combine-8models-gpu,results/2026-06-09-combine-8models-gpu/predictions/T1299/boltz2/rank_001.pdb,results/2026-06-09-combine-8models-gpu/references/T1299.pdb,0.9127765785213168,1.310149587553546,0.8631,86.31,0.5357,0.9167,1.0,1.0,external_tmscore_matched,,0.93511,0.8631,86.31,True,0.93511,1.31,168,success,
T1104,7ROA,A,chai1,1,results/2026-06-09-combine-8models-gpu,results/2026-06-09-combine-8models-gpu/predictions/T1104/chai1/rank_001.pdb,results/2026-06-09-combine-8models-gpu/references/T1104.pdb,0.5808684110731892,6.23358543665704,0.5239,52.39,0.2522,0.3565,0.6,0.887,external_tmscore_matched,,0.60097,0.5239,52.39,True,0.59318,3.31,98,success,
T1106s1,7QIH,B,chai1,1,results/2026-06-09-combine-8models-gpu,results/2026-06-09-combine-8models-gpu/predictions/T1106s1/chai1/rank_001.pdb,results/2026-06-09-combine-8models-gpu/references/T1106s1.pdb,0.7816368638239339,12.075969678328407,0.4894,48.94,0.3099,0.4648,0.5211,0.662,external_tmscore_matched,,0.47252,0.4894,48.94,True,0.30006,2.88,45,success,
T1106s2,7QIH,A,chai1,1,results/2026-06-09-combine-8models-gpu,results/2026-06-09-combine-8models-gpu/predictions/T1106s2/chai1/rank_001.pdb,results/2026-06-09-combine-8models-gpu/references/T1106s2.pdb,0.9553140096618358,1.5264879703436705,0.9527,95.27,0.8739,0.964,0.973,1.0,external_tmscore_matched,,0.94477,0.9527,95.27,True,0.92085,1.19,110,success,
T1112,8ORK,AAA,chai1,1,results/2026-06-09-combine-8models-gpu,results/2026-06-09-combine-8models-gpu/predictions/T1112/chai1/rank_001.pdb,results/2026-06-09-combine-8models-gpu/references/T1112.pdb,0.8612130000853023,3.297001202583484,0.6786,67.86,0.3728,0.4888,0.8705,0.9821,external_tmscore_matched,,0.88253,0.6786,67.86,True,0.86139,2.88,444,success,
T1114s1,7UTD,Q,chai1,1,results/2026-06-09-combine-8models-gpu,results/2026-06-09-combine-8models-gpu/predictions/T1114s1/chai1/rank_001.pdb,results/2026-06-09-combine-8models-gpu/references/T1114s1.pdb,0.7620192307692308,17.049115302565447,0.572,57.2,0.322,0.4746,0.6441,0.8475,external_tmscore_matched,,0.5416,0.572,57.2,True,0.19998,1.97,42,success,
T1114s2,7UTD,B,chai1,1,results/2026-06-09-combine-8models-gpu,results/2026-06-09-combine-8models-gpu/predictions/T1114s2/chai1/rank_001.pdb,results/2026-06-09-combine-8models-gpu/references/T1114s2.pdb,0.721494694061865,12.288959486272976,0.6661,66.61,0.4379,0.6398,0.7733,0.8137,external_tmscore_matched,,0.78237,0.6661,66.61,True,0.68825,2.82,280,success,
T1114s3,7UTD,A,chai1,1,results/2026-06-09-combine-8models-gpu,results/2026-06-09-combine-8models-gpu/predictions/T1114s3/chai1/rank_001.pdb,results/2026-06-09-combine-8models-gpu/references/T1114s3.pdb,0.8894027719945273,2.462225469003576,0.9307,93.07,0.8535,0.9316,0.957,0.9805,external_tmscore_matched,,0.9647,0.9307,93.07,True,0.92381,1.72,507,success,
T1120,7QVB,B,chai1,1,results/2026-06-09-combine-8models-gpu,results/2026-06-09-combine-8models-gpu/predictions/T1120/chai1/rank_001.pdb,results/2026-06-09-combine-8models-gpu/references/T1120.pdb,0.8504273504273505,7.739010607698646,0.5,50.0,0.3377,0.4474,0.5132,0.7018,external_tmscore_matched,,0.54254,0.5,50.0,True,0.52885,4.47,168,success,
T1122,8BBT,A,chai1,1,results/2026-06-09-combine-8models-gpu,results/2026-06-09-combine-8models-gpu/predictions/T1122/chai1/rank_001.pdb,results/2026-06-09-combine-8models-gpu/references/T1122.pdb,0.5144796380090497,17.2597314219325,0.3413,34.13,0.1478,0.2652,0.4087,0.5435,external_tmscore_matched,,0.47057,0.3413,34.13,True,0.45218,4.17,141,success,
T1129s2,8A8C,B,chai1,1,results/2026-06-09-combine-8models-gpu,results/2026-06-09-combine-8models-gpu/predictions/T1129s2/chai1/rank_001.pdb,results/2026-06-09-combine-8models-gpu/references/T1129s2.pdb,0.1724826388888888,25.034783454576395,0.0687,6.87,0.0265,0.0303,0.053,0.1648,external_tmscore_matched,,0.30886,0.0687,6.87,True,0.26787,7.47,267,success,
T1133,8DYS,A,chai1,1,results/2026-06-09-combine-8models-gpu,results/2026-06-09-combine-8models-gpu/predictions/T1133/chai1/rank_001.pdb,results/2026-06-09-combine-8models-gpu/references/T1133.pdb,0.920278211367184,4.740390169974348,0.9358,93.58,0.8411,0.9389,0.9804,0.9829,external_tmscore_matched,,0.98342,0.9358,93.58,True,0.69034,1.0,409,success,
T1134s1,7UBZ,A,chai1,1,results/2026-06-09-combine-8models-gpu,results/2026-06-09-combine-8models-gpu/predictions/T1134s1/chai1/rank_001.pdb,results/2026-06-09-combine-8models-gpu/references/T1134s1.pdb,0.9139481572914828,1.187186940668504,0.8978,89.78,0.6522,0.9391,1.0,1.0,external_tmscore_matched,,0.96151,0.8978,89.78,True,0.96151,1.19,230,success,
T1134s2,7UBZ,D,chai1,1,results/2026-06-09-combine-8models-gpu,results/2026-06-09-combine-8models-gpu/predictions/T1134s2/chai1/rank_001.pdb,results/2026-06-09-combine-8models-gpu/references/T1134s2.pdb,0.8277034686012242,6.600427524928647,0.8106,81.06,0.6931,0.8218,0.8416,0.8861,external_tmscore_matched,,0.86541,0.8106,81.06,True,0.56676,2.05,187,success,
T1137s1,8FEF,A,chai1,1,results/2026-06-09-combine-8models-gpu,results/2026-06-09-combine-8models-gpu/predictions/T1137s1/chai1/rank_001.pdb,results/2026-06-09-combine-8models-gpu/references/T1137s1.pdb,0.7969194312796207,77.74929330136935,0.3361,33.61,0.2219,0.2755,0.3622,0.4847,external_tmscore_matched,,0.39811,0.3361,33.61,True,0.38371,4.01,193,success,
T1137s2,8FEF,B,chai1,1,results/2026-06-09-combine-8models-gpu,results/2026-06-09-combine-8models-gpu/predictions/T1137s2/chai1/rank_001.pdb,results/2026-06-09-combine-8models-gpu/references/T1137s2.pdb,0.8661349552444343,66.70470928948515,0.3261,32.61,0.2687,0.2955,0.3343,0.406,external_tmscore_matched,,0.37231,0.3261,32.61,True,0.36463,4.04,153,success,
T1137s3,8FEF,C,chai1,1,results/2026-06-09-combine-8models-gpu,results/2026-06-09-combine-8models-gpu/predictions/T1137s3/chai1/rank_001.pdb,results/2026-06-09-combine-8models-gpu/references/T1137s3.pdb,0.8737906226742744,55.170313338291855,0.3597,35.97,0.2839,0.3097,0.3903,0.4548,external_tmscore_matched,,0.40559,0.3597,35.97,True,0.25053,3.07,146,success,
T1137s4,8FEF,D,chai1,1,results/2026-06-09-combine-8models-gpu,results/2026-06-09-combine-8models-gpu/predictions/T1137s4/chai1/rank_001.pdb,results/2026-06-09-combine-8models-gpu/references/T1137s4.pdb,0.7297513321492007,74.71677656723017,0.3299,32.99,0.239,0.2571,0.3714,0.4519,external_tmscore_matched,,0.37951,0.3299,32.99,True,0.27673,4.18,179,success,
T1137s5,8FEF,E,chai1,1,results/2026-06-09-combine-8models-gpu,results/2026-06-09-combine-8models-gpu/predictions/T1137s5/chai1/rank_001.pdb,results/2026-06-09-combine-8models-gpu/references/T1137s5.pdb,0.8287366548042704,74.02433523543397,0.3268,32.68,0.2514,0.3017,0.3464,0.4078,external_tmscore_matched,,0.34493,0.3268,32.68,True,0.31796,2.62,135,success,
T1137s6,8FEF,F,chai1,1,results/2026-06-09-combine-8models-gpu,results/2026-06-09-combine-8models-gpu/predictions/T1137s6/chai1/rank_001.pdb,results/2026-06-09-combine-8models-gpu/references/T1137s6.pdb,0.7984864962842124,69.15628118917608,0.3195,31.95,0.2206,0.2857,0.3509,0.4211,external_tmscore_matched,,0.36369,0.3195,31.95,True,0.28792,3.67,173,success,
T1137s7,8FEF,G,chai1,1,results/2026-06-09-combine-8models-gpu,results/2026-06-09-combine-8models-gpu/predictions/T1137s7/chai1/rank_001.pdb,results/2026-06-09-combine-8models-gpu/references/T1137s7.pdb,0.8295054156335638,15.832101417445264,0.811,81.10000000000001,0.5953,0.8562,0.8863,0.9064,external_tmscore_matched,,0.92494,0.811,81.10000000000001,True,0.43333,1.91,293,success,
T1137s8,8FEF,I,chai1,1,results/2026-06-09-combine-8models-gpu,results/2026-06-09-combine-8models-gpu/predictions/T1137s8/chai1/rank_001.pdb,results/2026-06-09-combine-8models-gpu/references/T1137s8.pdb,0.8921305787730642,1.8218037553255837,0.8874,88.74,0.7233,0.8538,0.9802,0.9921,external_tmscore_matched,,0.94341,0.8874,88.74,True,0.89892,1.56,251,success,
T1137s9,8FEF,J,chai1,1,results/2026-06-09-combine-8models-gpu,results/2026-06-09-combine-8models-gpu/predictions/T1137s9/chai1/rank_001.pdb,results/2026-06-09-combine-8models-gpu/references/T1137s9.pdb,0.8631725417439703,2.071757329413054,0.8146,81.46,0.5095,0.7947,0.9582,0.9962,external_tmscore_matched,,0.91881,0.8146,81.46,True,0.84081,2.07,263,success,
T1145,7UWW,A,chai1,1,results/2026-06-09-combine-8models-gpu,results/2026-06-09-combine-8models-gpu/predictions/T1145/chai1/rank_001.pdb,results/2026-06-09-combine-8models-gpu/references/T1145.pdb,0.6117770495573186,25.059859467871878,0.2967,29.67,0.1978,0.2532,0.3259,0.4098,external_tmscore_matched,,0.42397,0.2967,29.67,True,0.42214,4.69,315,success,
T1147,8EM5,A,chai1,1,results/2026-06-09-combine-8models-gpu,results/2026-06-09-combine-8models-gpu/predictions/T1147/chai1/rank_001.pdb,results/2026-06-09-combine-8models-gpu/references/T1147.pdb,0.9211803781297904,1.1501027606943466,0.9457,94.57,0.8587,0.9348,0.9891,1.0,external_tmscore_matched,,0.93804,0.9457,94.57,True,0.84222,0.93,91,success,
T1151s2,8D5V,A,chai1,1,results/2026-06-09-combine-8models-gpu,results/2026-06-09-combine-8models-gpu/predictions/T1151s2/chai1/rank_001.pdb,results/2026-06-09-combine-8models-gpu/references/T1151s2.pdb,0.8156911581569116,2.2777160861805044,0.8601,86.00999999999999,0.6786,0.8452,0.9167,1.0,external_tmscore_matched,,0.84757,0.8601,86.00999999999999,True,0.63151,1.98,82,success,
T1155,8PBV,A,chai1,1,results/2026-06-09-combine-8models-gpu,results/2026-06-09-combine-8models-gpu/predictions/T1155/chai1/rank_001.pdb,results/2026-06-09-combine-8models-gpu/references/T1155.pdb,0.5922760709649503,7.710500584132024,0.5409,54.09,0.2931,0.4655,0.6034,0.8017,external_tmscore_matched,,0.60213,0.5409,54.09,True,0.60213,3.35,95,success,
T1157s2,8PKO,B,chai1,1,results/2026-06-09-combine-8models-gpu,results/2026-06-09-combine-8models-gpu/predictions/T1157s2/chai1/rank_001.pdb,results/2026-06-09-combine-8models-gpu/references/T1157s2.pdb,0.8955244755244756,15.903932496883565,0.368,36.8,0.2651,0.2802,0.3879,0.5388,external_tmscore_matched,,0.47441,0.368,36.8,True,0.4495,5.08,291,success,
T1159,7PZT,A,chai1,1,results/2026-06-09-combine-8models-gpu,results/2026-06-09-combine-8models-gpu/predictions/T1159/chai1/rank_001.pdb,results/2026-06-09-combine-8models-gpu/references/T1159.pdb,0.6700372208436725,5.340733116105797,0.6188,61.88,0.3438,0.4813,0.7125,0.9375,external_tmscore_matched,,0.74993,0.6188,61.88,True,0.74993,2.67,146,success,
T1183,8IFX,B,chai1,1,results/2026-06-09-combine-8models-gpu,results/2026-06-09-combine-8models-gpu/predictions/T1183/chai1/rank_001.pdb,results/2026-06-09-combine-8models-gpu/references/T1183.pdb,0.9400971676659086,1.2809389548517436,0.9641,96.41,0.8923,0.9744,0.9897,1.0,external_tmscore_matched,,0.9707,0.9641,96.41,True,0.94688,1.0,194,success,
T1185s1,8OUY,A,chai1,1,results/2026-06-09-combine-8models-gpu,results/2026-06-09-combine-8models-gpu/predictions/T1185s1/chai1/rank_001.pdb,results/2026-06-09-combine-8models-gpu/references/T1185s1.pdb,0.8529270633397312,8.889219749272867,0.8357,83.57,0.7714,0.8286,0.8714,0.8714,external_tmscore_matched,,0.80349,0.8357,83.57,True,0.17181,1.33,62,success,
T1185s2,8OUY,B,chai1,1,results/2026-06-09-combine-8models-gpu,results/2026-06-09-combine-8models-gpu/predictions/T1185s2/chai1/rank_001.pdb,results/2026-06-09-combine-8models-gpu/references/T1185s2.pdb,0.8304509172384821,9.76558999811226,0.7005,70.05,0.5112,0.7093,0.7604,0.8211,external_tmscore_matched,,0.78134,0.7005,70.05,True,0.6553,2.2,262,success,
T1185s4,8OUY,D,chai1,1,results/2026-06-09-combine-8models-gpu,results/2026-06-09-combine-8models-gpu/predictions/T1185s4/chai1/rank_001.pdb,results/2026-06-09-combine-8models-gpu/references/T1185s4.pdb,0.8472453318543168,2.366048721421423,0.875,87.5,0.6923,0.8675,0.9402,1.0,external_tmscore_matched,,0.92677,0.875,87.5,True,0.78003,1.83,231,success,
T1194,8OKH,A,chai1,1,results/2026-06-09-combine-8models-gpu,results/2026-06-09-combine-8models-gpu/predictions/T1194/chai1/rank_001.pdb,results/2026-06-09-combine-8models-gpu/references/T1194.pdb,0.866149307337096,1.9919601042791892,0.8171,81.71000000000001,0.5061,0.8049,0.9573,1.0,external_tmscore_matched,,0.90116,0.8171,81.71000000000001,True,0.88137,1.74,163,success,
T1212,9B0L,P,chai1,1,results/2026-06-09-combine-8models-gpu,results/2026-06-09-combine-8models-gpu/predictions/T1212/chai1/rank_001.pdb,results/2026-06-09-combine-8models-gpu/references/T1212.pdb,0.7465178489069274,26.86087052597252,0.6046,60.46,0.294,0.4828,0.7897,0.8519,external_tmscore_matched,,0.77205,0.6046,60.46,True,0.77205,3.0,401,success,
T1227s1,9N8W,A,chai1,1,results/2026-06-09-combine-8models-gpu,results/2026-06-09-combine-8models-gpu/predictions/T1227s1/chai1/rank_001.pdb,results/2026-06-09-combine-8models-gpu/references/T1227s1.pdb,0.8850648682042834,2.025478707166352,0.7915,79.14999999999999,0.3903,0.8036,0.9745,0.9974,external_tmscore_matched,,0.94353,0.7915,79.14999999999999,True,0.86918,2.02,392,success,
T1266,8QFB,A,chai1,1,results/2026-06-09-combine-8models-gpu,results/2026-06-09-combine-8models-gpu/predictions/T1266/chai1/rank_001.pdb,results/2026-06-09-combine-8models-gpu/references/T1266.pdb,0.7176102340772998,10.290912786964908,0.677,67.7,0.4866,0.6409,0.7148,0.8658,external_tmscore_matched,,0.80811,0.677,67.7,True,0.72271,2.86,271,success,
T1272s2,9C3C,a,chai1,1,results/2026-06-09-combine-8models-gpu,results/2026-06-09-combine-8models-gpu/predictions/T1272s2/chai1/rank_001.pdb,results/2026-06-09-combine-8models-gpu/references/T1272s2.pdb,0.8449919079302284,39.7806457203833,0.623,62.3,0.4196,0.6467,0.6972,0.7287,external_tmscore_matched,,0.69569,0.623,62.3,True,0.6102,1.62,231,success,
T1272s3,9C3C,b,chai1,1,results/2026-06-09-combine-8models-gpu,results/2026-06-09-combine-8models-gpu/predictions/T1272s3/chai1/rank_001.pdb,results/2026-06-09-combine-8models-gpu/references/T1272s3.pdb,0.7913820811570911,13.31583789436352,0.2777,27.77,0.145,0.1947,0.2672,0.5038,external_tmscore_matched,,0.4966,0.2777,27.77,True,0.42882,5.33,200,success,
T1272s4,9C3C,d,chai1,1,results/2026-06-09-combine-8models-gpu,results/2026-06-09-combine-8models-gpu/predictions/T1272s4/chai1/rank_001.pdb,results/2026-06-09-combine-8models-gpu/references/T1272s4.pdb,0.8518481317798313,14.053284925857422,0.3587,35.870000000000005,0.1636,0.3086,0.3978,0.5651,external_tmscore_matched,,0.44718,0.3587,35.870000000000005,True,0.42169,4.75,167,success,
T1272s5,9C3C,g,chai1,1,results/2026-06-09-combine-8models-gpu,results/2026-06-09-combine-8models-gpu/predictions/T1272s5/chai1/rank_001.pdb,results/2026-06-09-combine-8models-gpu/references/T1272s5.pdb,0.8482214228617106,9.827147256074856,0.4205,42.05,0.197,0.322,0.428,0.7348,external_tmscore_matched,,0.52329,0.4205,42.05,True,0.4851,5.05,205,success,
T1272s6,9C3C,A,chai1,1,results/2026-06-09-combine-8models-gpu,results/2026-06-09-combine-8models-gpu/predictions/T1272s6/chai1/rank_001.pdb,results/2026-06-09-combine-8models-gpu/references/T1272s6.pdb,0.8082322551662173,27.518275712986156,0.4888,48.88,0.3675,0.4575,0.54,0.59,external_tmscore_matched,,0.55432,0.4888,48.88,True,0.36109,2.53,238,success,
T1272s7,9C3C,B,chai1,1,results/2026-06-09-combine-8models-gpu,results/2026-06-09-combine-8models-gpu/predictions/T1272s7/chai1/rank_001.pdb,results/2026-06-09-combine-8models-gpu/references/T1272s7.pdb,0.6281498673740054,22.904221527114995,0.2897,28.97,0.1103,0.2207,0.3586,0.469,external_tmscore_matched,,0.34822,0.2897,28.97,True,0.24837,5.66,101,success,
T1272s9,9C3C,n,chai1,1,results/2026-06-09-combine-8models-gpu,results/2026-06-09-combine-8models-gpu/predictions/T1272s9/chai1/rank_001.pdb,results/2026-06-09-combine-8models-gpu/references/T1272s9.pdb,0.8273952495329596,3.4484634036733954,0.77,77.0,0.4629,0.7486,0.9029,0.9657,external_tmscore_matched,,0.86076,0.77,77.0,True,0.64857,2.43,172,success,
T1280,9F5M,AAA,chai1,1,results/2026-06-09-combine-8models-gpu,results/2026-06-09-combine-8models-gpu/predictions/T1280/chai1/rank_001.pdb,results/2026-06-09-combine-8models-gpu/references/T1280.pdb,0.9600765098486082,0.8149952304309621,0.9754,97.54,0.9188,0.9829,1.0,1.0,external_tmscore_matched,,0.98564,0.9754,97.54,True,0.97332,0.7,234,success,
T1299,9FJL,A,chai1,1,results/2026-06-09-combine-8models-gpu,results/2026-06-09-combine-8models-gpu/predictions/T1299/chai1/rank_001.pdb,results/2026-06-09-combine-8models-gpu/references/T1299.pdb,0.9512277388019428,0.9813755536296596,0.9702,97.02,0.9107,0.9702,1.0,1.0,external_tmscore_matched,,0.96889,0.9702,97.02,True,0.96889,0.98,168,success,
T1104,7ROA,A,colabfold,1,results/2026-06-09-combine-8models-gpu,results/2026-06-09-combine-8models-gpu/predictions/T1104/colabfold/rank_001.pdb,results/2026-06-09-combine-8models-gpu/references/T1104.pdb,0.8793136139552522,1.553618708725804,0.9087,90.87,0.687,0.9652,0.9826,1.0,external_tmscore_matched,,0.92621,0.9087,90.87,True,0.91136,1.24,114,success,
T1106s1,7QIH,B,colabfold,1,results/2026-06-09-combine-8models-gpu,results/2026-06-09-combine-8models-gpu/predictions/T1106s1/colabfold/rank_001.pdb,results/2026-06-09-combine-8models-gpu/references/T1106s1.pdb,0.8775790921595599,4.8391121317190775,0.6937,69.37,0.4085,0.6479,0.8169,0.9014,external_tmscore_matched,,0.65232,0.6937,69.37,True,0.4207,2.81,64,success,
T1106s2,7QIH,A,colabfold,1,results/2026-06-09-combine-8models-gpu,results/2026-06-09-combine-8models-gpu/predictions/T1106s2/colabfold/rank_001.pdb,results/2026-06-09-combine-8models-gpu/references/T1106s2.pdb,0.9454325867369344,1.5130317142816758,0.9279,92.79,0.8018,0.9279,0.982,1.0,external_tmscore_matched,,0.92752,0.9279,92.79,True,0.90447,1.21,110,success,
T1112,8ORK,AAA,colabfold,1,results/2026-06-09-combine-8models-gpu,results/2026-06-09-combine-8models-gpu/predictions/T1112/colabfold/rank_001.pdb,results/2026-06-09-combine-8models-gpu/references/T1112.pdb,0.8873155335664932,3.3808568333801974,0.7718,77.18,0.5335,0.7232,0.8527,0.9777,external_tmscore_matched,,0.89162,0.7718,77.18,True,0.86974,2.65,438,success,
T1114s1,7UTD,Q,colabfold,1,results/2026-06-09-combine-8models-gpu,results/2026-06-09-combine-8models-gpu/predictions/T1114s1/colabfold/rank_001.pdb,results/2026-06-09-combine-8models-gpu/references/T1114s1.pdb,0.8596153846153847,11.820000953283367,0.6822,68.22,0.4237,0.5593,0.8644,0.8814,external_tmscore_matched,,0.65031,0.6822,68.22,True,0.26255,2.29,58,success,
T1114s2,7UTD,B,colabfold,1,results/2026-06-09-combine-8models-gpu,results/2026-06-09-combine-8models-gpu/predictions/T1114s2/colabfold/rank_001.pdb,results/2026-06-09-combine-8models-gpu/references/T1114s2.pdb,0.9124520207721832,1.1965832233984812,0.9208,92.08,0.7484,0.9441,0.9907,1.0,external_tmscore_matched,,0.97312,0.9208,92.08,True,0.85147,1.2,322,success,
T1114s3,7UTD,A,colabfold,1,results/2026-06-09-combine-8models-gpu,results/2026-06-09-combine-8models-gpu/predictions/T1114s3/colabfold/rank_001.pdb,results/2026-06-09-combine-8models-gpu/references/T1114s3.pdb,0.9351317589673428,0.9038321019691754,0.9614,96.14,0.8535,0.9941,0.998,1.0,external_tmscore_matched,,0.98888,0.9614,96.14,True,0.94672,0.9,512,success,
T1120,7QVB,B,colabfold,1,results/2026-06-09-combine-8models-gpu,results/2026-06-09-combine-8models-gpu/predictions/T1120/colabfold/rank_001.pdb,results/2026-06-09-combine-8models-gpu/references/T1120.pdb,0.8833448833448834,8.462119567584027,0.4836,48.36,0.3202,0.443,0.5219,0.6491,external_tmscore_matched,,0.50339,0.4836,48.36,True,0.4896,2.84,131,success,
T1122,8BBT,A,colabfold,1,results/2026-06-09-combine-8models-gpu,results/2026-06-09-combine-8models-gpu/predictions/T1122/colabfold/rank_001.pdb,results/2026-06-09-combine-8models-gpu/references/T1122.pdb,0.4571266968325792,19.431157305499127,0.2533,25.33,0.1391,0.1652,0.2913,0.4174,external_tmscore_matched,,0.38967,0.2533,25.33,True,0.37526,4.48,126,success,
T1129s2,8A8C,B,colabfold,1,results/2026-06-09-combine-8models-gpu,results/2026-06-09-combine-8models-gpu/predictions/T1129s2/colabfold/rank_001.pdb,results/2026-06-09-combine-8models-gpu/references/T1129s2.pdb,0.7001736111111111,3.640134743107573,0.7268,72.68,0.4261,0.6837,0.8409,0.9564,external_tmscore_matched,,0.90897,0.7268,72.68,True,0.75698,2.98,523,success,
T1133,8DYS,A,colabfold,1,results/2026-06-09-combine-8models-gpu,results/2026-06-09-combine-8models-gpu/predictions/T1133/colabfold/rank_001.pdb,results/2026-06-09-combine-8models-gpu/references/T1133.pdb,0.915733174180516,6.438561225885851,0.9303,93.03,0.8264,0.9364,0.9756,0.9829,external_tmscore_matched,,0.97994,0.9303,93.03,True,0.68841,1.12,409,success,
T1134s1,7UBZ,A,colabfold,1,results/2026-06-09-combine-8models-gpu,results/2026-06-09-combine-8models-gpu/predictions/T1134s1/colabfold/rank_001.pdb,results/2026-06-09-combine-8models-gpu/references/T1134s1.pdb,0.9398254276141772,0.9403603709204508,0.9489,94.89,0.8174,0.9783,1.0,1.0,external_tmscore_matched,,0.97581,0.9489,94.89,True,0.97581,0.94,230,success,
T1134s2,7UBZ,D,colabfold,1,results/2026-06-09-combine-8models-gpu,results/2026-06-09-combine-8models-gpu/predictions/T1134s2/colabfold/rank_001.pdb,results/2026-06-09-combine-8models-gpu/references/T1134s2.pdb,0.8317841759238269,6.551886444126927,0.8255,82.55,0.7277,0.8218,0.8564,0.896,external_tmscore_matched,,0.87164,0.8255,82.55,True,0.56987,1.7,186,success,
T1137s1,8FEF,A,colabfold,1,results/2026-06-09-combine-8models-gpu,results/2026-06-09-combine-8models-gpu/predictions/T1137s1/colabfold/rank_001.pdb,results/2026-06-09-combine-8models-gpu/references/T1137s1.pdb,0.8939336492890995,65.47768671811929,0.3316,33.160000000000004,0.227,0.3214,0.3724,0.4056,external_tmscore_matched,,0.37231,0.3316,33.160000000000004,True,0.35765,2.58,159,success,
T1137s2,8FEF,B,colabfold,1,results/2026-06-09-combine-8models-gpu,results/2026-06-09-combine-8models-gpu/predictions/T1137s2/colabfold/rank_001.pdb,results/2026-06-09-combine-8models-gpu/references/T1137s2.pdb,0.9307436309387194,39.9308881696988,0.3903,39.03,0.2925,0.3791,0.4388,0.4507,external_tmscore_matched,,0.42904,0.3903,39.03,True,0.41958,2.99,159,success,
T1137s3,8FEF,C,colabfold,1,results/2026-06-09-combine-8models-gpu,results/2026-06-09-combine-8models-gpu/predictions/T1137s3/colabfold/rank_001.pdb,results/2026-06-09-combine-8models-gpu/references/T1137s3.pdb,0.9010171173406104,53.012929366198655,0.3887,38.87,0.3,0.3226,0.4097,0.5226,external_tmscore_matched,,0.42969,0.3887,38.87,True,0.26882,4.28,168,success,
T1137s4,8FEF,D,colabfold,1,results/2026-06-09-combine-8models-gpu,results/2026-06-09-combine-8models-gpu/predictions/T1137s4/colabfold/rank_001.pdb,results/2026-06-09-combine-8models-gpu/references/T1137s4.pdb,0.855683836589698,62.931635414566216,0.3162,31.62,0.2442,0.2753,0.3247,0.4208,external_tmscore_matched,,0.35802,0.3162,31.62,True,0.26056,3.9,166,success,
T1137s5,8FEF,E,colabfold,1,results/2026-06-09-combine-8models-gpu,results/2026-06-09-combine-8models-gpu/predictions/T1137s5/colabfold/rank_001.pdb,results/2026-06-09-combine-8models-gpu/references/T1137s5.pdb,0.9137010676156584,26.979432776687148,0.3973,39.73,0.3045,0.3575,0.4106,0.5168,external_tmscore_matched,,0.44101,0.3973,39.73,True,0.40746,4.02,187,success,
T1137s6,8FEF,F,colabfold,1,results/2026-06-09-combine-8models-gpu,results/2026-06-09-combine-8models-gpu/predictions/T1137s6/colabfold/rank_001.pdb,results/2026-06-09-combine-8models-gpu/references/T1137s6.pdb,0.9005347108936016,25.571310230712797,0.3402,34.02,0.2281,0.3008,0.4035,0.4286,external_tmscore_matched,,0.3904,0.3402,34.02,True,0.30526,2.83,172,success,
T1137s7,8FEF,G,colabfold,1,results/2026-06-09-combine-8models-gpu,results/2026-06-09-combine-8models-gpu/predictions/T1137s7/colabfold/rank_001.pdb,results/2026-06-09-combine-8models-gpu/references/T1137s7.pdb,0.8810518073861412,13.980978169686916,0.862,86.2,0.6656,0.8963,0.9431,0.9431,external_tmscore_matched,,0.96483,0.862,86.2,True,0.44913,1.28,299,success,
T1137s8,8FEF,I,colabfold,1,results/2026-06-09-combine-8models-gpu,results/2026-06-09-combine-8models-gpu/predictions/T1137s8/colabfold/rank_001.pdb,results/2026-06-09-combine-8models-gpu/references/T1137s8.pdb,0.9339615202649424,1.2410568288545372,0.9259,92.59,0.7668,0.9486,0.9881,1.0,external_tmscore_matched,,0.96589,0.9259,92.59,True,0.91992,1.21,253,success,
T1137s9,8FEF,J,colabfold,1,results/2026-06-09-combine-8models-gpu,results/2026-06-09-combine-8models-gpu/predictions/T1137s9/colabfold/rank_001.pdb,results/2026-06-09-combine-8models-gpu/references/T1137s9.pdb,0.9351808905380334,1.5700057607503577,0.885,88.5,0.6426,0.9202,0.9772,1.0,external_tmscore_matched,,0.95026,0.885,88.5,True,0.86773,1.57,263,success,
T1145,7UWW,A,colabfold,1,results/2026-06-09-combine-8models-gpu,results/2026-06-09-combine-8models-gpu/predictions/T1145/colabfold/rank_001.pdb,results/2026-06-09-combine-8models-gpu/references/T1145.pdb,0.9117655513395424,4.428779633410169,0.7203,72.03,0.4715,0.6503,0.7816,0.9778,external_tmscore_matched,,0.85286,0.7203,72.03,True,0.84916,3.79,616,success,
T1147,8EM5,A,colabfold,1,results/2026-06-09-combine-8models-gpu,results/2026-06-09-combine-8models-gpu/predictions/T1147/colabfold/rank_001.pdb,results/2026-06-09-combine-8models-gpu/references/T1147.pdb,0.959887583035258,0.5576744004700349,0.9864,98.64,0.9457,1.0,1.0,1.0,external_tmscore_matched,,0.97614,0.9864,98.64,True,0.87439,0.56,92,success,
T1151s2,8D5V,A,colabfold,1,results/2026-06-09-combine-8models-gpu,results/2026-06-09-combine-8models-gpu/predictions/T1151s2/colabfold/rank_001.pdb,results/2026-06-09-combine-8models-gpu/references/T1151s2.pdb,0.8904109589041096,1.6370997241305338,0.9107,91.07,0.7262,0.9405,0.9762,1.0,external_tmscore_matched,,0.90415,0.9107,91.07,True,0.66967,1.63,84,success,
T1155,8PBV,A,colabfold,1,results/2026-06-09-combine-8models-gpu,results/2026-06-09-combine-8models-gpu/predictions/T1155/colabfold/rank_001.pdb,results/2026-06-09-combine-8models-gpu/references/T1155.pdb,0.5967113803548247,7.3348918645829375,0.5668,56.68,0.2931,0.4569,0.6552,0.8621,external_tmscore_matched,,0.62279,0.5668,56.68,True,0.62279,3.49,100,success,
T1157s2,8PKO,B,colabfold,1,results/2026-06-09-combine-8models-gpu,results/2026-06-09-combine-8models-gpu/predictions/T1157s2/colabfold/rank_001.pdb,results/2026-06-09-combine-8models-gpu/references/T1157s2.pdb,0.9006993006993007,8.195218928944744,0.5151,51.51,0.2737,0.3233,0.6832,0.7802,external_tmscore_matched,,0.70176,0.5151,51.51,True,0.66308,4.02,394,success,
T1159,7PZT,A,colabfold,1,results/2026-06-09-combine-8models-gpu,results/2026-06-09-combine-8models-gpu/predictions/T1159/colabfold/rank_001.pdb,results/2026-06-09-combine-8models-gpu/references/T1159.pdb,0.9600496277915632,0.6911432697608826,0.9719,97.19,0.8875,1.0,1.0,1.0,external_tmscore_matched,,0.97985,0.9719,97.19,True,0.97985,0.69,160,success,
T1183,8IFX,B,colabfold,1,results/2026-06-09-combine-8models-gpu,results/2026-06-09-combine-8models-gpu/predictions/T1183/colabfold/rank_001.pdb,results/2026-06-09-combine-8models-gpu/references/T1183.pdb,0.9604093446351044,0.6415415393293812,0.9808,98.08,0.9231,1.0,1.0,1.0,external_tmscore_matched,,0.98568,0.9808,98.08,True,0.96136,0.64,195,success,
T1185s1,8OUY,A,colabfold,1,results/2026-06-09-combine-8models-gpu,results/2026-06-09-combine-8models-gpu/predictions/T1185s1/colabfold/rank_001.pdb,results/2026-06-09-combine-8models-gpu/references/T1185s1.pdb,0.8642034548944337,8.55703240076227,0.8571,85.71,0.8143,0.8714,0.8714,0.8714,external_tmscore_matched,,0.8677,0.8571,85.71,True,0.18946,1.6,69,success,
T1185s2,8OUY,B,colabfold,1,results/2026-06-09-combine-8models-gpu,results/2026-06-09-combine-8models-gpu/predictions/T1185s2/colabfold/rank_001.pdb,results/2026-06-09-combine-8models-gpu/references/T1185s2.pdb,0.8553423890211455,4.984910472263214,0.7468,74.68,0.607,0.7093,0.7764,0.8946,external_tmscore_matched,,0.84782,0.7468,74.68,True,0.71383,3.31,301,success,
T1185s4,8OUY,D,colabfold,1,results/2026-06-09-combine-8models-gpu,results/2026-06-09-combine-8models-gpu/predictions/T1185s4/colabfold/rank_001.pdb,results/2026-06-09-combine-8models-gpu/references/T1185s4.pdb,0.8731281198003328,1.3745125229022013,0.9284,92.84,0.7863,0.9444,0.9829,1.0,external_tmscore_matched,,0.9631,0.9284,92.84,True,0.8088,1.24,234,success,
T1194,8OKH,A,colabfold,1,results/2026-06-09-combine-8models-gpu,results/2026-06-09-combine-8models-gpu/predictions/T1194/colabfold/rank_001.pdb,results/2026-06-09-combine-8models-gpu/references/T1194.pdb,0.9597229348383788,0.7069294856873194,0.9771,97.71,0.9207,0.9878,1.0,1.0,external_tmscore_matched,,0.98361,0.9771,97.71,True,0.96056,0.63,164,success,
T1212,9B0L,P,colabfold,1,results/2026-06-09-combine-8models-gpu,results/2026-06-09-combine-8models-gpu/predictions/T1212/colabfold/rank_001.pdb,results/2026-06-09-combine-8models-gpu/references/T1212.pdb,0.9197491006364726,1.76672307152841,0.816,81.6,0.485,0.8026,0.9764,1.0,external_tmscore_matched,,0.95575,0.816,81.6,True,0.95575,1.77,466,success,
T1227s1,9N8W,A,colabfold,1,results/2026-06-09-combine-8models-gpu,results/2026-06-09-combine-8models-gpu/predictions/T1227s1/colabfold/rank_001.pdb,results/2026-06-09-combine-8models-gpu/references/T1227s1.pdb,0.9104715815485996,1.1145552665799312,0.9203,92.03,0.7347,0.9515,0.9949,1.0,external_tmscore_matched,,0.97816,0.9203,92.03,True,0.89929,1.11,392,success,
T1266,8QFB,A,colabfold,1,results/2026-06-09-combine-8models-gpu,results/2026-06-09-combine-8models-gpu/predictions/T1266/colabfold/rank_001.pdb,results/2026-06-09-combine-8models-gpu/references/T1266.pdb,0.9366494284158956,1.1775240411648,0.8935,89.35,0.6007,0.9732,1.0,1.0,external_tmscore_matched,,0.96764,0.8935,89.35,True,0.86096,1.18,298,success,
T1272s2,9C3C,a,colabfold,1,results/2026-06-09-combine-8models-gpu,results/2026-06-09-combine-8models-gpu/predictions/T1272s2/colabfold/rank_001.pdb,results/2026-06-09-combine-8models-gpu/references/T1272s2.pdb,0.8712911346880058,40.535237141342975,0.6585,65.85,0.5237,0.6688,0.7098,0.7319,external_tmscore_matched,,0.70801,0.6585,65.85,True,0.6205,1.42,233,success,
T1272s3,9C3C,b,colabfold,1,results/2026-06-09-combine-8models-gpu,results/2026-06-09-combine-8models-gpu/predictions/T1272s3/colabfold/rank_001.pdb,results/2026-06-09-combine-8models-gpu/references/T1272s3.pdb,0.8090598633989554,10.955357218419442,0.2576,25.76,0.1298,0.1718,0.2557,0.4733,external_tmscore_matched,,0.47826,0.2576,25.76,True,0.41439,5.28,197,success,
T1272s4,9C3C,d,colabfold,1,results/2026-06-09-combine-8models-gpu,results/2026-06-09-combine-8models-gpu/predictions/T1272s4/colabfold/rank_001.pdb,results/2026-06-09-combine-8models-gpu/references/T1272s4.pdb,0.8394937725994375,12.880651671634403,0.2844,28.44,0.1375,0.2305,0.316,0.4535,external_tmscore_matched,,0.47669,0.2844,28.44,True,0.45098,5.64,197,success,
T1272s5,9C3C,g,colabfold,1,results/2026-06-09-combine-8models-gpu,results/2026-06-09-combine-8models-gpu/predictions/T1272s5/colabfold/rank_001.pdb,results/2026-06-09-combine-8models-gpu/references/T1272s5.pdb,0.8431254996003197,11.727927183193964,0.2964,29.64,0.1098,0.2311,0.3485,0.4962,external_tmscore_matched,,0.46873,0.2964,29.64,True,0.43499,5.09,184,success,
T1272s6,9C3C,A,colabfold,1,results/2026-06-09-combine-8models-gpu,results/2026-06-09-combine-8models-gpu/predictions/T1272s6/colabfold/rank_001.pdb,results/2026-06-09-combine-8models-gpu/references/T1272s6.pdb,0.8695249326145553,20.132599900935134,0.5413,54.13,0.48,0.53,0.5575,0.5975,external_tmscore_matched,,0.5932,0.5413,54.13,True,0.38619,3.01,257,success,
T1272s7,9C3C,B,colabfold,1,results/2026-06-09-combine-8models-gpu,results/2026-06-09-combine-8models-gpu/predictions/T1272s7/colabfold/rank_001.pdb,results/2026-06-09-combine-8models-gpu/references/T1272s7.pdb,0.7531498673740054,34.25162117229652,0.3828,38.28,0.1862,0.4,0.4621,0.4828,external_tmscore_matched,,0.50708,0.3828,38.28,True,0.32526,3.23,94,success,
T1272s9,9C3C,n,colabfold,1,results/2026-06-09-combine-8models-gpu,results/2026-06-09-combine-8models-gpu/predictions/T1272s9/colabfold/rank_001.pdb,results/2026-06-09-combine-8models-gpu/references/T1272s9.pdb,0.8606885508406725,1.9671213369862648,0.8829,88.29,0.6571,0.9086,0.9714,0.9943,external_tmscore_matched,,0.93367,0.8829,88.29,True,0.69563,1.5,174,success,
T1280,9F5M,AAA,colabfold,1,results/2026-06-09-combine-8models-gpu,results/2026-06-09-combine-8models-gpu/predictions/T1280/colabfold/rank_001.pdb,results/2026-06-09-combine-8models-gpu/references/T1280.pdb,0.9444489663031091,0.882887563217993,0.953,95.3,0.8248,0.9872,1.0,1.0,external_tmscore_matched,,0.98141,0.953,95.3,True,0.96919,0.8,234,success,
T1299,9FJL,A,colabfold,1,results/2026-06-09-combine-8models-gpu,results/2026-06-09-combine-8models-gpu/predictions/T1299/colabfold/rank_001.pdb,results/2026-06-09-combine-8models-gpu/references/T1299.pdb,0.9499460334592552,0.8880505396446322,0.9598,95.98,0.8571,0.9821,1.0,1.0,external_tmscore_matched,,0.97081,0.9598,95.98,True,0.97081,0.89,168,success,
T1104,7ROA,A,openfold,1,results/2026-06-09-combine-8models-gpu,results/2026-06-09-combine-8models-gpu/predictions/T1104/openfold/rank_001.pdb,results/2026-06-09-combine-8models-gpu/references/T1104.pdb,0.8754266211604095,1.5462186901350312,0.9043,90.43,0.6696,0.9652,0.9826,1.0,external_tmscore_matched,,0.92349,0.9043,90.43,True,0.90874,1.25,114,success,
T1106s1,7QIH,B,openfold,1,results/2026-06-09-combine-8models-gpu,results/2026-06-09-combine-8models-gpu/predictions/T1106s1/openfold/rank_001.pdb,results/2026-06-09-combine-8models-gpu/references/T1106s1.pdb,0.8727647867950481,4.282800148122958,0.7183,71.83,0.4225,0.662,0.8169,0.9718,external_tmscore_matched,,0.68409,0.7183,71.83,True,0.44004,2.74,67,success,
T1106s2,7QIH,A,openfold,1,results/2026-06-09-combine-8models-gpu,results/2026-06-09-combine-8models-gpu/predictions/T1106s2/openfold/rank_001.pdb,results/2026-06-09-combine-8models-gpu/references/T1106s2.pdb,0.9459815546772068,1.4994722212234837,0.9234,92.34,0.7928,0.9279,0.973,1.0,external_tmscore_matched,,0.92805,0.9234,92.34,True,0.905,1.2,110,success,
T1112,8ORK,AAA,openfold,1,results/2026-06-09-combine-8models-gpu,results/2026-06-09-combine-8models-gpu/predictions/T1112/openfold/rank_001.pdb,results/2026-06-09-combine-8models-gpu/references/T1112.pdb,0.8873155335664933,3.196555905446161,0.7723,77.23,0.5089,0.7121,0.8817,0.9866,external_tmscore_matched,,0.89794,0.7723,77.23,True,0.876,2.7,443,success,
T1114s1,7UTD,Q,openfold,1,results/2026-06-09-combine-8models-gpu,results/2026-06-09-combine-8models-gpu/predictions/T1114s1/openfold/rank_001.pdb,results/2026-06-09-combine-8models-gpu/references/T1114s1.pdb,0.8668269230769231,12.727596903719968,0.7373,73.72999999999999,0.4915,0.6949,0.8814,0.8814,external_tmscore_matched,,0.77226,0.7373,73.72999999999999,True,0.28677,1.6,59,success,
T1114s2,7UTD,B,openfold,1,results/2026-06-09-combine-8models-gpu,results/2026-06-09-combine-8models-gpu/predictions/T1114s2/openfold/rank_001.pdb,results/2026-06-09-combine-8models-gpu/references/T1114s2.pdb,0.9101095055317228,1.1968848169832678,0.9169,91.69,0.7236,0.9503,0.9938,1.0,external_tmscore_matched,,0.97195,0.9169,91.69,True,0.8506,1.2,322,success,
T1114s3,7UTD,A,openfold,1,results/2026-06-09-combine-8models-gpu,results/2026-06-09-combine-8models-gpu/predictions/T1114s3/openfold/rank_001.pdb,results/2026-06-09-combine-8models-gpu/references/T1114s3.pdb,0.9375408958420082,0.8949613398318922,0.9648,96.48,0.8711,0.9922,0.9961,1.0,external_tmscore_matched,,0.98919,0.9648,96.48,True,0.94701,0.89,512,success,
T1120,7QVB,B,openfold,1,results/2026-06-09-combine-8models-gpu,results/2026-06-09-combine-8models-gpu/predictions/T1120/openfold/rank_001.pdb,results/2026-06-09-combine-8models-gpu/references/T1120.pdb,0.8864056364056364,8.262257954278796,0.477,47.7,0.2982,0.4474,0.5219,0.6404,external_tmscore_matched,,0.51149,0.477,47.7,True,0.4973,2.72,131,success,
T1122,8BBT,A,openfold,1,results/2026-06-09-combine-8models-gpu,results/2026-06-09-combine-8models-gpu/predictions/T1122/openfold/rank_001.pdb,results/2026-06-09-combine-8models-gpu/references/T1122.pdb,0.400339366515837,20.76635287778571,0.2283,22.83,0.1087,0.1435,0.2217,0.4391,external_tmscore_matched,,0.37924,0.2283,22.83,True,0.365,5.15,125,success,
T1129s2,8A8C,B,openfold,1,results/2026-06-09-combine-8models-gpu,results/2026-06-09-combine-8models-gpu/predictions/T1129s2/openfold/rank_001.pdb,results/2026-06-09-combine-8models-gpu/references/T1129s2.pdb,0.6904224537037037,4.4587539572351895,0.6932,69.32000000000001,0.4148,0.6042,0.8068,0.947,external_tmscore_matched,,0.87691,0.6932,69.32000000000001,True,0.73262,3.34,518,success,
T1133,8DYS,A,openfold,1,results/2026-06-09-combine-8models-gpu,results/2026-06-09-combine-8models-gpu/predictions/T1133/openfold/rank_001.pdb,results/2026-06-09-combine-8models-gpu/references/T1133.pdb,0.915962721513176,7.414814200342612,0.9254,92.54,0.8117,0.9364,0.9707,0.9829,external_tmscore_matched,,0.97933,0.9254,92.54,True,0.68809,1.14,409,success,
T1134s1,7UBZ,A,openfold,1,results/2026-06-09-combine-8models-gpu,results/2026-06-09-combine-8models-gpu/predictions/T1134s1/openfold/rank_001.pdb,results/2026-06-09-combine-8models-gpu/references/T1134s1.pdb,0.9389437488979016,0.9520511983747214,0.9511,95.11,0.8217,0.9826,1.0,1.0,external_tmscore_matched,,0.97541,0.9511,95.11,True,0.97541,0.95,230,success,
T1134s2,7UBZ,D,openfold,1,results/2026-06-09-combine-8models-gpu,results/2026-06-09-combine-8models-gpu/predictions/T1134s2/openfold/rank_001.pdb,results/2026-06-09-combine-8models-gpu/references/T1134s2.pdb,0.8328043527544774,6.568416096245846,0.8267,82.67,0.7376,0.8267,0.8515,0.8911,external_tmscore_matched,,0.87158,0.8267,82.67,True,0.56963,1.74,186,success,
T1137s1,8FEF,A,openfold,1,results/2026-06-09-combine-8models-gpu,results/2026-06-09-combine-8models-gpu/predictions/T1137s1/openfold/rank_001.pdb,results/2026-06-09-combine-8models-gpu/references/T1137s1.pdb,0.9001421800947866,67.63584035743771,0.3227,32.27,0.2372,0.2883,0.3597,0.4056,external_tmscore_matched,,0.3517,0.3227,32.27,True,0.338,2.81,153,success,
T1137s2,8FEF,B,openfold,1,results/2026-06-09-combine-8models-gpu,results/2026-06-09-combine-8models-gpu/predictions/T1137s2/openfold/rank_001.pdb,results/2026-06-09-combine-8models-gpu/references/T1137s2.pdb,0.9382602708285518,38.58209555347168,0.3903,39.03,0.3015,0.3791,0.4328,0.4478,external_tmscore_matched,,0.43276,0.3903,39.03,True,0.42326,3.32,163,success,
T1137s3,8FEF,C,openfold,1,results/2026-06-09-combine-8models-gpu,results/2026-06-09-combine-8models-gpu/predictions/T1137s3/openfold/rank_001.pdb,results/2026-06-09-combine-8models-gpu/references/T1137s3.pdb,0.8964276854378567,52.11555922669392,0.3718,37.18,0.3,0.3194,0.3645,0.5032,external_tmscore_matched,,0.41668,0.3718,37.18,True,0.25843,3.71,156,success,
T1137s4,8FEF,D,openfold,1,results/2026-06-09-combine-8models-gpu,results/2026-06-09-combine-8models-gpu/predictions/T1137s4/openfold/rank_001.pdb,results/2026-06-09-combine-8models-gpu/references/T1137s4.pdb,0.8552397868561279,63.8793444060247,0.3,30.0,0.239,0.2779,0.3091,0.374,external_tmscore_matched,,0.32707,0.3,30.0,True,0.2362,3.8,147,success,
T1137s5,8FEF,E,openfold,1,results/2026-06-09-combine-8models-gpu,results/2026-06-09-combine-8models-gpu/predictions/T1137s5/openfold/rank_001.pdb,results/2026-06-09-combine-8models-gpu/references/T1137s5.pdb,0.922844998022934,25.312798236153935,0.3987,39.87,0.2933,0.3659,0.4078,0.5279,external_tmscore_matched,,0.45113,0.3987,39.87,True,0.41776,4.57,203,success,
T1137s6,8FEF,F,openfold,1,results/2026-06-09-combine-8models-gpu,results/2026-06-09-combine-8models-gpu/predictions/T1137s6/openfold/rank_001.pdb,results/2026-06-09-combine-8models-gpu/references/T1137s6.pdb,0.9022113467464202,19.84716331664225,0.3377,33.77,0.2206,0.3033,0.401,0.4261,external_tmscore_matched,,0.39697,0.3377,33.77,True,0.31083,3.15,177,success,
T1137s7,8FEF,G,openfold,1,results/2026-06-09-combine-8models-gpu,results/2026-06-09-combine-8models-gpu/predictions/T1137s7/openfold/rank_001.pdb,results/2026-06-09-combine-8models-gpu/references/T1137s7.pdb,0.8754078037322197,14.08515386782293,0.8595,85.95,0.6622,0.8896,0.9431,0.9431,external_tmscore_matched,,0.96214,0.8595,85.95,True,0.44845,1.32,299,success,
T1137s8,8FEF,I,openfold,1,results/2026-06-09-combine-8models-gpu,results/2026-06-09-combine-8models-gpu/predictions/T1137s8/openfold/rank_001.pdb,results/2026-06-09-combine-8models-gpu/references/T1137s8.pdb,0.9368790411607002,1.1309043431917876,0.9358,93.58,0.7945,0.9526,0.996,1.0,external_tmscore_matched,,0.97168,0.9358,93.58,True,0.92523,1.1,253,success,
T1137s9,8FEF,J,openfold,1,results/2026-06-09-combine-8models-gpu,results/2026-06-09-combine-8models-gpu/predictions/T1137s9/openfold/rank_001.pdb,results/2026-06-09-combine-8models-gpu/references/T1137s9.pdb,0.9351422387136672,1.6289943498823003,0.8897,88.97,0.6616,0.924,0.9734,1.0,external_tmscore_matched,,0.9485,0.8897,88.97,True,0.86617,1.63,263,success,
T1145,7UWW,A,openfold,1,results/2026-06-09-combine-8models-gpu,results/2026-06-09-combine-8models-gpu/predictions/T1145/openfold/rank_001.pdb,results/2026-06-09-combine-8models-gpu/references/T1145.pdb,0.9198143037829136,4.043748100644423,0.7294,72.94,0.4699,0.6614,0.7991,0.9873,external_tmscore_matched,,0.86834,0.7294,72.94,True,0.86454,3.51,618,success,
T1147,8EM5,A,openfold,1,results/2026-06-09-combine-8models-gpu,results/2026-06-09-combine-8models-gpu/predictions/T1147/openfold/rank_001.pdb,results/2026-06-09-combine-8models-gpu/references/T1147.pdb,0.9580991313234544,0.5698741604050759,0.9864,98.64,0.9457,1.0,1.0,1.0,external_tmscore_matched,,0.97505,0.9864,98.64,True,0.87354,0.57,92,success,
T1151s2,8D5V,A,openfold,1,results/2026-06-09-combine-8models-gpu,results/2026-06-09-combine-8models-gpu/predictions/T1151s2/openfold/rank_001.pdb,results/2026-06-09-combine-8models-gpu/references/T1151s2.pdb,0.8866749688667497,1.6805297163867254,0.9137,91.37,0.7381,0.9286,0.9881,1.0,external_tmscore_matched,,0.89216,0.9137,91.37,True,0.66275,1.68,84,success,
T1155,8PBV,A,openfold,1,results/2026-06-09-combine-8models-gpu,results/2026-06-09-combine-8models-gpu/predictions/T1155/openfold/rank_001.pdb,results/2026-06-09-combine-8models-gpu/references/T1155.pdb,0.6118563392470793,7.4216061204606705,0.5862,58.620000000000005,0.3103,0.4741,0.6897,0.8707,external_tmscore_matched,,0.62886,0.5862,58.620000000000005,True,0.62886,3.27,102,success,
T1157s2,8PKO,B,openfold,1,results/2026-06-09-combine-8models-gpu,results/2026-06-09-combine-8models-gpu/predictions/T1157s2/openfold/rank_001.pdb,results/2026-06-09-combine-8models-gpu/references/T1157s2.pdb,0.9056643356643356,9.014849320454974,0.5081,50.81,0.2672,0.3276,0.6659,0.7716,external_tmscore_matched,,0.70291,0.5081,50.81,True,0.66392,3.9,391,success,
T1159,7PZT,A,openfold,1,results/2026-06-09-combine-8models-gpu,results/2026-06-09-combine-8models-gpu/predictions/T1159/openfold/rank_001.pdb,results/2026-06-09-combine-8models-gpu/references/T1159.pdb,0.9612282878411912,0.6823981829252173,0.9703,97.03,0.8875,0.9938,1.0,1.0,external_tmscore_matched,,0.98038,0.9703,97.03,True,0.98038,0.68,160,success,
T1183,8IFX,B,openfold,1,results/2026-06-09-combine-8models-gpu,results/2026-06-09-combine-8models-gpu/predictions/T1183/openfold/rank_001.pdb,results/2026-06-09-combine-8models-gpu/references/T1183.pdb,0.9503824684721937,0.7788609550986753,0.9692,96.92,0.8923,0.9846,1.0,1.0,external_tmscore_matched,,0.98044,0.9692,96.92,True,0.95634,0.78,195,success,
T1185s1,8OUY,A,openfold,1,results/2026-06-09-combine-8models-gpu,results/2026-06-09-combine-8models-gpu/predictions/T1185s1/openfold/rank_001.pdb,results/2026-06-09-combine-8models-gpu/references/T1185s1.pdb,0.8646833013435701,8.484627245199295,0.85,85.0,0.7857,0.8714,0.8714,0.8714,external_tmscore_matched,,0.84261,0.85,85.0,True,0.18347,1.65,67,success,
T1185s2,8OUY,B,openfold,1,results/2026-06-09-combine-8models-gpu,results/2026-06-09-combine-8models-gpu/predictions/T1185s2/openfold/rank_001.pdb,results/2026-06-09-combine-8models-gpu/references/T1185s2.pdb,0.8524366335247163,5.077379779286955,0.7444,74.44,0.5974,0.7125,0.7891,0.8786,external_tmscore_matched,,0.85514,0.7444,74.44,True,0.71973,3.11,301,success,
T1185s4,8OUY,D,openfold,1,results/2026-06-09-combine-8models-gpu,results/2026-06-09-combine-8models-gpu/predictions/T1185s4/openfold/rank_001.pdb,results/2026-06-09-combine-8models-gpu/references/T1185s4.pdb,0.8757163985949343,1.502157245425123,0.9263,92.63,0.7778,0.9487,0.9786,1.0,external_tmscore_matched,,0.96134,0.9263,92.63,True,0.80721,1.39,234,success,
T1194,8OKH,A,openfold,1,results/2026-06-09-combine-8models-gpu,results/2026-06-09-combine-8models-gpu/predictions/T1194/openfold/rank_001.pdb,results/2026-06-09-combine-8models-gpu/references/T1194.pdb,0.9647255002565418,0.7028920624600894,0.9787,97.87,0.9268,0.9878,1.0,1.0,external_tmscore_matched,,0.98515,0.9787,97.87,True,0.96202,0.61,164,success,
T1212,9B0L,P,openfold,1,results/2026-06-09-combine-8models-gpu,results/2026-06-09-combine-8models-gpu/predictions/T1212/openfold/rank_001.pdb,results/2026-06-09-combine-8models-gpu/references/T1212.pdb,0.9307490083940596,1.591829578490522,0.8492,84.92,0.5429,0.8691,0.985,1.0,external_tmscore_matched,,0.96455,0.8492,84.92,True,0.96455,1.59,466,success,
T1227s1,9N8W,A,openfold,1,results/2026-06-09-combine-8models-gpu,results/2026-06-09-combine-8models-gpu/predictions/T1227s1/openfold/rank_001.pdb,results/2026-06-09-combine-8models-gpu/references/T1227s1.pdb,0.9098795304777596,1.1562115676979252,0.9177,91.77,0.7347,0.9439,0.9923,1.0,external_tmscore_matched,,0.97662,0.9177,91.77,True,0.89796,1.16,392,success,
T1266,8QFB,A,openfold,1,results/2026-06-09-combine-8models-gpu,results/2026-06-09-combine-8models-gpu/predictions/T1266/openfold/rank_001.pdb,results/2026-06-09-combine-8models-gpu/references/T1266.pdb,0.9423312465977136,1.1161454078233055,0.9052,90.52,0.6477,0.9732,1.0,1.0,external_tmscore_matched,,0.97075,0.9052,90.52,True,0.86347,1.12,298,success,
T1272s2,9C3C,a,openfold,1,results/2026-06-09-combine-8models-gpu,results/2026-06-09-combine-8models-gpu/predictions/T1272s2/openfold/rank_001.pdb,results/2026-06-09-combine-8models-gpu/references/T1272s2.pdb,0.860591620212192,41.18169237985639,0.6538,65.38000000000001,0.5237,0.6562,0.7035,0.7319,external_tmscore_matched,,0.70411,0.6538,65.38000000000001,True,0.61734,1.54,233,success,
T1272s3,9C3C,b,openfold,1,results/2026-06-09-combine-8models-gpu,results/2026-06-09-combine-8models-gpu/predictions/T1272s3/openfold/rank_001.pdb,results/2026-06-09-combine-8models-gpu/references/T1272s3.pdb,0.7961028525512255,14.03325522523702,0.2634,26.340000000000003,0.1412,0.1794,0.2595,0.4733,external_tmscore_matched,,0.4694,0.2634,26.340000000000003,True,0.40421,5.01,183,success,
T1272s4,9C3C,d,openfold,1,results/2026-06-09-combine-8models-gpu,results/2026-06-09-combine-8models-gpu/predictions/T1272s4/openfold/rank_001.pdb,results/2026-06-09-combine-8models-gpu/references/T1272s4.pdb,0.8580755323423062,10.939006548847146,0.3783,37.830000000000005,0.1487,0.29,0.461,0.6134,external_tmscore_matched,,0.49598,0.3783,37.830000000000005,True,0.46793,4.39,183,success,
T1272s5,9C3C,g,openfold,1,results/2026-06-09-combine-8models-gpu,results/2026-06-09-combine-8models-gpu/predictions/T1272s5/openfold/rank_001.pdb,results/2026-06-09-combine-8models-gpu/references/T1272s5.pdb,0.8406274980015987,11.270051748812929,0.3627,36.27,0.1553,0.3106,0.3826,0.6023,external_tmscore_matched,,0.47059,0.3627,36.27,True,0.43889,6.13,212,success,
T1272s6,9C3C,A,openfold,1,results/2026-06-09-combine-8models-gpu,results/2026-06-09-combine-8models-gpu/predictions/T1272s6/openfold/rank_001.pdb,results/2026-06-09-combine-8models-gpu/references/T1272s6.pdb,0.8633479335130279,19.476473867306726,0.5394,53.94,0.4825,0.5325,0.5525,0.59,external_tmscore_matched,,0.59591,0.5394,53.94,True,0.38773,2.85,257,success,
T1272s7,9C3C,B,openfold,1,results/2026-06-09-combine-8models-gpu,results/2026-06-09-combine-8models-gpu/predictions/T1272s7/openfold/rank_001.pdb,results/2026-06-09-combine-8models-gpu/references/T1272s7.pdb,0.7606100795755968,25.462039918015595,0.3897,38.97,0.2069,0.4,0.469,0.4828,external_tmscore_matched,,0.47664,0.3897,38.97,True,0.30575,3.91,92,success,
T1272s9,9C3C,n,openfold,1,results/2026-06-09-combine-8models-gpu,results/2026-06-09-combine-8models-gpu/predictions/T1272s9/openfold/rank_001.pdb,results/2026-06-09-combine-8models-gpu/references/T1272s9.pdb,0.8796370429677075,1.734039840302645,0.9171,91.71,0.7943,0.9086,0.9657,1.0,external_tmscore_matched,,0.94086,0.9171,91.71,True,0.69965,1.59,175,success,
T1280,9F5M,AAA,openfold,1,results/2026-06-09-combine-8models-gpu,results/2026-06-09-combine-8models-gpu/predictions/T1280/openfold/rank_001.pdb,results/2026-06-09-combine-8models-gpu/references/T1280.pdb,0.9244261761354388,1.1677637592026366,0.9327,93.27,0.7821,0.953,0.9957,1.0,external_tmscore_matched,,0.96866,0.9327,93.27,True,0.95671,1.11,234,success,
T1299,9FJL,A,openfold,1,results/2026-06-09-combine-8models-gpu,results/2026-06-09-combine-8models-gpu/predictions/T1299/openfold/rank_001.pdb,results/2026-06-09-combine-8models-gpu/references/T1299.pdb,0.9502158661629788,0.937775765797083,0.9583,95.83,0.8571,0.9762,1.0,1.0,external_tmscore_matched,,0.96889,0.9583,95.83,True,0.96889,0.94,168,success,
T1104,7ROA,A,protenix,1,results/2026-06-09-combine-8models-gpu,results/2026-06-09-combine-8models-gpu/predictions/T1104/protenix/rank_001.pdb,results/2026-06-09-combine-8models-gpu/references/T1104.pdb,0.7916192643155102,3.628345231823239,0.8152,81.52000000000001,0.5739,0.8261,0.8957,0.9652,external_tmscore_matched,,0.83481,0.8152,81.52000000000001,True,0.8218,2.22,109,success,
T1106s1,7QIH,B,protenix,1,results/2026-06-09-combine-8models-gpu,results/2026-06-09-combine-8models-gpu/predictions/T1106s1/protenix/rank_001.pdb,results/2026-06-09-combine-8models-gpu/references/T1106s1.pdb,0.8892709766162311,10.03267306862216,0.6549,65.49000000000001,0.4366,0.6338,0.7324,0.8169,external_tmscore_matched,,0.6074,0.6549,65.49000000000001,True,0.38621,2.19,55,success,
T1106s2,7QIH,A,protenix,1,results/2026-06-09-combine-8models-gpu,results/2026-06-09-combine-8models-gpu/predictions/T1106s2/protenix/rank_001.pdb,results/2026-06-09-combine-8models-gpu/references/T1106s2.pdb,0.9541062801932368,1.5229938045040714,0.9459,94.59,0.8559,0.955,0.973,1.0,external_tmscore_matched,,0.94415,0.9459,94.59,True,0.92023,1.19,110,success,
T1112,8ORK,AAA,protenix,1,results/2026-06-09-combine-8models-gpu,results/2026-06-09-combine-8models-gpu/predictions/T1112/protenix/rank_001.pdb,results/2026-06-09-combine-8models-gpu/references/T1112.pdb,0.8919005374051011,3.063812625660104,0.76,76.0,0.4554,0.7076,0.8884,0.9888,external_tmscore_matched,,0.904,0.76,76.0,True,0.88184,2.58,443,success,
T1114s1,7UTD,Q,protenix,1,results/2026-06-09-combine-8models-gpu,results/2026-06-09-combine-8models-gpu/predictions/T1114s1/protenix/rank_001.pdb,results/2026-06-09-combine-8models-gpu/references/T1114s1.pdb,0.8302884615384615,11.183106924595346,0.5763,57.63,0.4237,0.5085,0.6271,0.7458,external_tmscore_matched,,0.51656,0.5763,57.63,True,0.18846,2.64,41,success,
T1114s2,7UTD,B,protenix,1,results/2026-06-09-combine-8models-gpu,results/2026-06-09-combine-8models-gpu/predictions/T1114s2/protenix/rank_001.pdb,results/2026-06-09-combine-8models-gpu/references/T1114s2.pdb,0.9404775344321517,1.0503553703796058,0.9573,95.73,0.8696,0.9658,0.9938,1.0,external_tmscore_matched,,0.98136,0.9573,95.73,True,0.85789,1.05,322,success,
T1114s3,7UTD,A,protenix,1,results/2026-06-09-combine-8models-gpu,results/2026-06-09-combine-8models-gpu/predictions/T1114s3/protenix/rank_001.pdb,results/2026-06-09-combine-8models-gpu/references/T1114s3.pdb,0.9373178276128724,1.7940993099557914,0.9653,96.53,0.8984,0.9805,0.9902,0.9922,external_tmscore_matched,,0.98301,0.9653,96.53,True,0.94104,0.84,508,success,
T1120,7QVB,B,protenix,1,results/2026-06-09-combine-8models-gpu,results/2026-06-09-combine-8models-gpu/predictions/T1120/protenix/rank_001.pdb,results/2026-06-09-combine-8models-gpu/references/T1120.pdb,0.9184569184569183,8.107223662856427,0.523,52.3,0.3772,0.5044,0.5219,0.6886,external_tmscore_matched,,0.52212,0.523,52.3,True,0.50726,2.79,131,success,
T1122,8BBT,A,protenix,1,results/2026-06-09-combine-8models-gpu,results/2026-06-09-combine-8models-gpu/predictions/T1122/protenix/rank_001.pdb,results/2026-06-09-combine-8models-gpu/references/T1122.pdb,0.4489819004524887,19.74106502402421,0.213,21.3,0.1043,0.1435,0.213,0.3913,external_tmscore_matched,,0.3107,0.213,21.3,True,0.30054,5.7,120,success,
T1129s2,8A8C,B,protenix,1,results/2026-06-09-combine-8models-gpu,results/2026-06-09-combine-8models-gpu/predictions/T1129s2/protenix/rank_001.pdb,results/2026-06-09-combine-8models-gpu/references/T1129s2.pdb,0.6637008101851852,4.612226832092522,0.6723,67.23,0.428,0.608,0.7462,0.9072,external_tmscore_matched,,0.86829,0.6723,67.23,True,0.72516,3.58,516,success,
T1133,8DYS,A,protenix,1,results/2026-06-09-combine-8models-gpu,results/2026-06-09-combine-8models-gpu/predictions/T1133/protenix/rank_001.pdb,results/2026-06-09-combine-8models-gpu/references/T1133.pdb,0.9288173721421356,6.551496898861971,0.9377,93.77,0.8606,0.934,0.9731,0.9829,external_tmscore_matched,,0.98336,0.9377,93.77,True,0.69015,1.05,409,success,
T1134s1,7UBZ,A,protenix,1,results/2026-06-09-combine-8models-gpu,results/2026-06-09-combine-8models-gpu/predictions/T1134s1/protenix/rank_001.pdb,results/2026-06-09-combine-8models-gpu/references/T1134s1.pdb,0.964821019220596,0.8278329834792544,0.9674,96.74,0.887,0.9826,1.0,1.0,external_tmscore_matched,,0.9827,0.9674,96.74,True,0.9827,0.83,230,success,
T1134s2,7UBZ,D,protenix,1,results/2026-06-09-combine-8models-gpu,results/2026-06-09-combine-8models-gpu/predictions/T1134s2/protenix/rank_001.pdb,results/2026-06-09-combine-8models-gpu/references/T1134s2.pdb,0.8418725912491499,6.4370195729799535,0.8267,82.67,0.7228,0.8317,0.8564,0.896,external_tmscore_matched,,0.87199,0.8267,82.67,True,0.57017,1.94,187,success,
T1137s1,8FEF,A,protenix,1,results/2026-06-09-combine-8models-gpu,results/2026-06-09-combine-8models-gpu/predictions/T1137s1/protenix/rank_001.pdb,results/2026-06-09-combine-8models-gpu/references/T1137s1.pdb,0.8806635071090048,70.17801400231785,0.2972,29.72,0.2245,0.2628,0.2908,0.4107,external_tmscore_matched,,0.32427,0.2972,29.72,True,0.31301,4.93,171,success,
T1137s2,8FEF,B,protenix,1,results/2026-06-09-combine-8models-gpu,results/2026-06-09-combine-8models-gpu/predictions/T1137s2/protenix/rank_001.pdb,results/2026-06-09-combine-8models-gpu/references/T1137s2.pdb,0.8866766123479459,55.21621974767272,0.3612,36.120000000000005,0.2866,0.3134,0.409,0.4358,external_tmscore_matched,,0.41029,0.3612,36.120000000000005,True,0.40158,3.77,162,success,
T1137s3,8FEF,C,protenix,1,results/2026-06-09-combine-8models-gpu,results/2026-06-09-combine-8models-gpu/predictions/T1137s3/protenix/rank_001.pdb,results/2026-06-09-combine-8models-gpu/references/T1137s3.pdb,0.8788141900272886,55.2770161190375,0.3589,35.89,0.3,0.3226,0.371,0.4419,external_tmscore_matched,,0.41475,0.3589,35.89,True,0.25804,4.3,160,success,
T1137s4,8FEF,D,protenix,1,results/2026-06-09-combine-8models-gpu,results/2026-06-09-combine-8models-gpu/predictions/T1137s4/protenix/rank_001.pdb,results/2026-06-09-combine-8models-gpu/references/T1137s4.pdb,0.8462255772646536,63.53234233133683,0.2909,29.09,0.2468,0.2701,0.2909,0.3558,external_tmscore_matched,,0.31018,0.2909,29.09,True,0.22525,3.28,139,success,
T1137s5,8FEF,E,protenix,1,results/2026-06-09-combine-8models-gpu,results/2026-06-09-combine-8models-gpu/predictions/T1137s5/protenix/rank_001.pdb,results/2026-06-09-combine-8models-gpu/references/T1137s5.pdb,0.8890371688414394,64.48898554061651,0.331,33.1,0.2793,0.3184,0.338,0.3883,external_tmscore_matched,,0.35229,0.331,33.1,True,0.32475,3.05,140,success,
T1137s6,8FEF,F,protenix,1,results/2026-06-09-combine-8models-gpu,results/2026-06-09-combine-8models-gpu/predictions/T1137s6/protenix/rank_001.pdb,results/2026-06-09-combine-8models-gpu/references/T1137s6.pdb,0.8909733550842849,59.536855217075136,0.3026,30.26,0.2206,0.2732,0.3459,0.3709,external_tmscore_matched,,0.34715,0.3026,30.26,True,0.27219,3.76,159,success,
T1137s7,8FEF,G,protenix,1,results/2026-06-09-combine-8models-gpu,results/2026-06-09-combine-8models-gpu/predictions/T1137s7/protenix/rank_001.pdb,results/2026-06-09-combine-8models-gpu/references/T1137s7.pdb,0.8782787420070469,15.262644103800366,0.8186,81.86,0.5552,0.8361,0.9398,0.9431,external_tmscore_matched,,0.95469,0.8186,81.86,True,0.44659,1.45,299,success,
T1137s8,8FEF,I,protenix,1,results/2026-06-09-combine-8models-gpu,results/2026-06-09-combine-8models-gpu/predictions/T1137s8/protenix/rank_001.pdb,results/2026-06-09-combine-8models-gpu/references/T1137s8.pdb,0.9240261788361458,1.470729823669977,0.8982,89.82,0.6917,0.917,0.9842,1.0,external_tmscore_matched,,0.95631,0.8982,89.82,True,0.91108,1.44,253,success,
T1137s9,8FEF,J,protenix,1,results/2026-06-09-combine-8models-gpu,results/2026-06-09-combine-8models-gpu/predictions/T1137s9/protenix/rank_001.pdb,results/2026-06-09-combine-8models-gpu/references/T1137s9.pdb,0.9313543599257884,1.5945632685726536,0.9059,90.59,0.7072,0.9392,0.9772,1.0,external_tmscore_matched,,0.95832,0.9059,90.59,True,0.87442,1.59,263,success,
T1145,7UWW,A,protenix,1,results/2026-06-09-combine-8models-gpu,results/2026-06-09-combine-8models-gpu/predictions/T1145/protenix/rank_001.pdb,results/2026-06-09-combine-8models-gpu/references/T1145.pdb,0.9407698056801196,3.191311605217437,0.7789,77.89,0.5538,0.7263,0.8418,0.9937,external_tmscore_matched,,0.91228,0.7789,77.89,True,0.90819,2.82,624,success,
T1147,8EM5,A,protenix,1,results/2026-06-09-combine-8models-gpu,results/2026-06-09-combine-8models-gpu/predictions/T1147/protenix/rank_001.pdb,results/2026-06-09-combine-8models-gpu/references/T1147.pdb,0.986969851814001,0.4110440512970988,0.9946,99.46,0.9783,1.0,1.0,1.0,external_tmscore_matched,,0.98682,0.9946,99.46,True,0.88283,0.41,92,success,
T1151s2,8D5V,A,protenix,1,results/2026-06-09-combine-8models-gpu,results/2026-06-09-combine-8models-gpu/predictions/T1151s2/protenix/rank_001.pdb,results/2026-06-09-combine-8models-gpu/references/T1151s2.pdb,0.8862079701120797,2.630737582894452,0.881,88.1,0.7024,0.9048,0.9405,0.9762,external_tmscore_matched,,0.88517,0.881,88.1,True,0.65816,1.75,84,success,
T1155,8PBV,A,protenix,1,results/2026-06-09-combine-8models-gpu,results/2026-06-09-combine-8models-gpu/predictions/T1155/protenix/rank_001.pdb,results/2026-06-09-combine-8models-gpu/references/T1155.pdb,0.5936823885763739,6.985943147315068,0.5496,54.96,0.2845,0.4655,0.6034,0.8448,external_tmscore_matched,,0.60873,0.5496,54.96,True,0.60873,3.82,101,success,
T1157s2,8PKO,B,protenix,1,results/2026-06-09-combine-8models-gpu,results/2026-06-09-combine-8models-gpu/predictions/T1157s2/protenix/rank_001.pdb,results/2026-06-09-combine-8models-gpu/references/T1157s2.pdb,0.9075058275058276,10.31646213817761,0.472,47.2,0.2716,0.3276,0.5345,0.7543,external_tmscore_matched,,0.64124,0.472,47.2,True,0.60713,4.57,381,success,
T1159,7PZT,A,protenix,1,results/2026-06-09-combine-8models-gpu,results/2026-06-09-combine-8models-gpu/predictions/T1159/protenix/rank_001.pdb,results/2026-06-09-combine-8models-gpu/references/T1159.pdb,0.9725186104218362,0.5381214929873738,0.9828,98.28,0.9375,0.9938,1.0,1.0,external_tmscore_matched,,0.98792,0.9828,98.28,True,0.98792,0.54,160,success,
T1183,8IFX,B,protenix,1,results/2026-06-09-combine-8models-gpu,results/2026-06-09-combine-8models-gpu/predictions/T1183/protenix/rank_001.pdb,results/2026-06-09-combine-8models-gpu/references/T1183.pdb,0.9616497829232996,0.8012253950191454,0.9756,97.56,0.9179,0.9897,0.9949,1.0,external_tmscore_matched,,0.98212,0.9756,97.56,True,0.95791,0.8,195,success,
T1185s1,8OUY,A,protenix,1,results/2026-06-09-combine-8models-gpu,results/2026-06-09-combine-8models-gpu/predictions/T1185s1/protenix/rank_001.pdb,results/2026-06-09-combine-8models-gpu/references/T1185s1.pdb,0.8476487523992322,10.808937403979568,0.8393,83.93,0.8,0.8286,0.8571,0.8714,external_tmscore_matched,,0.80626,0.8393,83.93,True,0.16947,1.49,61,success,
T1185s2,8OUY,B,protenix,1,results/2026-06-09-combine-8models-gpu,results/2026-06-09-combine-8models-gpu/predictions/T1185s2/protenix/rank_001.pdb,results/2026-06-09-combine-8models-gpu/references/T1185s2.pdb,0.8403234841058675,8.076084967213355,0.7181,71.81,0.5655,0.7125,0.7732,0.8211,external_tmscore_matched,,0.80089,0.7181,71.81,True,0.6722,2.54,272,success,
T1185s4,8OUY,D,protenix,1,results/2026-06-09-combine-8models-gpu,results/2026-06-09-combine-8models-gpu/predictions/T1185s4/protenix/rank_001.pdb,results/2026-06-09-combine-8models-gpu/references/T1185s4.pdb,0.8694767979293769,1.5115492273763398,0.922,92.2,0.7564,0.9487,0.9829,1.0,external_tmscore_matched,,0.95946,0.922,92.2,True,0.80583,1.42,234,success,
T1194,8OKH,A,protenix,1,results/2026-06-09-combine-8models-gpu,results/2026-06-09-combine-8models-gpu/predictions/T1194/protenix/rank_001.pdb,results/2026-06-09-combine-8models-gpu/references/T1194.pdb,0.9772319138019496,0.5771958597174006,0.9878,98.78,0.9573,0.9939,1.0,1.0,external_tmscore_matched,,0.99069,0.9878,98.78,True,0.96731,0.47,164,success,
T1212,9B0L,P,protenix,1,results/2026-06-09-combine-8models-gpu,results/2026-06-09-combine-8models-gpu/predictions/T1212/protenix/rank_001.pdb,results/2026-06-09-combine-8models-gpu/references/T1212.pdb,0.9200258278756572,2.218987744256667,0.7639,76.39,0.3991,0.7082,0.9506,0.9979,external_tmscore_matched,,0.93702,0.7639,76.39,True,0.93702,2.22,466,success,
T1227s1,9N8W,A,protenix,1,results/2026-06-09-combine-8models-gpu,results/2026-06-09-combine-8models-gpu/predictions/T1227s1/protenix/rank_001.pdb,results/2026-06-09-combine-8models-gpu/references/T1227s1.pdb,0.912144769357496,1.1548387209016873,0.8954,89.53999999999999,0.6327,0.9515,0.9974,1.0,external_tmscore_matched,,0.97594,0.8954,89.53999999999999,True,0.89742,1.15,392,success,
T1266,8QFB,A,protenix,1,results/2026-06-09-combine-8models-gpu,results/2026-06-09-combine-8models-gpu/predictions/T1266/protenix/rank_001.pdb,results/2026-06-09-combine-8models-gpu/references/T1266.pdb,0.9567909635274904,0.69193626500196,0.9807,98.07,0.9295,0.9933,1.0,1.0,external_tmscore_matched,,0.98849,0.9807,98.07,True,0.8777,0.69,298,success,
T1272s2,9C3C,a,protenix,1,results/2026-06-09-combine-8models-gpu,results/2026-06-09-combine-8models-gpu/predictions/T1272s2/protenix/rank_001.pdb,results/2026-06-09-combine-8models-gpu/references/T1272s2.pdb,0.8609512677575976,29.421964346971404,0.6632,66.32000000000001,0.5268,0.6814,0.7129,0.7319,external_tmscore_matched,,0.71031,0.6632,66.32000000000001,True,0.62236,1.34,233,success,
T1272s3,9C3C,b,protenix,1,results/2026-06-09-combine-8models-gpu,results/2026-06-09-combine-8models-gpu/predictions/T1272s3/protenix/rank_001.pdb,results/2026-06-09-combine-8models-gpu/references/T1272s3.pdb,0.7646645239051828,26.26957423830449,0.2233,22.33,0.1221,0.1794,0.2214,0.3702,external_tmscore_matched,,0.3892,0.2233,22.33,True,0.33403,5.35,152,success,
T1272s4,9C3C,d,protenix,1,results/2026-06-09-combine-8models-gpu,results/2026-06-09-combine-8models-gpu/predictions/T1272s4/protenix/rank_001.pdb,results/2026-06-09-combine-8models-gpu/references/T1272s4.pdb,0.8174969867416633,17.252702833707882,0.2807,28.07,0.1227,0.197,0.3346,0.4684,external_tmscore_matched,,0.37743,0.2807,28.07,True,0.35523,3.73,129,success,
T1272s5,9C3C,g,protenix,1,results/2026-06-09-combine-8models-gpu,results/2026-06-09-combine-8models-gpu/predictions/T1272s5/protenix/rank_001.pdb,results/2026-06-09-combine-8models-gpu/references/T1272s5.pdb,0.7729816147082333,32.061891446923475,0.2178,21.78,0.1098,0.1553,0.2121,0.3939,external_tmscore_matched,,0.3266,0.2178,21.78,True,0.30322,5.4,133,success,
T1272s6,9C3C,A,protenix,1,results/2026-06-09-combine-8models-gpu,results/2026-06-09-combine-8models-gpu/predictions/T1272s6/protenix/rank_001.pdb,results/2026-06-09-combine-8models-gpu/references/T1272s6.pdb,0.8703110961365679,18.46194756223287,0.5437,54.37,0.4625,0.5375,0.5775,0.5975,external_tmscore_matched,,0.58041,0.5437,54.37,True,0.3756,1.63,241,success,
T1272s7,9C3C,B,protenix,1,results/2026-06-09-combine-8models-gpu,results/2026-06-09-combine-8models-gpu/predictions/T1272s7/protenix/rank_001.pdb,results/2026-06-09-combine-8models-gpu/references/T1272s7.pdb,0.736737400530504,48.5673618279658,0.3828,38.28,0.1862,0.3931,0.469,0.4828,external_tmscore_matched,,0.42719,0.3828,38.28,True,0.26621,2.08,70,success,
T1272s9,9C3C,n,protenix,1,results/2026-06-09-combine-8models-gpu,results/2026-06-09-combine-8models-gpu/predictions/T1272s9/protenix/rank_001.pdb,results/2026-06-09-combine-8models-gpu/references/T1272s9.pdb,0.8669602348545503,2.4225100689928367,0.8829,88.29,0.7029,0.9086,0.9429,0.9771,external_tmscore_matched,,0.91943,0.8829,88.29,True,0.68448,2.05,173,success,
T1280,9F5M,AAA,protenix,1,results/2026-06-09-combine-8models-gpu,results/2026-06-09-combine-8models-gpu/predictions/T1280/protenix/rank_001.pdb,results/2026-06-09-combine-8models-gpu/references/T1280.pdb,0.9643089695588476,0.7786365287357571,0.9754,97.54,0.9231,0.9829,0.9957,1.0,external_tmscore_matched,,0.98717,0.9754,97.54,True,0.97482,0.66,234,success,
T1299,9FJL,A,protenix,1,results/2026-06-09-combine-8models-gpu,results/2026-06-09-combine-8models-gpu/predictions/T1299/protenix/rank_001.pdb,results/2026-06-09-combine-8models-gpu/references/T1299.pdb,0.944886670264436,0.989023091470028,0.942,94.2,0.7917,0.9762,1.0,1.0,external_tmscore_matched,,0.96444,0.942,94.2,True,0.96444,0.99,168,success,
T1104,7ROA,A,af2,1,results/2026-06-09-combine-8models-gpu,results/2026-06-09-combine-8models-gpu/predictions/T1104/af2/rank_001.pdb,results/2026-06-09-combine-8models-gpu/references/T1104.pdb,0.8779863481228669,1.5565307713868923,0.8957,89.57000000000001,0.6435,0.9565,0.9826,1.0,external_tmscore_matched,,0.91919,0.8957,89.57000000000001,True,0.9046,1.56,115,success,
T1106s1,7QIH,B,af2,1,results/2026-06-09-combine-8models-gpu,results/2026-06-09-combine-8models-gpu/predictions/T1106s1/af2/rank_001.pdb,results/2026-06-09-combine-8models-gpu/references/T1106s1.pdb,0.9054332874828062,3.577608054739614,0.7218,72.18,0.4507,0.6479,0.7887,1.0,external_tmscore_matched,,0.7124,0.7218,72.18,True,0.45981,2.79,71,success,
T1106s2,7QIH,A,af2,1,results/2026-06-09-combine-8models-gpu,results/2026-06-09-combine-8models-gpu/predictions/T1106s2/af2/rank_001.pdb,results/2026-06-09-combine-8models-gpu/references/T1106s2.pdb,0.9523495827843654,1.501645872408519,0.9347,93.47,0.8108,0.964,0.964,1.0,external_tmscore_matched,,0.93735,0.9347,93.47,True,0.91388,1.16,110,success,
T1112,8ORK,AAA,af2,1,results/2026-06-09-combine-8models-gpu,results/2026-06-09-combine-8models-gpu/predictions/T1112/af2/rank_001.pdb,results/2026-06-09-combine-8models-gpu/references/T1112.pdb,0.8851189968438112,3.3630817355803595,0.7573,75.73,0.4888,0.7054,0.8527,0.9821,external_tmscore_matched,,0.89039,0.7573,75.73,True,0.86872,2.79,442,success,
T1114s1,7UTD,Q,af2,1,results/2026-06-09-combine-8models-gpu,results/2026-06-09-combine-8models-gpu/predictions/T1114s1/af2/rank_001.pdb,results/2026-06-09-combine-8models-gpu/references/T1114s1.pdb,0.8480769230769231,13.37117199450877,0.7288,72.88,0.4746,0.6949,0.8644,0.8814,external_tmscore_matched,,0.68166,0.7288,72.88,True,0.25846,2.42,57,success,
T1114s2,7UTD,B,af2,1,results/2026-06-09-combine-8models-gpu,results/2026-06-09-combine-8models-gpu/predictions/T1114s2/af2/rank_001.pdb,results/2026-06-09-combine-8models-gpu/references/T1114s2.pdb,0.9206367125762024,1.1811613541064534,0.9387,93.87,0.8137,0.9534,0.9876,1.0,external_tmscore_matched,,0.97575,0.9387,93.87,True,0.85345,1.18,322,success,
T1114s3,7UTD,A,af2,1,results/2026-06-09-combine-8models-gpu,results/2026-06-09-combine-8models-gpu/predictions/T1114s3/af2/rank_001.pdb,results/2026-06-09-combine-8models-gpu/references/T1114s3.pdb,0.9412884420914877,0.8435022708019326,0.96,96.0,0.8477,0.9941,0.998,1.0,external_tmscore_matched,,0.98967,0.96,96.0,True,0.94747,0.84,512,success,
T1120,7QVB,B,af2,1,results/2026-06-09-combine-8models-gpu,results/2026-06-09-combine-8models-gpu/predictions/T1120/af2/rank_001.pdb,results/2026-06-09-combine-8models-gpu/references/T1120.pdb,0.8987063987063986,7.631947048973557,0.5164,51.64,0.3421,0.4693,0.5219,0.7325,external_tmscore_matched,,0.51913,0.5164,51.64,True,0.50822,4.98,190,success,
T1122,8BBT,A,af2,1,results/2026-06-09-combine-8models-gpu,results/2026-06-09-combine-8models-gpu/predictions/T1122/af2/rank_001.pdb,results/2026-06-09-combine-8models-gpu/references/T1122.pdb,0.4196832579185521,23.598504969203443,0.2326,23.26,0.0957,0.1565,0.2348,0.4435,external_tmscore_matched,,0.38702,0.2326,23.26,True,0.37278,5.01,129,success,
T1129s2,8A8C,B,af2,1,results/2026-06-09-combine-8models-gpu,results/2026-06-09-combine-8models-gpu/predictions/T1129s2/af2/rank_001.pdb,results/2026-06-09-combine-8models-gpu/references/T1129s2.pdb,0.6438078703703703,4.867951040875987,0.6738,67.38,0.428,0.5985,0.7481,0.9205,external_tmscore_matched,,0.8565,0.6738,67.38,True,0.71647,3.8,517,success,
T1133,8DYS,A,af2,1,results/2026-06-09-combine-8models-gpu,results/2026-06-09-combine-8models-gpu/predictions/T1133/af2/rank_001.pdb,results/2026-06-09-combine-8models-gpu/references/T1133.pdb,0.913460655587182,8.983100384558677,0.9242,92.42,0.8068,0.9364,0.9707,0.9829,external_tmscore_matched,,0.9792,0.9242,92.42,True,0.688,1.15,409,success,
T1134s1,7UBZ,A,af2,1,results/2026-06-09-combine-8models-gpu,results/2026-06-09-combine-8models-gpu/predictions/T1134s1/af2/rank_001.pdb,results/2026-06-09-combine-8models-gpu/references/T1134s1.pdb,0.9243519661435372,1.2490844532192789,0.9261,92.61,0.7652,0.9478,0.9913,1.0,external_tmscore_matched,,0.96284,0.9261,92.61,True,0.96284,1.25,230,success,
T1134s2,7UBZ,D,af2,1,results/2026-06-09-combine-8models-gpu,results/2026-06-09-combine-8models-gpu/predictions/T1134s2/af2/rank_001.pdb,results/2026-06-09-combine-8models-gpu/references/T1134s2.pdb,0.8320675583767853,6.6020635290455365,0.828,82.8,0.7376,0.8267,0.8564,0.8911,external_tmscore_matched,,0.87177,0.828,82.8,True,0.56976,1.73,186,success,
T1137s1,8FEF,A,af2,1,results/2026-06-09-combine-8models-gpu,results/2026-06-09-combine-8models-gpu/predictions/T1137s1/af2/rank_001.pdb,results/2026-06-09-combine-8models-gpu/references/T1137s1.pdb,0.8939336492890995,32.1859185711586,0.3501,35.010000000000005,0.2347,0.2959,0.4235,0.4464,external_tmscore_matched,,0.40345,0.3501,35.010000000000005,True,0.38788,2.81,176,success,
T1137s2,8FEF,B,af2,1,results/2026-06-09-combine-8models-gpu,results/2026-06-09-combine-8models-gpu/predictions/T1137s2/af2/rank_001.pdb,results/2026-06-09-combine-8models-gpu/references/T1137s2.pdb,0.9344732614184073,42.53839819828597,0.391,39.1,0.2806,0.3881,0.4418,0.4537,external_tmscore_matched,,0.44779,0.391,39.1,True,0.43802,3.66,173,success,
T1137s3,8FEF,C,af2,1,results/2026-06-09-combine-8models-gpu,results/2026-06-09-combine-8models-gpu/predictions/T1137s3/af2/rank_001.pdb,results/2026-06-09-combine-8models-gpu/references/T1137s3.pdb,0.9103820391962292,54.12575388508395,0.3524,35.24,0.3,0.3161,0.3387,0.4548,external_tmscore_matched,,0.39841,0.3524,35.24,True,0.24846,3.75,150,success,
T1137s4,8FEF,D,af2,1,results/2026-06-09-combine-8models-gpu,results/2026-06-09-combine-8models-gpu/predictions/T1137s4/af2/rank_001.pdb,results/2026-06-09-combine-8models-gpu/references/T1137s4.pdb,0.8104351687388988,60.80513127463133,0.3078,30.78,0.2364,0.2935,0.3299,0.3714,external_tmscore_matched,,0.32825,0.3078,30.78,True,0.23585,3.14,142,success,
T1137s5,8FEF,E,af2,1,results/2026-06-09-combine-8models-gpu,results/2026-06-09-combine-8models-gpu/predictions/T1137s5/af2/rank_001.pdb,results/2026-06-09-combine-8models-gpu/references/T1137s5.pdb,0.9152332937920126,16.896486075626374,0.3785,37.85,0.2849,0.338,0.4078,0.4832,external_tmscore_matched,,0.44858,0.3785,37.85,True,0.41465,4.21,192,success,
T1137s6,8FEF,F,af2,1,results/2026-06-09-combine-8models-gpu,results/2026-06-09-combine-8models-gpu/predictions/T1137s6/af2/rank_001.pdb,results/2026-06-09-combine-8models-gpu/references/T1137s6.pdb,0.9113648722131592,19.93448521568467,0.339,33.900000000000006,0.2256,0.2882,0.3985,0.4436,external_tmscore_matched,,0.42447,0.339,33.900000000000006,True,0.34592,5.43,246,success,
T1137s7,8FEF,G,af2,1,results/2026-06-09-combine-8models-gpu,results/2026-06-09-combine-8models-gpu/predictions/T1137s7/af2/rank_001.pdb,results/2026-06-09-combine-8models-gpu/references/T1137s7.pdb,0.8757014224194181,14.1954725033778,0.837,83.7,0.6054,0.8595,0.9398,0.9431,external_tmscore_matched,,0.95857,0.837,83.7,True,0.44752,1.39,299,success,
T1137s8,8FEF,I,af2,1,results/2026-06-09-combine-8models-gpu,results/2026-06-09-combine-8models-gpu/predictions/T1137s8/af2/rank_001.pdb,results/2026-06-09-combine-8models-gpu/references/T1137s8.pdb,0.9196104715344584,1.3037005850428185,0.9061,90.61,0.6719,0.9565,0.996,1.0,external_tmscore_matched,,0.96285,0.9061,90.61,True,0.91714,1.27,253,success,
T1137s9,8FEF,J,af2,1,results/2026-06-09-combine-8models-gpu,results/2026-06-09-combine-8models-gpu/predictions/T1137s9/af2/rank_001.pdb,results/2026-06-09-combine-8models-gpu/references/T1137s9.pdb,0.9378092145949288,1.591403758825392,0.8869,88.69,0.6578,0.9087,0.981,1.0,external_tmscore_matched,,0.94774,0.8869,88.69,True,0.86563,1.59,263,success,
T1145,7UWW,A,af2,1,results/2026-06-09-combine-8models-gpu,results/2026-06-09-combine-8models-gpu/predictions/T1145/af2/rank_001.pdb,results/2026-06-09-combine-8models-gpu/references/T1145.pdb,0.932376106703461,3.243340298664598,0.7737,77.37,0.5396,0.7073,0.8544,0.9937,external_tmscore_matched,,0.90711,0.7737,77.37,True,0.90307,2.86,623,success,
T1147,8EM5,A,af2,1,results/2026-06-09-combine-8models-gpu,results/2026-06-09-combine-8models-gpu/predictions/T1147/af2/rank_001.pdb,results/2026-06-09-combine-8models-gpu/references/T1147.pdb,0.9583546244251404,0.5590734789707198,0.9864,98.64,0.9457,1.0,1.0,1.0,external_tmscore_matched,,0.97584,0.9864,98.64,True,0.87417,0.56,92,success,
T1151s2,8D5V,A,af2,1,results/2026-06-09-combine-8models-gpu,results/2026-06-09-combine-8models-gpu/predictions/T1151s2/af2/rank_001.pdb,results/2026-06-09-combine-8models-gpu/references/T1151s2.pdb,0.87686799501868,1.86975474630148,0.8929,89.29,0.7262,0.8929,0.9524,1.0,external_tmscore_matched,,0.87765,0.8929,89.29,True,0.65379,1.87,84,success,
T1155,8PBV,A,af2,1,results/2026-06-09-combine-8models-gpu,results/2026-06-09-combine-8models-gpu/predictions/T1155/af2/rank_001.pdb,results/2026-06-09-combine-8models-gpu/references/T1155.pdb,0.6101254868022501,7.520978501908551,0.5841,58.41,0.3017,0.4569,0.6983,0.8793,external_tmscore_matched,,0.60574,0.5841,58.41,True,0.60574,3.63,100,success,
T1157s2,8PKO,B,af2,1,results/2026-06-09-combine-8models-gpu,results/2026-06-09-combine-8models-gpu/predictions/T1157s2/af2/rank_001.pdb,results/2026-06-09-combine-8models-gpu/references/T1157s2.pdb,0.9195804195804196,6.634234451176138,0.5528,55.28,0.2672,0.3772,0.6315,0.9353,external_tmscore_matched,,0.76603,0.5528,55.28,True,0.72476,4.26,444,success,
T1159,7PZT,A,af2,1,results/2026-06-09-combine-8models-gpu,results/2026-06-09-combine-8models-gpu/predictions/T1159/af2/rank_001.pdb,results/2026-06-09-combine-8models-gpu/references/T1159.pdb,0.963895781637717,0.6684091000721666,0.975,97.5,0.9062,0.9938,1.0,1.0,external_tmscore_matched,,0.98119,0.975,97.5,True,0.98119,0.67,160,success,
T1183,8IFX,B,af2,1,results/2026-06-09-combine-8models-gpu,results/2026-06-09-combine-8models-gpu/predictions/T1183/af2/rank_001.pdb,results/2026-06-09-combine-8models-gpu/references/T1183.pdb,0.9460926193921853,1.212480469817416,0.9551,95.51,0.8667,0.9641,0.9897,1.0,external_tmscore_matched,,0.97055,0.9551,95.51,True,0.9468,1.17,195,success,
T1185s1,8OUY,A,af2,1,results/2026-06-09-combine-8models-gpu,results/2026-06-09-combine-8models-gpu/predictions/T1185s1/af2/rank_001.pdb,results/2026-06-09-combine-8models-gpu/references/T1185s1.pdb,0.8565259117082533,8.93166319457794,0.85,85.0,0.7857,0.8714,0.8714,0.8714,external_tmscore_matched,,0.83254,0.85,85.0,True,0.18088,1.56,66,success,
T1185s2,8OUY,B,af2,1,results/2026-06-09-combine-8models-gpu,results/2026-06-09-combine-8models-gpu/predictions/T1185s2/af2/rank_001.pdb,results/2026-06-09-combine-8models-gpu/references/T1185s2.pdb,0.8554474163282454,7.596197308021409,0.7308,73.08,0.6006,0.7157,0.7668,0.8403,external_tmscore_matched,,0.82528,0.7308,73.08,True,0.69362,2.53,283,success,
T1185s4,8OUY,D,af2,1,results/2026-06-09-combine-8models-gpu,results/2026-06-09-combine-8models-gpu/predictions/T1185s4/af2/rank_001.pdb,results/2026-06-09-combine-8models-gpu/references/T1185s4.pdb,0.8715566648178961,1.5131201871404447,0.9284,92.84,0.7821,0.9487,0.9829,1.0,external_tmscore_matched,,0.96063,0.9284,92.84,True,0.8067,1.4,234,success,
T1194,8OKH,A,af2,1,results/2026-06-09-combine-8models-gpu,results/2026-06-09-combine-8models-gpu/predictions/T1194/af2/rank_001.pdb,results/2026-06-09-combine-8models-gpu/references/T1194.pdb,0.8805156490507953,1.969270835679928,0.8643,86.42999999999999,0.622,0.8659,0.9695,1.0,external_tmscore_matched,,0.90513,0.8643,86.42999999999999,True,0.88505,1.97,164,success,
T1212,9B0L,P,af2,1,results/2026-06-09-combine-8models-gpu,results/2026-06-09-combine-8models-gpu/predictions/T1212/af2/rank_001.pdb,results/2026-06-09-combine-8models-gpu/references/T1212.pdb,0.9240614334470988,2.286533270866999,0.7859,78.59,0.4893,0.6974,0.9635,0.9936,external_tmscore_matched,,0.9357,0.7859,78.59,True,0.9357,2.19,465,success,
T1227s1,9N8W,A,af2,1,results/2026-06-09-combine-8models-gpu,results/2026-06-09-combine-8models-gpu/predictions/T1227s1/af2/rank_001.pdb,results/2026-06-09-combine-8models-gpu/references/T1227s1.pdb,0.9091330313014828,1.1928052996748917,0.9082,90.82,0.6964,0.9413,0.9949,1.0,external_tmscore_matched,,0.97486,0.9082,90.82,True,0.89646,1.19,392,success,
T1266,8QFB,A,af2,1,results/2026-06-09-combine-8models-gpu,results/2026-06-09-combine-8models-gpu/predictions/T1266/af2/rank_001.pdb,results/2026-06-09-combine-8models-gpu/references/T1266.pdb,0.6836213935764834,14.338844980697914,0.568,56.8,0.4732,0.5872,0.5973,0.6141,external_tmscore_matched,,0.65437,0.568,56.8,True,0.5849,3.89,227,success,
T1272s2,9C3C,a,af2,1,results/2026-06-09-combine-8models-gpu,results/2026-06-09-combine-8models-gpu/predictions/T1272s2/af2/rank_001.pdb,results/2026-06-09-combine-8models-gpu/references/T1272s2.pdb,0.864502787268477,38.44970412696788,0.6538,65.38000000000001,0.5016,0.6656,0.7161,0.7319,external_tmscore_matched,,0.70637,0.6538,65.38000000000001,True,0.61923,1.44,233,success,
T1272s3,9C3C,b,af2,1,results/2026-06-09-combine-8models-gpu,results/2026-06-09-combine-8models-gpu/predictions/T1272s3/af2/rank_001.pdb,results/2026-06-09-combine-8models-gpu/references/T1272s3.pdb,0.8075532342306146,11.214157308075286,0.2824,28.24,0.145,0.1908,0.2748,0.5191,external_tmscore_matched,,0.47625,0.2824,28.24,True,0.41216,5.08,192,success,
T1272s4,9C3C,d,af2,1,results/2026-06-09-combine-8models-gpu,results/2026-06-09-combine-8models-gpu/predictions/T1272s4/af2/rank_001.pdb,results/2026-06-09-combine-8models-gpu/references/T1272s4.pdb,0.8592808356769788,11.847923228688035,0.342,34.2,0.145,0.2788,0.4089,0.5353,external_tmscore_matched,,0.47367,0.342,34.2,True,0.44637,4.44,173,success,
T1272s5,9C3C,g,af2,1,results/2026-06-09-combine-8models-gpu,results/2026-06-09-combine-8models-gpu/predictions/T1272s5/af2/rank_001.pdb,results/2026-06-09-combine-8models-gpu/references/T1272s5.pdb,0.8495203836930455,11.51057352052228,0.3523,35.23,0.1288,0.2765,0.4242,0.5795,external_tmscore_matched,,0.48204,0.3523,35.23,True,0.4467,4.78,184,success,
T1272s6,9C3C,A,af2,1,results/2026-06-09-combine-8models-gpu,results/2026-06-09-combine-8models-gpu/predictions/T1272s6/af2/rank_001.pdb,results/2026-06-09-combine-8models-gpu/references/T1272s6.pdb,0.8927729110512129,19.919265675575637,0.5581,55.81,0.52,0.55,0.5675,0.595,external_tmscore_matched,,0.6072,0.5581,55.81,True,0.39487,3.08,263,success,
T1272s7,9C3C,B,af2,1,results/2026-06-09-combine-8models-gpu,results/2026-06-09-combine-8models-gpu/predictions/T1272s7/af2/rank_001.pdb,results/2026-06-09-combine-8models-gpu/references/T1272s7.pdb,0.7581233421750663,34.3530995844346,0.3966,39.66,0.2345,0.4,0.469,0.4828,external_tmscore_matched,,0.42941,0.3966,39.66,True,0.26676,2.06,70,success,
T1272s9,9C3C,n,af2,1,results/2026-06-09-combine-8models-gpu,results/2026-06-09-combine-8models-gpu/predictions/T1272s9/af2/rank_001.pdb,results/2026-06-09-combine-8models-gpu/references/T1272s9.pdb,0.8766346410461703,1.6422068903061535,0.9129,91.29,0.7657,0.9143,0.9714,1.0,external_tmscore_matched,,0.94433,0.9129,91.29,True,0.70211,1.49,175,success,
T1280,9F5M,AAA,af2,1,results/2026-06-09-combine-8models-gpu,results/2026-06-09-combine-8models-gpu/predictions/T1280/af2/rank_001.pdb,results/2026-06-09-combine-8models-gpu/references/T1280.pdb,0.940297900048836,0.871127793758384,0.9573,95.73,0.8547,0.9744,1.0,1.0,external_tmscore_matched,,0.97967,0.9573,95.73,True,0.96749,0.85,234,success,
T1299,9FJL,A,af2,1,results/2026-06-09-combine-8models-gpu,results/2026-06-09-combine-8models-gpu/predictions/T1299/af2/rank_001.pdb,results/2026-06-09-combine-8models-gpu/references/T1299.pdb,0.9494738262277388,0.8139905182924356,0.9613,96.13,0.8512,0.994,1.0,1.0,external_tmscore_matched,,0.97398,0.9613,96.13,True,0.97398,0.81,168,success,
